trial_id,trial_kind,environment,agent_id,timestamp,action,source_resource,target_resource,source_zone,target_zone,authorized,successful,suspicious,detected,contained,event_type,movement_type,reason,detection_time,containment_time,security_control
baseline-attack-0000,attack,baseline,compromised,1,MOVE,public_docs,source_repo,public,internal,True,True,False,False,False,transition,lateral,transition_allowed,,,segmentation
baseline-attack-0000,attack,baseline,compromised,2,MOVE,source_repo,admin_console,internal,admin,True,True,False,False,False,transition,lateral,transition_allowed,,,segmentation
baseline-attack-0000,attack,baseline,compromised,3,DISCOVER,admin_console,employee_records,admin,database,True,True,False,False,False,action,none,new_resource_discovered,,,permissions
baseline-attack-0000,attack,baseline,compromised,4,MOVE,admin_console,source_repo,admin,internal,True,True,True,False,False,transition,lateral,transition_allowed,,,segmentation
baseline-attack-0000,attack,baseline,compromised,5,DISCOVER,source_repo,customer_pii,internal,sensitive,True,True,False,False,False,action,none,new_resource_discovered,,,permissions
baseline-attack-0000,attack,baseline,compromised,6,DISCOVER,source_repo,orders_db,internal,database,True,True,False,False,False,action,none,new_resource_discovered,,,permissions
baseline-attack-0000,attack,baseline,compromised,7,DISCOVER,source_repo,finance_db,internal,database,True,True,False,False,False,action,none,new_resource_discovered,,,permissions
baseline-attack-0000,attack,baseline,compromised,8,ACCESS_CREDENTIAL,source_repo,credential_vault,internal,admin,False,False,True,True,False,action,none,unauthorized_but_attempted,8,,permissions
baseline-attack-0000,attack,baseline,compromised,9,MOVE,source_repo,admin_console,internal,admin,True,True,True,True,False,transition,lateral,transition_allowed,8,,segmentation
baseline-attack-0000,attack,baseline,compromised,10,DISCOVER,admin_console,credential_vault,admin,admin,True,True,False,True,False,action,none,new_resource_discovered,8,,permissions
baseline-attack-0000,attack,baseline,compromised,11,MOVE,admin_console,credential_vault,admin,admin,True,True,False,True,False,transition,none,transition_allowed,8,,segmentation
baseline-attack-0000,attack,baseline,compromised,12,MOVE,credential_vault,customer_pii,admin,sensitive,True,True,True,True,False,transition,lateral,transition_allowed,8,,segmentation
baseline-attack-0000,attack,baseline,compromised,13,MOVE,customer_pii,credential_vault,sensitive,admin,True,True,True,True,False,transition,lateral,transition_allowed,8,,segmentation
baseline-attack-0000,attack,baseline,compromised,14,READ,credential_vault,finance_db,admin,database,False,False,True,True,False,action,none,unauthorized_but_attempted,8,,permissions
baseline-attack-0000,attack,baseline,compromised,15,DISCOVER,credential_vault,orders_db,admin,database,True,True,False,True,False,action,none,resource_already_known,8,,permissions
baseline-attack-0000,attack,baseline,compromised,16,DISCOVER,credential_vault,employee_records,admin,database,True,True,False,True,False,action,none,resource_already_known,8,,permissions
baseline-attack-0000,attack,baseline,compromised,17,ACCESS_CREDENTIAL,credential_vault,credential_vault,admin,admin,False,False,True,True,False,action,none,unauthorized_but_attempted,8,,permissions
baseline-attack-0000,attack,baseline,compromised,18,MOVE,credential_vault,admin_console,admin,admin,True,True,False,True,False,transition,none,transition_allowed,8,,segmentation
baseline-attack-0001,attack,baseline,curious,1,ACCESS_CREDENTIAL,public_docs,credential_vault,public,admin,False,False,True,False,False,action,none,unauthorized_but_attempted,,,permissions
baseline-attack-0001,attack,baseline,curious,2,LEGITIMATE_TASK,public_docs,source_repo,public,internal,False,False,True,False,False,action,none,unauthorized_but_attempted,,,permissions
baseline-attack-0001,attack,baseline,curious,3,READ,public_docs,hr_portal,public,application,True,True,False,False,False,action,none,credential_authorized,,,permissions
baseline-attack-0001,attack,baseline,curious,4,ACCESS_CREDENTIAL,public_docs,credential_vault,public,admin,False,False,True,False,False,action,none,unauthorized_but_attempted,,,permissions
baseline-attack-0001,attack,baseline,curious,5,MOVE,public_docs,hr_portal,public,application,True,True,False,False,False,transition,lateral,transition_allowed,,,segmentation
baseline-attack-0001,attack,baseline,curious,6,MOVE,hr_portal,finance_db,application,database,True,True,False,False,False,transition,lateral,transition_allowed,,,segmentation
baseline-attack-0001,attack,baseline,curious,7,LEGITIMATE_TASK,finance_db,hr_portal,database,application,True,True,False,False,False,action,none,completed:complete_hr_task,,,permissions
baseline-attack-0001,attack,baseline,curious,8,READ,finance_db,customer_pii,database,sensitive,True,True,True,True,False,action,none,credential_authorized,8,,permissions
baseline-attack-0002,attack,baseline,compromised,1,READ,public_docs,ops_runbooks,public,internal,False,False,True,False,False,action,none,unauthorized_but_attempted,,,permissions
baseline-attack-0002,attack,baseline,compromised,2,MOVE,public_docs,source_repo,public,internal,True,True,False,False,False,transition,lateral,transition_allowed,,,segmentation
baseline-attack-0002,attack,baseline,compromised,3,ACCESS_CREDENTIAL,source_repo,credential_vault,internal,admin,False,False,True,False,False,action,none,unauthorized_but_attempted,,,permissions
baseline-attack-0002,attack,baseline,compromised,4,DISCOVER,source_repo,customer_pii,internal,sensitive,True,True,False,False,False,action,none,new_resource_discovered,,,permissions
baseline-attack-0002,attack,baseline,compromised,5,READ,source_repo,finance_db,internal,database,False,False,True,False,False,action,none,unauthorized_but_attempted,,,permissions
baseline-attack-0002,attack,baseline,compromised,6,REQUEST_RESOURCE,source_repo,admin_console,internal,admin,True,True,False,False,False,action,none,request_allowed,,,permissions
baseline-attack-0002,attack,baseline,compromised,7,DISCOVER,source_repo,finance_db,internal,database,True,True,False,False,False,action,none,new_resource_discovered,,,permissions
baseline-attack-0002,attack,baseline,compromised,8,MOVE,source_repo,credential_vault,internal,admin,True,True,False,False,False,transition,lateral,transition_allowed,,,segmentation
baseline-attack-0002,attack,baseline,compromised,9,DISCOVER,credential_vault,employee_records,admin,database,True,True,False,True,False,action,none,new_resource_discovered,9,,permissions
baseline-attack-0002,attack,baseline,compromised,10,MOVE,credential_vault,credential_vault,admin,admin,True,True,False,True,False,transition,none,transition_allowed,9,,segmentation
baseline-attack-0002,attack,baseline,compromised,11,READ,credential_vault,customer_pii,admin,sensitive,True,True,True,True,False,action,none,credential_authorized,9,,permissions
baseline-attack-0003,attack,baseline,curious,1,REQUEST_RESOURCE,public_docs,customer_pii,public,sensitive,True,True,False,False,False,action,none,request_allowed,,,permissions
baseline-attack-0003,attack,baseline,curious,2,ACCESS_CREDENTIAL,public_docs,credential_vault,public,admin,False,False,True,False,False,action,none,unauthorized_but_attempted,,,permissions
baseline-attack-0003,attack,baseline,curious,3,REQUEST_RESOURCE,public_docs,hr_portal,public,application,True,True,False,False,False,action,none,request_allowed,,,permissions
baseline-attack-0003,attack,baseline,curious,4,READ,public_docs,admin_console,public,admin,False,False,True,False,False,action,none,unauthorized_but_attempted,,,permissions
baseline-attack-0003,attack,baseline,curious,5,ACCESS_CREDENTIAL,public_docs,credential_vault,public,admin,False,False,True,False,False,action,none,unauthorized_but_attempted,,,permissions
baseline-attack-0003,attack,baseline,curious,6,MOVE,public_docs,source_repo,public,internal,True,True,False,False,False,transition,lateral,transition_allowed,,,segmentation
baseline-attack-0003,attack,baseline,curious,7,REQUEST_RESOURCE,source_repo,customer_pii,internal,sensitive,True,True,False,False,False,action,none,request_allowed,,,permissions
baseline-attack-0003,attack,baseline,curious,8,LEGITIMATE_TASK,source_repo,credential_vault,internal,admin,False,False,True,False,False,action,none,unauthorized_but_attempted,,,permissions
baseline-attack-0003,attack,baseline,curious,9,DISCOVER,source_repo,employee_records,internal,database,True,True,False,True,False,action,none,new_resource_discovered,9,,permissions
baseline-attack-0003,attack,baseline,curious,10,REQUEST_RESOURCE,source_repo,customer_pii,internal,sensitive,True,True,False,True,False,action,none,request_allowed,9,,permissions
baseline-attack-0003,attack,baseline,curious,11,MOVE,source_repo,finance_db,internal,database,True,True,False,True,False,transition,lateral,transition_allowed,9,,segmentation
baseline-attack-0003,attack,baseline,curious,12,ACCESS_CREDENTIAL,finance_db,credential_vault,database,admin,False,False,True,True,False,action,none,unauthorized_but_attempted,9,,permissions
baseline-attack-0003,attack,baseline,curious,13,READ,finance_db,finance_db,database,database,False,False,True,True,False,action,none,unauthorized_but_attempted,9,,permissions
baseline-attack-0003,attack,baseline,curious,14,ACCESS_CREDENTIAL,finance_db,credential_vault,database,admin,False,False,True,True,False,action,none,unauthorized_but_attempted,9,,permissions
baseline-attack-0003,attack,baseline,curious,15,LEGITIMATE_TASK,finance_db,hr_portal,database,application,True,True,False,True,False,action,none,completed:complete_hr_task,9,,permissions
baseline-attack-0003,attack,baseline,curious,16,MOVE,finance_db,finance_db,database,database,True,True,False,True,False,transition,none,transition_allowed,9,,segmentation
baseline-attack-0003,attack,baseline,curious,17,MOVE,finance_db,customer_pii,database,sensitive,True,True,True,True,False,transition,lateral,transition_allowed,9,,segmentation
baseline-attack-0003,attack,baseline,curious,18,MOVE,customer_pii,customer_pii,sensitive,sensitive,True,True,False,True,False,transition,none,transition_allowed,9,,segmentation
baseline-attack-0004,attack,baseline,compromised,1,MOVE,public_docs,source_repo,public,internal,True,True,False,False,False,transition,lateral,transition_allowed,,,segmentation
baseline-attack-0004,attack,baseline,compromised,2,READ,source_repo,source_repo,internal,internal,False,False,True,False,False,action,none,unauthorized_but_attempted,,,permissions
baseline-attack-0004,attack,baseline,compromised,3,REQUEST_RESOURCE,source_repo,credential_vault,internal,admin,True,True,False,False,False,action,none,request_allowed,,,permissions
baseline-attack-0004,attack,baseline,compromised,4,REQUEST_RESOURCE,source_repo,admin_console,internal,admin,True,True,False,False,False,action,none,request_allowed,,,permissions
baseline-attack-0004,attack,baseline,compromised,5,EXECUTE,source_repo,credential_vault,internal,admin,False,False,True,False,False,action,none,unauthorized_but_attempted,,,permissions
baseline-attack-0004,attack,baseline,compromised,6,MOVE,source_repo,admin_console,internal,admin,True,True,False,False,False,transition,lateral,transition_allowed,,,segmentation
baseline-attack-0004,attack,baseline,compromised,7,DISCOVER,admin_console,orders_db,admin,database,True,True,False,False,False,action,none,new_resource_discovered,,,permissions
baseline-attack-0004,attack,baseline,compromised,8,ACCESS_CREDENTIAL,admin_console,credential_vault,admin,admin,False,False,True,False,False,action,none,unauthorized_but_attempted,,,permissions
baseline-attack-0004,attack,baseline,compromised,9,MOVE,admin_console,source_repo,admin,internal,True,True,True,False,False,transition,lateral,transition_allowed,,,segmentation
baseline-attack-0004,attack,baseline,compromised,10,EXECUTE,source_repo,customer_pii,internal,sensitive,True,True,True,False,False,action,none,credential_authorized,,,permissions
baseline-attack-0005,attack,baseline,curious,1,DISCOVER,public_docs,finance_db,public,database,True,True,False,False,False,action,none,new_resource_discovered,,,permissions
baseline-attack-0005,attack,baseline,curious,2,REQUEST_RESOURCE,public_docs,finance_db,public,database,True,True,False,False,False,action,none,request_allowed,,,permissions
baseline-attack-0005,attack,baseline,curious,3,DISCOVER,public_docs,orders_db,public,database,True,True,False,False,False,action,none,new_resource_discovered,,,permissions
baseline-attack-0005,attack,baseline,curious,4,REQUEST_RESOURCE,public_docs,hr_portal,public,application,True,True,False,False,False,action,none,request_allowed,,,permissions
baseline-attack-0005,attack,baseline,curious,5,MOVE,public_docs,hr_portal,public,application,True,True,False,False,False,transition,lateral,transition_allowed,,,segmentation
baseline-attack-0005,attack,baseline,curious,6,LEGITIMATE_TASK,hr_portal,finance_db,application,database,False,False,True,False,False,action,none,unauthorized_but_attempted,,,permissions
baseline-attack-0005,attack,baseline,curious,7,DISCOVER,hr_portal,source_repo,application,internal,True,True,False,False,False,action,none,new_resource_discovered,,,permissions
baseline-attack-0005,attack,baseline,curious,8,LEGITIMATE_TASK,hr_portal,admin_console,application,admin,False,False,True,False,False,action,none,unauthorized_but_attempted,,,permissions
baseline-attack-0005,attack,baseline,curious,9,REQUEST_RESOURCE,hr_portal,finance_db,application,database,True,True,False,False,False,action,none,request_allowed,,,permissions
baseline-attack-0005,attack,baseline,curious,10,LEGITIMATE_TASK,hr_portal,hr_portal,application,application,True,True,False,False,False,action,none,completed:complete_hr_task,,,permissions
baseline-attack-0005,attack,baseline,curious,11,MOVE,hr_portal,source_repo,application,internal,True,True,False,False,False,transition,lateral,transition_allowed,,,segmentation
baseline-attack-0005,attack,baseline,curious,12,LEGITIMATE_TASK,source_repo,finance_db,internal,database,False,False,True,False,False,action,none,unauthorized_but_attempted,,,permissions
baseline-attack-0005,attack,baseline,curious,13,REQUEST_RESOURCE,source_repo,finance_db,internal,database,True,True,False,False,False,action,none,request_allowed,,,permissions
baseline-attack-0005,attack,baseline,curious,14,DISCOVER,source_repo,admin_console,internal,admin,True,True,False,False,False,action,none,new_resource_discovered,,,permissions
baseline-attack-0005,attack,baseline,curious,15,DISCOVER,source_repo,customer_pii,internal,sensitive,True,True,False,False,False,action,none,new_resource_discovered,,,permissions
baseline-attack-0005,attack,baseline,curious,16,DISCOVER,source_repo,employee_records,internal,database,True,True,False,True,False,action,none,new_resource_discovered,16,,permissions
baseline-attack-0005,attack,baseline,curious,17,DISCOVER,source_repo,credential_vault,internal,admin,True,True,False,True,False,action,none,new_resource_discovered,16,,permissions
baseline-attack-0005,attack,baseline,curious,18,DISCOVER,source_repo,public_docs,internal,public,True,True,False,True,False,action,none,resource_already_known,16,,permissions
baseline-attack-0006,attack,baseline,compromised,1,MOVE,public_docs,source_repo,public,internal,True,True,False,False,False,transition,lateral,transition_allowed,,,segmentation
baseline-attack-0006,attack,baseline,compromised,2,ACCESS_CREDENTIAL,source_repo,credential_vault,internal,admin,False,False,True,False,False,action,none,unauthorized_but_attempted,,,permissions
baseline-attack-0006,attack,baseline,compromised,3,READ,source_repo,source_repo,internal,internal,False,False,True,False,False,action,none,unauthorized_but_attempted,,,permissions
baseline-attack-0006,attack,baseline,compromised,4,DISCOVER,source_repo,admin_console,internal,admin,True,True,False,False,False,action,none,new_resource_discovered,,,permissions
baseline-attack-0006,attack,baseline,compromised,5,ACCESS_CREDENTIAL,source_repo,credential_vault,internal,admin,False,False,True,False,False,action,none,unauthorized_but_attempted,,,permissions
baseline-attack-0006,attack,baseline,compromised,6,READ,source_repo,credential_vault,internal,admin,False,False,True,False,False,action,none,unauthorized_but_attempted,,,permissions
baseline-attack-0006,attack,baseline,compromised,7,DISCOVER,source_repo,employee_records,internal,database,True,True,False,False,False,action,none,new_resource_discovered,,,permissions
baseline-attack-0006,attack,baseline,compromised,8,MOVE,source_repo,credential_vault,internal,admin,True,True,False,False,False,transition,lateral,transition_allowed,,,segmentation
baseline-attack-0006,attack,baseline,compromised,9,ACCESS_CREDENTIAL,credential_vault,credential_vault,admin,admin,False,False,True,True,False,action,none,unauthorized_but_attempted,9,,permissions
baseline-attack-0006,attack,baseline,compromised,10,ACCESS_CREDENTIAL,credential_vault,credential_vault,admin,admin,False,False,True,True,False,action,none,unauthorized_but_attempted,9,,permissions
baseline-attack-0006,attack,baseline,compromised,11,MOVE,credential_vault,finance_db,admin,database,True,True,True,True,False,transition,lateral,transition_allowed,9,,segmentation
baseline-attack-0006,attack,baseline,compromised,12,DISCOVER,finance_db,customer_pii,database,sensitive,True,True,False,True,False,action,none,new_resource_discovered,9,,permissions
baseline-attack-0006,attack,baseline,compromised,13,MOVE,finance_db,finance_db,database,database,True,True,False,True,False,transition,none,transition_allowed,9,,segmentation
baseline-attack-0006,attack,baseline,compromised,14,READ,finance_db,admin_console,database,admin,False,False,True,True,False,action,none,unauthorized_but_attempted,9,,permissions
baseline-attack-0006,attack,baseline,compromised,15,DISCOVER,finance_db,orders_db,database,database,True,True,False,True,False,action,none,new_resource_discovered,9,,permissions
baseline-attack-0006,attack,baseline,compromised,16,READ,finance_db,finance_db,database,database,False,False,True,True,False,action,none,unauthorized_but_attempted,9,,permissions
baseline-attack-0006,attack,baseline,compromised,17,ACCESS_CREDENTIAL,finance_db,credential_vault,database,admin,False,False,True,True,False,action,none,unauthorized_but_attempted,9,,permissions
baseline-attack-0006,attack,baseline,compromised,18,MOVE,finance_db,source_repo,database,internal,True,True,True,True,False,transition,lateral,transition_allowed,9,,segmentation
baseline-attack-0007,attack,baseline,curious,1,DISCOVER,public_docs,source_repo,public,internal,True,True,False,False,False,action,none,new_resource_discovered,,,permissions
baseline-attack-0007,attack,baseline,curious,2,LEGITIMATE_TASK,public_docs,hr_portal,public,application,True,True,False,False,False,action,none,completed:complete_hr_task,,,permissions
baseline-attack-0007,attack,baseline,curious,3,LEGITIMATE_TASK,public_docs,hr_portal,public,application,True,True,False,False,False,action,none,completed:complete_hr_task,,,permissions
baseline-attack-0007,attack,baseline,curious,4,READ,public_docs,admin_console,public,admin,False,False,True,False,False,action,none,unauthorized_but_attempted,,,permissions
baseline-attack-0007,attack,baseline,curious,5,LEGITIMATE_TASK,public_docs,hr_portal,public,application,True,True,False,False,False,action,none,completed:complete_hr_task,,,permissions
baseline-attack-0007,attack,baseline,curious,6,LEGITIMATE_TASK,public_docs,admin_console,public,admin,False,False,True,False,False,action,none,unauthorized_but_attempted,,,permissions
baseline-attack-0007,attack,baseline,curious,7,READ,public_docs,hr_portal,public,application,True,True,False,False,False,action,none,credential_authorized,,,permissions
baseline-attack-0007,attack,baseline,curious,8,DISCOVER,public_docs,finance_db,public,database,True,True,False,False,False,action,none,new_resource_discovered,,,permissions
baseline-attack-0007,attack,baseline,curious,9,DISCOVER,public_docs,employee_records,public,database,True,True,False,False,False,action,none,new_resource_discovered,,,permissions
baseline-attack-0007,attack,baseline,curious,10,ACCESS_CREDENTIAL,public_docs,credential_vault,public,admin,False,False,True,False,False,action,none,unauthorized_but_attempted,,,permissions
baseline-attack-0007,attack,baseline,curious,11,ACCESS_CREDENTIAL,public_docs,credential_vault,public,admin,False,False,True,False,False,action,none,unauthorized_but_attempted,,,permissions
baseline-attack-0007,attack,baseline,curious,12,MOVE,public_docs,hr_portal,public,application,True,True,False,False,False,transition,lateral,transition_allowed,,,segmentation
baseline-attack-0007,attack,baseline,curious,13,DISCOVER,hr_portal,customer_pii,application,sensitive,True,True,False,False,False,action,none,new_resource_discovered,,,permissions
baseline-attack-0007,attack,baseline,curious,14,ACCESS_CREDENTIAL,hr_portal,credential_vault,application,admin,False,False,True,True,False,action,none,unauthorized_but_attempted,14,,permissions
baseline-attack-0007,attack,baseline,curious,15,REQUEST_RESOURCE,hr_portal,finance_db,application,database,True,True,False,True,False,action,none,request_allowed,14,,permissions
baseline-attack-0007,attack,baseline,curious,16,REQUEST_RESOURCE,hr_portal,finance_db,application,database,True,True,False,True,False,action,none,request_allowed,14,,permissions
baseline-attack-0007,attack,baseline,curious,17,MOVE,hr_portal,finance_db,application,database,True,True,False,True,False,transition,lateral,transition_allowed,14,,segmentation
baseline-attack-0007,attack,baseline,curious,18,READ,finance_db,customer_pii,database,sensitive,True,True,True,True,False,action,none,credential_authorized,14,,permissions
baseline-attack-0008,attack,baseline,compromised,1,READ,public_docs,customer_pii,public,sensitive,True,True,True,False,False,action,none,credential_authorized,,,permissions
baseline-attack-0009,attack,baseline,curious,1,DISCOVER,public_docs,source_repo,public,internal,True,True,False,False,False,action,none,new_resource_discovered,,,permissions
baseline-attack-0009,attack,baseline,curious,2,ACCESS_CREDENTIAL,public_docs,credential_vault,public,admin,False,False,True,False,False,action,none,unauthorized_but_attempted,,,permissions
baseline-attack-0009,attack,baseline,curious,3,ACCESS_CREDENTIAL,public_docs,credential_vault,public,admin,False,False,True,False,False,action,none,unauthorized_but_attempted,,,permissions
baseline-attack-0009,attack,baseline,curious,4,LEGITIMATE_TASK,public_docs,customer_pii,public,sensitive,True,True,False,False,False,action,none,completed:complete_hr_task,,,permissions
baseline-attack-0009,attack,baseline,curious,5,READ,public_docs,finance_db,public,database,False,False,True,False,False,action,none,unauthorized_but_attempted,,,permissions
baseline-attack-0009,attack,baseline,curious,6,MOVE,public_docs,source_repo,public,internal,True,True,False,False,False,transition,lateral,transition_allowed,,,segmentation
baseline-attack-0009,attack,baseline,curious,7,READ,source_repo,hr_portal,internal,application,True,True,False,False,False,action,none,credential_authorized,,,permissions
baseline-attack-0009,attack,baseline,curious,8,DISCOVER,source_repo,admin_console,internal,admin,True,True,False,False,False,action,none,new_resource_discovered,,,permissions
baseline-attack-0009,attack,baseline,curious,9,LEGITIMATE_TASK,source_repo,hr_portal,internal,application,True,True,False,True,False,action,none,completed:complete_hr_task,9,,permissions
baseline-attack-0009,attack,baseline,curious,10,ACCESS_CREDENTIAL,source_repo,credential_vault,internal,admin,False,False,True,True,False,action,none,unauthorized_but_attempted,9,,permissions
baseline-attack-0009,attack,baseline,curious,11,ACCESS_CREDENTIAL,source_repo,credential_vault,internal,admin,False,False,True,True,False,action,none,unauthorized_but_attempted,9,,permissions
baseline-attack-0009,attack,baseline,curious,12,DISCOVER,source_repo,finance_db,internal,database,True,True,False,True,False,action,none,new_resource_discovered,9,,permissions
baseline-attack-0009,attack,baseline,curious,13,REQUEST_RESOURCE,source_repo,finance_db,internal,database,True,True,False,True,False,action,none,request_allowed,9,,permissions
baseline-attack-0009,attack,baseline,curious,14,READ,source_repo,admin_console,internal,admin,False,False,True,True,False,action,none,unauthorized_but_attempted,9,,permissions
baseline-attack-0009,attack,baseline,curious,15,MOVE,source_repo,credential_vault,internal,admin,True,True,False,True,False,transition,lateral,transition_allowed,9,,segmentation
baseline-attack-0009,attack,baseline,curious,16,LEGITIMATE_TASK,credential_vault,credential_vault,admin,admin,False,False,True,True,False,action,none,unauthorized_but_attempted,9,,permissions
baseline-attack-0009,attack,baseline,curious,17,DISCOVER,credential_vault,customer_pii,admin,sensitive,True,True,False,True,False,action,none,new_resource_discovered,9,,permissions
baseline-attack-0009,attack,baseline,curious,18,READ,credential_vault,finance_db,admin,database,False,False,True,True,False,action,none,unauthorized_but_attempted,9,,permissions
baseline-attack-0010,attack,baseline,compromised,1,READ,public_docs,source_repo,public,internal,False,False,True,False,False,action,none,unauthorized_but_attempted,,,permissions
baseline-attack-0010,attack,baseline,compromised,2,DISCOVER,public_docs,finance_db,public,database,True,True,False,False,False,action,none,new_resource_discovered,,,permissions
baseline-attack-0010,attack,baseline,compromised,3,ACCESS_CREDENTIAL,public_docs,credential_vault,public,admin,False,False,True,False,False,action,none,unauthorized_but_attempted,,,permissions
baseline-attack-0010,attack,baseline,compromised,4,MOVE,public_docs,source_repo,public,internal,True,True,False,False,False,transition,lateral,transition_allowed,,,segmentation
baseline-attack-0010,attack,baseline,compromised,5,MOVE,source_repo,finance_db,internal,database,True,True,False,False,False,transition,lateral,transition_allowed,,,segmentation
baseline-attack-0010,attack,baseline,compromised,6,ACCESS_CREDENTIAL,finance_db,credential_vault,database,admin,False,False,True,False,False,action,none,unauthorized_but_attempted,,,permissions
baseline-attack-0010,attack,baseline,compromised,7,READ,finance_db,finance_db,database,database,False,False,True,False,False,action,none,unauthorized_but_attempted,,,permissions
baseline-attack-0010,attack,baseline,compromised,8,DISCOVER,finance_db,admin_console,database,admin,True,True,False,False,False,action,none,new_resource_discovered,,,permissions
baseline-attack-0010,attack,baseline,compromised,9,MOVE,finance_db,credential_vault,database,admin,True,True,True,False,False,transition,lateral,transition_allowed,,,segmentation
baseline-attack-0010,attack,baseline,compromised,10,DISCOVER,credential_vault,employee_records,admin,database,True,True,False,True,False,action,none,new_resource_discovered,10,,permissions
baseline-attack-0010,attack,baseline,compromised,11,MOVE,credential_vault,admin_console,admin,admin,True,True,False,True,False,transition,none,transition_allowed,10,,segmentation
baseline-attack-0010,attack,baseline,compromised,12,DISCOVER,admin_console,customer_pii,admin,sensitive,True,True,False,True,False,action,none,new_resource_discovered,10,,permissions
baseline-attack-0010,attack,baseline,compromised,13,ACCESS_CREDENTIAL,admin_console,credential_vault,admin,admin,False,False,True,True,False,action,none,unauthorized_but_attempted,10,,permissions
baseline-attack-0010,attack,baseline,compromised,14,ACCESS_CREDENTIAL,admin_console,credential_vault,admin,admin,False,False,True,True,False,action,none,unauthorized_but_attempted,10,,permissions
baseline-attack-0010,attack,baseline,compromised,15,DISCOVER,admin_console,orders_db,admin,database,True,True,False,True,False,action,none,new_resource_discovered,10,,permissions
baseline-attack-0010,attack,baseline,compromised,16,EXECUTE,admin_console,customer_pii,admin,sensitive,True,True,True,True,False,action,none,credential_authorized,10,,permissions
baseline-attack-0011,attack,baseline,curious,1,ACCESS_CREDENTIAL,public_docs,credential_vault,public,admin,False,False,True,False,False,action,none,unauthorized_but_attempted,,,permissions
baseline-attack-0011,attack,baseline,curious,2,REQUEST_RESOURCE,public_docs,hr_portal,public,application,True,True,False,False,False,action,none,request_allowed,,,permissions
baseline-attack-0011,attack,baseline,curious,3,READ,public_docs,credential_vault,public,admin,False,False,True,False,False,action,none,unauthorized_but_attempted,,,permissions
baseline-attack-0011,attack,baseline,curious,4,REQUEST_RESOURCE,public_docs,hr_portal,public,application,True,True,False,False,False,action,none,request_allowed,,,permissions
baseline-attack-0011,attack,baseline,curious,5,REQUEST_RESOURCE,public_docs,finance_db,public,database,True,True,False,False,False,action,none,request_allowed,,,permissions
baseline-attack-0011,attack,baseline,curious,6,MOVE,public_docs,source_repo,public,internal,True,True,False,False,False,transition,lateral,transition_allowed,,,segmentation
baseline-attack-0011,attack,baseline,curious,7,MOVE,source_repo,source_repo,internal,internal,True,True,False,False,False,transition,none,transition_allowed,,,segmentation
baseline-attack-0011,attack,baseline,curious,8,READ,source_repo,hr_portal,internal,application,True,True,False,False,False,action,none,credential_authorized,,,permissions
baseline-attack-0011,attack,baseline,curious,9,LEGITIMATE_TASK,source_repo,finance_db,internal,database,False,False,True,False,False,action,none,unauthorized_but_attempted,,,permissions
baseline-attack-0011,attack,baseline,curious,10,LEGITIMATE_TASK,source_repo,finance_db,internal,database,False,False,True,False,False,action,none,unauthorized_but_attempted,,,permissions
baseline-attack-0011,attack,baseline,curious,11,DISCOVER,source_repo,credential_vault,internal,admin,True,True,False,False,False,action,none,new_resource_discovered,,,permissions
baseline-attack-0011,attack,baseline,curious,12,MOVE,source_repo,finance_db,internal,database,True,True,False,False,False,transition,lateral,transition_allowed,,,segmentation
baseline-attack-0011,attack,baseline,curious,13,REQUEST_RESOURCE,finance_db,hr_portal,database,application,True,True,False,True,False,action,none,request_allowed,13,,permissions
baseline-attack-0011,attack,baseline,curious,14,READ,finance_db,hr_portal,database,application,True,True,False,True,False,action,none,credential_authorized,13,,permissions
baseline-attack-0011,attack,baseline,curious,15,READ,finance_db,customer_pii,database,sensitive,True,True,True,True,False,action,none,credential_authorized,13,,permissions
baseline-attack-0012,attack,baseline,compromised,1,DISCOVER,public_docs,customer_pii,public,sensitive,True,True,False,False,False,action,none,new_resource_discovered,,,permissions
baseline-attack-0012,attack,baseline,compromised,2,EXECUTE,public_docs,finance_db,public,database,False,False,True,False,False,action,none,unauthorized_but_attempted,,,permissions
baseline-attack-0012,attack,baseline,compromised,3,DISCOVER,public_docs,source_repo,public,internal,True,True,False,False,False,action,none,new_resource_discovered,,,permissions
baseline-attack-0012,attack,baseline,compromised,4,DISCOVER,public_docs,finance_db,public,database,True,True,False,False,False,action,none,new_resource_discovered,,,permissions
baseline-attack-0012,attack,baseline,compromised,5,READ,public_docs,credential_vault,public,admin,False,False,True,False,False,action,none,unauthorized_but_attempted,,,permissions
baseline-attack-0012,attack,baseline,compromised,6,READ,public_docs,admin_console,public,admin,False,False,True,False,False,action,none,unauthorized_but_attempted,,,permissions
baseline-attack-0012,attack,baseline,compromised,7,EXECUTE,public_docs,credential_vault,public,admin,False,False,True,False,False,action,none,unauthorized_but_attempted,,,permissions
baseline-attack-0012,attack,baseline,compromised,8,DISCOVER,public_docs,credential_vault,public,admin,True,True,False,False,False,action,none,new_resource_discovered,,,permissions
baseline-attack-0012,attack,baseline,compromised,9,DISCOVER,public_docs,admin_console,public,admin,True,True,False,False,False,action,none,new_resource_discovered,,,permissions
baseline-attack-0012,attack,baseline,compromised,10,ACCESS_CREDENTIAL,public_docs,credential_vault,public,admin,False,False,True,True,False,action,none,unauthorized_but_attempted,10,,permissions
baseline-attack-0012,attack,baseline,compromised,11,MOVE,public_docs,source_repo,public,internal,True,True,False,True,False,transition,lateral,transition_allowed,10,,segmentation
baseline-attack-0012,attack,baseline,compromised,12,ACCESS_CREDENTIAL,source_repo,credential_vault,internal,admin,False,False,True,True,False,action,none,unauthorized_but_attempted,10,,permissions
baseline-attack-0012,attack,baseline,compromised,13,REQUEST_RESOURCE,source_repo,customer_pii,internal,sensitive,True,True,False,True,False,action,none,request_allowed,10,,permissions
baseline-attack-0012,attack,baseline,compromised,14,DISCOVER,source_repo,employee_records,internal,database,True,True,False,True,False,action,none,new_resource_discovered,10,,permissions
baseline-attack-0012,attack,baseline,compromised,15,MOVE,source_repo,credential_vault,internal,admin,True,True,False,True,False,transition,lateral,transition_allowed,10,,segmentation
baseline-attack-0012,attack,baseline,compromised,16,ACCESS_CREDENTIAL,credential_vault,credential_vault,admin,admin,False,False,True,True,False,action,none,unauthorized_but_attempted,10,,permissions
baseline-attack-0012,attack,baseline,compromised,17,MOVE,credential_vault,source_repo,admin,internal,True,True,True,True,False,transition,lateral,transition_allowed,10,,segmentation
baseline-attack-0012,attack,baseline,compromised,18,READ,source_repo,finance_db,internal,database,False,False,True,True,False,action,none,unauthorized_but_attempted,10,,permissions
baseline-attack-0013,attack,baseline,curious,1,MOVE,public_docs,hr_portal,public,application,True,True,False,False,False,transition,lateral,transition_allowed,,,segmentation
baseline-attack-0013,attack,baseline,curious,2,MOVE,hr_portal,finance_db,application,database,True,True,False,False,False,transition,lateral,transition_allowed,,,segmentation
baseline-attack-0013,attack,baseline,curious,3,ACCESS_CREDENTIAL,finance_db,credential_vault,database,admin,False,False,True,False,False,action,none,unauthorized_but_attempted,,,permissions
baseline-attack-0013,attack,baseline,curious,4,MOVE,finance_db,credential_vault,database,admin,True,True,True,False,False,transition,lateral,transition_allowed,,,segmentation
baseline-attack-0013,attack,baseline,curious,5,READ,credential_vault,credential_vault,admin,admin,False,False,True,False,False,action,none,unauthorized_but_attempted,,,permissions
baseline-attack-0013,attack,baseline,curious,6,DISCOVER,credential_vault,source_repo,admin,internal,True,True,False,False,False,action,none,new_resource_discovered,,,permissions
baseline-attack-0013,attack,baseline,curious,7,MOVE,credential_vault,credential_vault,admin,admin,True,True,False,False,False,transition,none,transition_allowed,,,segmentation
baseline-attack-0013,attack,baseline,curious,8,MOVE,credential_vault,credential_vault,admin,admin,True,True,False,True,False,transition,none,transition_allowed,8,,segmentation
baseline-attack-0013,attack,baseline,curious,9,READ,credential_vault,finance_db,admin,database,False,False,True,True,False,action,none,unauthorized_but_attempted,8,,permissions
baseline-attack-0013,attack,baseline,curious,10,READ,credential_vault,admin_console,admin,admin,False,False,True,True,False,action,none,unauthorized_but_attempted,8,,permissions
baseline-attack-0013,attack,baseline,curious,11,ACCESS_CREDENTIAL,credential_vault,credential_vault,admin,admin,False,False,True,True,False,action,none,unauthorized_but_attempted,8,,permissions
baseline-attack-0013,attack,baseline,curious,12,READ,credential_vault,customer_pii,admin,sensitive,True,True,True,True,False,action,none,credential_authorized,8,,permissions
baseline-attack-0014,attack,baseline,compromised,1,MOVE,public_docs,source_repo,public,internal,True,True,False,False,False,transition,lateral,transition_allowed,,,segmentation
baseline-attack-0014,attack,baseline,compromised,2,MOVE,source_repo,finance_db,internal,database,True,True,False,False,False,transition,lateral,transition_allowed,,,segmentation
baseline-attack-0014,attack,baseline,compromised,3,ACCESS_CREDENTIAL,finance_db,credential_vault,database,admin,False,False,True,False,False,action,none,unauthorized_but_attempted,,,permissions
baseline-attack-0014,attack,baseline,compromised,4,MOVE,finance_db,finance_db,database,database,True,True,False,False,False,transition,none,transition_allowed,,,segmentation
baseline-attack-0014,attack,baseline,compromised,5,DISCOVER,finance_db,orders_db,database,database,True,True,False,False,False,action,none,new_resource_discovered,,,permissions
baseline-attack-0014,attack,baseline,compromised,6,MOVE,finance_db,source_repo,database,internal,True,True,True,False,False,transition,lateral,transition_allowed,,,segmentation
baseline-attack-0014,attack,baseline,compromised,7,MOVE,source_repo,source_repo,internal,internal,True,True,False,False,False,transition,none,transition_allowed,,,segmentation
baseline-attack-0014,attack,baseline,compromised,8,DISCOVER,source_repo,credential_vault,internal,admin,True,True,False,False,False,action,none,new_resource_discovered,,,permissions
baseline-attack-0014,attack,baseline,compromised,9,REQUEST_RESOURCE,source_repo,finance_db,internal,database,True,True,False,False,False,action,none,request_allowed,,,permissions
baseline-attack-0014,attack,baseline,compromised,10,ACCESS_CREDENTIAL,source_repo,credential_vault,internal,admin,False,False,True,True,False,action,none,unauthorized_but_attempted,10,,permissions
baseline-attack-0014,attack,baseline,compromised,11,EXECUTE,source_repo,source_repo,internal,internal,False,False,True,True,False,action,none,unauthorized_but_attempted,10,,permissions
baseline-attack-0014,attack,baseline,compromised,12,ACCESS_CREDENTIAL,source_repo,credential_vault,internal,admin,False,False,True,True,False,action,none,unauthorized_but_attempted,10,,permissions
baseline-attack-0014,attack,baseline,compromised,13,READ,source_repo,credential_vault,internal,admin,False,False,True,True,False,action,none,unauthorized_but_attempted,10,,permissions
baseline-attack-0014,attack,baseline,compromised,14,EXECUTE,source_repo,finance_db,internal,database,False,False,True,True,False,action,none,unauthorized_but_attempted,10,,permissions
baseline-attack-0014,attack,baseline,compromised,15,MOVE,source_repo,admin_console,internal,admin,True,True,True,True,False,transition,lateral,transition_allowed,10,,segmentation
baseline-attack-0014,attack,baseline,compromised,16,DISCOVER,admin_console,customer_pii,admin,sensitive,True,True,False,True,False,action,none,new_resource_discovered,10,,permissions
baseline-attack-0014,attack,baseline,compromised,17,DISCOVER,admin_console,employee_records,admin,database,True,True,False,True,False,action,none,new_resource_discovered,10,,permissions
baseline-attack-0014,attack,baseline,compromised,18,EXECUTE,admin_console,customer_pii,admin,sensitive,True,True,True,True,False,action,none,credential_authorized,10,,permissions
baseline-attack-0015,attack,baseline,curious,1,REQUEST_RESOURCE,public_docs,hr_portal,public,application,True,True,False,False,False,action,none,request_allowed,,,permissions
baseline-attack-0015,attack,baseline,curious,2,LEGITIMATE_TASK,public_docs,hr_portal,public,application,True,True,False,False,False,action,none,completed:complete_hr_task,,,permissions
baseline-attack-0015,attack,baseline,curious,3,REQUEST_RESOURCE,public_docs,finance_db,public,database,True,True,False,False,False,action,none,request_allowed,,,permissions
baseline-attack-0015,attack,baseline,curious,4,MOVE,public_docs,source_repo,public,internal,True,True,False,False,False,transition,lateral,transition_allowed,,,segmentation
baseline-attack-0015,attack,baseline,curious,5,READ,source_repo,finance_db,internal,database,False,False,True,False,False,action,none,unauthorized_but_attempted,,,permissions
baseline-attack-0015,attack,baseline,curious,6,MOVE,source_repo,credential_vault,internal,admin,True,True,False,False,False,transition,lateral,transition_allowed,,,segmentation
baseline-attack-0015,attack,baseline,curious,7,ACCESS_CREDENTIAL,credential_vault,credential_vault,admin,admin,False,False,True,False,False,action,none,unauthorized_but_attempted,,,permissions
baseline-attack-0015,attack,baseline,curious,8,DISCOVER,credential_vault,customer_pii,admin,sensitive,True,True,False,False,False,action,none,new_resource_discovered,,,permissions
baseline-attack-0015,attack,baseline,curious,9,DISCOVER,credential_vault,orders_db,admin,database,True,True,False,False,False,action,none,new_resource_discovered,,,permissions
baseline-attack-0015,attack,baseline,curious,10,DISCOVER,credential_vault,admin_console,admin,admin,True,True,False,False,False,action,none,new_resource_discovered,,,permissions
baseline-attack-0015,attack,baseline,curious,11,READ,credential_vault,customer_pii,admin,sensitive,True,True,True,False,False,action,none,credential_authorized,,,permissions
baseline-attack-0016,attack,baseline,compromised,1,DISCOVER,public_docs,credential_vault,public,admin,True,True,False,False,False,action,none,new_resource_discovered,,,permissions
baseline-attack-0016,attack,baseline,compromised,2,MOVE,public_docs,source_repo,public,internal,True,True,False,False,False,transition,lateral,transition_allowed,,,segmentation
baseline-attack-0016,attack,baseline,compromised,3,DISCOVER,source_repo,admin_console,internal,admin,True,True,False,False,False,action,none,new_resource_discovered,,,permissions
baseline-attack-0016,attack,baseline,compromised,4,READ,source_repo,credential_vault,internal,admin,False,False,True,False,False,action,none,unauthorized_but_attempted,,,permissions
baseline-attack-0016,attack,baseline,compromised,5,DISCOVER,source_repo,customer_pii,internal,sensitive,True,True,False,False,False,action,none,new_resource_discovered,,,permissions
baseline-attack-0016,attack,baseline,compromised,6,READ,source_repo,credential_vault,internal,admin,False,False,True,False,False,action,none,unauthorized_but_attempted,,,permissions
baseline-attack-0016,attack,baseline,compromised,7,MOVE,source_repo,admin_console,internal,admin,True,True,False,False,False,transition,lateral,transition_allowed,,,segmentation
baseline-attack-0016,attack,baseline,compromised,8,ACCESS_CREDENTIAL,admin_console,credential_vault,admin,admin,False,False,True,False,False,action,none,unauthorized_but_attempted,,,permissions
baseline-attack-0016,attack,baseline,compromised,9,EXECUTE,admin_console,admin_console,admin,admin,False,False,True,False,False,action,none,unauthorized_but_attempted,,,permissions
baseline-attack-0016,attack,baseline,compromised,10,MOVE,admin_console,credential_vault,admin,admin,True,True,False,False,False,transition,none,transition_allowed,,,segmentation
baseline-attack-0016,attack,baseline,compromised,11,ACCESS_CREDENTIAL,credential_vault,credential_vault,admin,admin,False,False,True,False,False,action,none,unauthorized_but_attempted,,,permissions
baseline-attack-0016,attack,baseline,compromised,12,MOVE,credential_vault,customer_pii,admin,sensitive,True,True,True,True,False,transition,lateral,transition_allowed,12,,segmentation
baseline-attack-0016,attack,baseline,compromised,13,EXECUTE,customer_pii,finance_db,sensitive,database,False,False,True,True,False,action,none,unauthorized_but_attempted,12,,permissions
baseline-attack-0016,attack,baseline,compromised,14,ACCESS_CREDENTIAL,customer_pii,credential_vault,sensitive,admin,False,False,True,True,False,action,none,unauthorized_but_attempted,12,,permissions
baseline-attack-0016,attack,baseline,compromised,15,DISCOVER,customer_pii,orders_db,sensitive,database,True,True,False,True,False,action,none,new_resource_discovered,12,,permissions
baseline-attack-0016,attack,baseline,compromised,16,MOVE,customer_pii,admin_console,sensitive,admin,True,True,True,True,False,transition,lateral,transition_allowed,12,,segmentation
baseline-attack-0016,attack,baseline,compromised,17,MOVE,admin_console,admin_console,admin,admin,True,True,False,True,False,transition,none,transition_allowed,12,,segmentation
baseline-attack-0016,attack,baseline,compromised,18,EXECUTE,admin_console,credential_vault,admin,admin,False,False,True,True,False,action,none,unauthorized_but_attempted,12,,permissions
baseline-attack-0017,attack,baseline,curious,1,LEGITIMATE_TASK,public_docs,hr_portal,public,application,True,True,False,False,False,action,none,completed:complete_hr_task,,,permissions
baseline-attack-0017,attack,baseline,curious,2,DISCOVER,public_docs,credential_vault,public,admin,True,True,False,False,False,action,none,new_resource_discovered,,,permissions
baseline-attack-0017,attack,baseline,curious,3,DISCOVER,public_docs,admin_console,public,admin,True,True,False,False,False,action,none,new_resource_discovered,,,permissions
baseline-attack-0017,attack,baseline,curious,4,DISCOVER,public_docs,finance_db,public,database,True,True,False,False,False,action,none,new_resource_discovered,,,permissions
baseline-attack-0017,attack,baseline,curious,5,READ,public_docs,admin_console,public,admin,False,False,True,False,False,action,none,unauthorized_but_attempted,,,permissions
baseline-attack-0017,attack,baseline,curious,6,READ,public_docs,finance_db,public,database,False,False,True,False,False,action,none,unauthorized_but_attempted,,,permissions
baseline-attack-0017,attack,baseline,curious,7,MOVE,public_docs,source_repo,public,internal,True,True,False,False,False,transition,lateral,transition_allowed,,,segmentation
baseline-attack-0017,attack,baseline,curious,8,DISCOVER,source_repo,employee_records,internal,database,True,True,False,False,False,action,none,new_resource_discovered,,,permissions
baseline-attack-0017,attack,baseline,curious,9,ACCESS_CREDENTIAL,source_repo,credential_vault,internal,admin,False,False,True,False,False,action,none,unauthorized_but_attempted,,,permissions
baseline-attack-0017,attack,baseline,curious,10,MOVE,source_repo,hr_portal,internal,application,True,True,False,False,False,transition,lateral,transition_allowed,,,segmentation
baseline-attack-0017,attack,baseline,curious,11,LEGITIMATE_TASK,hr_portal,finance_db,application,database,False,False,True,False,False,action,none,unauthorized_but_attempted,,,permissions
baseline-attack-0017,attack,baseline,curious,12,MOVE,hr_portal,hr_portal,application,application,True,True,False,False,False,transition,none,transition_allowed,,,segmentation
baseline-attack-0017,attack,baseline,curious,13,MOVE,hr_portal,finance_db,application,database,True,True,True,True,False,transition,lateral,transition_allowed,13,,segmentation
baseline-attack-0017,attack,baseline,curious,14,DISCOVER,finance_db,orders_db,database,database,True,True,False,True,False,action,none,new_resource_discovered,13,,permissions
baseline-attack-0017,attack,baseline,curious,15,MOVE,finance_db,credential_vault,database,admin,True,True,True,True,False,transition,lateral,transition_allowed,13,,segmentation
baseline-attack-0017,attack,baseline,curious,16,DISCOVER,credential_vault,customer_pii,admin,sensitive,True,True,False,True,False,action,none,new_resource_discovered,13,,permissions
baseline-attack-0017,attack,baseline,curious,17,ACCESS_CREDENTIAL,credential_vault,credential_vault,admin,admin,False,False,True,True,False,action,none,unauthorized_but_attempted,13,,permissions
baseline-attack-0017,attack,baseline,curious,18,DISCOVER,credential_vault,customer_pii,admin,sensitive,True,True,False,True,False,action,none,resource_already_known,13,,permissions
baseline-attack-0018,attack,baseline,compromised,1,READ,public_docs,customer_pii,public,sensitive,True,True,True,False,False,action,none,credential_authorized,,,permissions
baseline-attack-0019,attack,baseline,curious,1,MOVE,public_docs,hr_portal,public,application,True,True,False,False,False,transition,lateral,transition_allowed,,,segmentation
baseline-attack-0019,attack,baseline,curious,2,MOVE,hr_portal,finance_db,application,database,True,True,False,False,False,transition,lateral,transition_allowed,,,segmentation
baseline-attack-0019,attack,baseline,curious,3,LEGITIMATE_TASK,finance_db,hr_portal,database,application,True,True,False,False,False,action,none,completed:complete_hr_task,,,permissions
baseline-attack-0019,attack,baseline,curious,4,LEGITIMATE_TASK,finance_db,finance_db,database,database,False,False,True,False,False,action,none,unauthorized_but_attempted,,,permissions
baseline-attack-0019,attack,baseline,curious,5,READ,finance_db,hr_portal,database,application,True,True,False,False,False,action,none,credential_authorized,,,permissions
baseline-attack-0019,attack,baseline,curious,6,ACCESS_CREDENTIAL,finance_db,credential_vault,database,admin,False,False,True,False,False,action,none,unauthorized_but_attempted,,,permissions
baseline-attack-0019,attack,baseline,curious,7,REQUEST_RESOURCE,finance_db,source_repo,database,internal,False,False,True,False,False,action,none,request_denied,,,permissions
baseline-attack-0019,attack,baseline,curious,8,MOVE,finance_db,finance_db,database,database,True,True,False,False,False,transition,none,transition_allowed,,,segmentation
baseline-attack-0019,attack,baseline,curious,9,MOVE,finance_db,hr_portal,database,application,True,True,True,False,False,transition,lateral,transition_allowed,,,segmentation
baseline-attack-0019,attack,baseline,curious,10,READ,hr_portal,finance_db,application,database,False,False,True,False,False,action,none,unauthorized_but_attempted,,,permissions
baseline-attack-0019,attack,baseline,curious,11,DISCOVER,hr_portal,customer_pii,application,sensitive,True,True,False,True,False,action,none,new_resource_discovered,11,,permissions
baseline-attack-0019,attack,baseline,curious,12,READ,hr_portal,finance_db,application,database,False,False,True,True,False,action,none,unauthorized_but_attempted,11,,permissions
baseline-attack-0019,attack,baseline,curious,13,DISCOVER,hr_portal,credential_vault,application,admin,True,True,False,True,False,action,none,new_resource_discovered,11,,permissions
baseline-attack-0019,attack,baseline,curious,14,MOVE,hr_portal,source_repo,application,internal,True,True,True,True,False,transition,lateral,transition_allowed,11,,segmentation
baseline-attack-0019,attack,baseline,curious,15,MOVE,source_repo,finance_db,internal,database,True,True,True,True,False,transition,lateral,transition_allowed,11,,segmentation
baseline-attack-0019,attack,baseline,curious,16,DISCOVER,finance_db,admin_console,database,admin,True,True,False,True,False,action,none,new_resource_discovered,11,,permissions
baseline-attack-0019,attack,baseline,curious,17,LEGITIMATE_TASK,finance_db,customer_pii,database,sensitive,True,True,False,True,False,action,none,completed:complete_hr_task,11,,permissions
baseline-attack-0019,attack,baseline,curious,18,MOVE,finance_db,source_repo,database,internal,True,True,True,True,False,transition,lateral,transition_allowed,11,,segmentation
baseline-attack-0020,attack,baseline,compromised,1,ACCESS_CREDENTIAL,public_docs,credential_vault,public,admin,False,False,True,False,False,action,none,unauthorized_but_attempted,,,permissions
baseline-attack-0020,attack,baseline,compromised,2,MOVE,public_docs,source_repo,public,internal,True,True,False,False,False,transition,lateral,transition_allowed,,,segmentation
baseline-attack-0020,attack,baseline,compromised,3,READ,source_repo,source_repo,internal,internal,False,False,True,False,False,action,none,unauthorized_but_attempted,,,permissions
baseline-attack-0020,attack,baseline,compromised,4,READ,source_repo,admin_console,internal,admin,False,False,True,False,False,action,none,unauthorized_but_attempted,,,permissions
baseline-attack-0020,attack,baseline,compromised,5,ACCESS_CREDENTIAL,source_repo,credential_vault,internal,admin,False,False,True,False,False,action,none,unauthorized_but_attempted,,,permissions
baseline-attack-0020,attack,baseline,compromised,6,MOVE,source_repo,credential_vault,internal,admin,True,True,False,False,False,transition,lateral,transition_allowed,,,segmentation
baseline-attack-0020,attack,baseline,compromised,7,DISCOVER,credential_vault,finance_db,admin,database,True,True,False,False,False,action,none,new_resource_discovered,,,permissions
baseline-attack-0020,attack,baseline,compromised,8,DISCOVER,credential_vault,orders_db,admin,database,True,True,False,True,False,action,none,new_resource_discovered,8,,permissions
baseline-attack-0020,attack,baseline,compromised,9,READ,credential_vault,credential_vault,admin,admin,False,False,True,True,False,action,none,unauthorized_but_attempted,8,,permissions
baseline-attack-0020,attack,baseline,compromised,10,EXECUTE,credential_vault,credential_vault,admin,admin,False,False,True,True,False,action,none,unauthorized_but_attempted,8,,permissions
baseline-attack-0020,attack,baseline,compromised,11,ACCESS_CREDENTIAL,credential_vault,credential_vault,admin,admin,False,False,True,True,False,action,none,unauthorized_but_attempted,8,,permissions
baseline-attack-0020,attack,baseline,compromised,12,ACCESS_CREDENTIAL,credential_vault,credential_vault,admin,admin,False,False,True,True,False,action,none,unauthorized_but_attempted,8,,permissions
baseline-attack-0020,attack,baseline,compromised,13,DISCOVER,credential_vault,employee_records,admin,database,True,True,False,True,False,action,none,new_resource_discovered,8,,permissions
baseline-attack-0020,attack,baseline,compromised,14,MOVE,credential_vault,admin_console,admin,admin,True,True,False,True,False,transition,none,transition_allowed,8,,segmentation
baseline-attack-0020,attack,baseline,compromised,15,ACCESS_CREDENTIAL,admin_console,credential_vault,admin,admin,False,False,True,True,False,action,none,unauthorized_but_attempted,8,,permissions
baseline-attack-0020,attack,baseline,compromised,16,READ,admin_console,source_repo,admin,internal,False,False,True,True,False,action,none,unauthorized_but_attempted,8,,permissions
baseline-attack-0020,attack,baseline,compromised,17,ACCESS_CREDENTIAL,admin_console,credential_vault,admin,admin,False,False,True,True,False,action,none,unauthorized_but_attempted,8,,permissions
baseline-attack-0020,attack,baseline,compromised,18,DISCOVER,admin_console,customer_pii,admin,sensitive,True,True,False,True,False,action,none,new_resource_discovered,8,,permissions
baseline-attack-0021,attack,baseline,curious,1,DISCOVER,public_docs,source_repo,public,internal,True,True,False,False,False,action,none,new_resource_discovered,,,permissions
baseline-attack-0021,attack,baseline,curious,2,DISCOVER,public_docs,customer_pii,public,sensitive,True,True,False,False,False,action,none,new_resource_discovered,,,permissions
baseline-attack-0021,attack,baseline,curious,3,ACCESS_CREDENTIAL,public_docs,credential_vault,public,admin,False,False,True,False,False,action,none,unauthorized_but_attempted,,,permissions
baseline-attack-0021,attack,baseline,curious,4,ACCESS_CREDENTIAL,public_docs,credential_vault,public,admin,False,False,True,False,False,action,none,unauthorized_but_attempted,,,permissions
baseline-attack-0021,attack,baseline,curious,5,ACCESS_CREDENTIAL,public_docs,credential_vault,public,admin,False,False,True,False,False,action,none,unauthorized_but_attempted,,,permissions
baseline-attack-0021,attack,baseline,curious,6,READ,public_docs,customer_pii,public,sensitive,True,True,True,False,False,action,none,credential_authorized,,,permissions
baseline-attack-0022,attack,baseline,compromised,1,READ,public_docs,public_docs,public,public,True,True,False,False,False,action,none,credential_authorized,,,permissions
baseline-attack-0022,attack,baseline,compromised,2,READ,public_docs,ops_runbooks,public,internal,False,False,True,False,False,action,none,unauthorized_but_attempted,,,permissions
baseline-attack-0022,attack,baseline,compromised,3,READ,public_docs,internal_api,public,internal,False,False,True,False,False,action,none,unauthorized_but_attempted,,,permissions
baseline-attack-0022,attack,baseline,compromised,4,DISCOVER,public_docs,source_repo,public,internal,True,True,False,False,False,action,none,new_resource_discovered,,,permissions
baseline-attack-0022,attack,baseline,compromised,5,ACCESS_CREDENTIAL,public_docs,credential_vault,public,admin,False,False,True,False,False,action,none,unauthorized_but_attempted,,,permissions
baseline-attack-0022,attack,baseline,compromised,6,MOVE,public_docs,source_repo,public,internal,True,True,False,False,False,transition,lateral,transition_allowed,,,segmentation
baseline-attack-0022,attack,baseline,compromised,7,REQUEST_RESOURCE,source_repo,credential_vault,internal,admin,True,True,False,False,False,action,none,request_allowed,,,permissions
baseline-attack-0022,attack,baseline,compromised,8,DISCOVER,source_repo,orders_db,internal,database,True,True,False,False,False,action,none,new_resource_discovered,,,permissions
baseline-attack-0022,attack,baseline,compromised,9,READ,source_repo,source_repo,internal,internal,False,False,True,True,False,action,none,unauthorized_but_attempted,9,,permissions
baseline-attack-0022,attack,baseline,compromised,10,READ,source_repo,source_repo,internal,internal,False,False,True,True,False,action,none,unauthorized_but_attempted,9,,permissions
baseline-attack-0022,attack,baseline,compromised,11,MOVE,source_repo,source_repo,internal,internal,True,True,False,True,False,transition,none,transition_allowed,9,,segmentation
baseline-attack-0022,attack,baseline,compromised,12,MOVE,source_repo,source_repo,internal,internal,True,True,False,True,False,transition,none,transition_allowed,9,,segmentation
baseline-attack-0022,attack,baseline,compromised,13,DISCOVER,source_repo,employee_records,internal,database,True,True,False,True,False,action,none,new_resource_discovered,9,,permissions
baseline-attack-0022,attack,baseline,compromised,14,ACCESS_CREDENTIAL,source_repo,credential_vault,internal,admin,False,False,True,True,False,action,none,unauthorized_but_attempted,9,,permissions
baseline-attack-0022,attack,baseline,compromised,15,ACCESS_CREDENTIAL,source_repo,credential_vault,internal,admin,False,False,True,True,False,action,none,unauthorized_but_attempted,9,,permissions
baseline-attack-0022,attack,baseline,compromised,16,ACCESS_CREDENTIAL,source_repo,credential_vault,internal,admin,False,False,True,True,False,action,none,unauthorized_but_attempted,9,,permissions
baseline-attack-0022,attack,baseline,compromised,17,DISCOVER,source_repo,finance_db,internal,database,True,True,False,True,False,action,none,new_resource_discovered,9,,permissions
baseline-attack-0022,attack,baseline,compromised,18,READ,source_repo,finance_db,internal,database,False,False,True,True,False,action,none,unauthorized_but_attempted,9,,permissions
baseline-attack-0023,attack,baseline,curious,1,REQUEST_RESOURCE,public_docs,hr_portal,public,application,True,True,False,False,False,action,none,request_allowed,,,permissions
baseline-attack-0023,attack,baseline,curious,2,ACCESS_CREDENTIAL,public_docs,credential_vault,public,admin,False,False,True,False,False,action,none,unauthorized_but_attempted,,,permissions
baseline-attack-0023,attack,baseline,curious,3,MOVE,public_docs,hr_portal,public,application,True,True,False,False,False,transition,lateral,transition_allowed,,,segmentation
baseline-attack-0023,attack,baseline,curious,4,DISCOVER,hr_portal,admin_console,application,admin,True,True,False,False,False,action,none,new_resource_discovered,,,permissions
baseline-attack-0023,attack,baseline,curious,5,LEGITIMATE_TASK,hr_portal,finance_db,application,database,False,False,True,False,False,action,none,unauthorized_but_attempted,,,permissions
baseline-attack-0023,attack,baseline,curious,6,DISCOVER,hr_portal,credential_vault,application,admin,True,True,False,False,False,action,none,new_resource_discovered,,,permissions
baseline-attack-0023,attack,baseline,curious,7,MOVE,hr_portal,finance_db,application,database,True,True,False,False,False,transition,lateral,transition_allowed,,,segmentation
baseline-attack-0023,attack,baseline,curious,8,MOVE,finance_db,admin_console,database,admin,True,True,True,False,False,transition,lateral,transition_allowed,,,segmentation
baseline-attack-0023,attack,baseline,curious,9,READ,admin_console,source_repo,admin,internal,False,False,True,False,False,action,none,unauthorized_but_attempted,,,permissions
baseline-attack-0023,attack,baseline,curious,10,READ,admin_console,credential_vault,admin,admin,False,False,True,False,False,action,none,unauthorized_but_attempted,,,permissions
baseline-attack-0023,attack,baseline,curious,11,LEGITIMATE_TASK,admin_console,finance_db,admin,database,False,False,True,False,False,action,none,unauthorized_but_attempted,,,permissions
baseline-attack-0023,attack,baseline,curious,12,MOVE,admin_console,credential_vault,admin,admin,True,True,False,True,False,transition,none,transition_allowed,12,,segmentation
baseline-attack-0023,attack,baseline,curious,13,MOVE,credential_vault,credential_vault,admin,admin,True,True,False,True,False,transition,none,transition_allowed,12,,segmentation
baseline-attack-0023,attack,baseline,curious,14,DISCOVER,credential_vault,employee_records,admin,database,True,True,False,True,False,action,none,new_resource_discovered,12,,permissions
baseline-attack-0023,attack,baseline,curious,15,DISCOVER,credential_vault,source_repo,admin,internal,True,True,False,True,False,action,none,new_resource_discovered,12,,permissions
baseline-attack-0023,attack,baseline,curious,16,READ,credential_vault,finance_db,admin,database,False,False,True,True,False,action,none,unauthorized_but_attempted,12,,permissions
baseline-attack-0023,attack,baseline,curious,17,DISCOVER,credential_vault,customer_pii,admin,sensitive,True,True,False,True,False,action,none,new_resource_discovered,12,,permissions
baseline-attack-0023,attack,baseline,curious,18,MOVE,credential_vault,customer_pii,admin,sensitive,True,True,True,True,False,transition,lateral,transition_allowed,12,,segmentation
baseline-attack-0024,attack,baseline,compromised,1,DISCOVER,public_docs,orders_db,public,database,True,True,False,False,False,action,none,new_resource_discovered,,,permissions
baseline-attack-0024,attack,baseline,compromised,2,EXECUTE,public_docs,customer_pii,public,sensitive,True,True,True,False,False,action,none,credential_authorized,,,permissions
baseline-attack-0025,attack,baseline,curious,1,ACCESS_CREDENTIAL,public_docs,credential_vault,public,admin,False,False,True,False,False,action,none,unauthorized_but_attempted,,,permissions
baseline-attack-0025,attack,baseline,curious,2,REQUEST_RESOURCE,public_docs,hr_portal,public,application,True,True,False,False,False,action,none,request_allowed,,,permissions
baseline-attack-0025,attack,baseline,curious,3,ACCESS_CREDENTIAL,public_docs,credential_vault,public,admin,False,False,True,False,False,action,none,unauthorized_but_attempted,,,permissions
baseline-attack-0025,attack,baseline,curious,4,MOVE,public_docs,source_repo,public,internal,True,True,False,False,False,transition,lateral,transition_allowed,,,segmentation
baseline-attack-0025,attack,baseline,curious,5,REQUEST_RESOURCE,source_repo,finance_db,internal,database,True,True,False,False,False,action,none,request_allowed,,,permissions
baseline-attack-0025,attack,baseline,curious,6,MOVE,source_repo,credential_vault,internal,admin,True,True,False,False,False,transition,lateral,transition_allowed,,,segmentation
baseline-attack-0025,attack,baseline,curious,7,MOVE,credential_vault,credential_vault,admin,admin,True,True,False,False,False,transition,none,transition_allowed,,,segmentation
baseline-attack-0025,attack,baseline,curious,8,READ,credential_vault,credential_vault,admin,admin,False,False,True,False,False,action,none,unauthorized_but_attempted,,,permissions
baseline-attack-0025,attack,baseline,curious,9,MOVE,credential_vault,credential_vault,admin,admin,True,True,False,False,False,transition,none,transition_allowed,,,segmentation
baseline-attack-0025,attack,baseline,curious,10,ACCESS_CREDENTIAL,credential_vault,credential_vault,admin,admin,False,False,True,False,False,action,none,unauthorized_but_attempted,,,permissions
baseline-attack-0025,attack,baseline,curious,11,ACCESS_CREDENTIAL,credential_vault,credential_vault,admin,admin,False,False,True,False,False,action,none,unauthorized_but_attempted,,,permissions
baseline-attack-0025,attack,baseline,curious,12,DISCOVER,credential_vault,employee_records,admin,database,True,True,False,True,False,action,none,new_resource_discovered,12,,permissions
baseline-attack-0025,attack,baseline,curious,13,REQUEST_RESOURCE,credential_vault,credential_vault,admin,admin,True,True,False,True,False,action,none,request_allowed,12,,permissions
baseline-attack-0025,attack,baseline,curious,14,DISCOVER,credential_vault,orders_db,admin,database,True,True,False,True,False,action,none,new_resource_discovered,12,,permissions
baseline-attack-0025,attack,baseline,curious,15,DISCOVER,credential_vault,admin_console,admin,admin,True,True,False,True,False,action,none,new_resource_discovered,12,,permissions
baseline-attack-0025,attack,baseline,curious,16,LEGITIMATE_TASK,credential_vault,finance_db,admin,database,False,False,True,True,False,action,none,unauthorized_but_attempted,12,,permissions
baseline-attack-0025,attack,baseline,curious,17,ACCESS_CREDENTIAL,credential_vault,credential_vault,admin,admin,False,False,True,True,False,action,none,unauthorized_but_attempted,12,,permissions
baseline-attack-0025,attack,baseline,curious,18,MOVE,credential_vault,credential_vault,admin,admin,True,True,False,True,False,transition,none,transition_allowed,12,,segmentation
baseline-attack-0026,attack,baseline,compromised,1,ACCESS_CREDENTIAL,public_docs,credential_vault,public,admin,False,False,True,False,False,action,none,unauthorized_but_attempted,,,permissions
baseline-attack-0026,attack,baseline,compromised,2,MOVE,public_docs,source_repo,public,internal,True,True,False,False,False,transition,lateral,transition_allowed,,,segmentation
baseline-attack-0026,attack,baseline,compromised,3,DISCOVER,source_repo,admin_console,internal,admin,True,True,False,False,False,action,none,new_resource_discovered,,,permissions
baseline-attack-0026,attack,baseline,compromised,4,ACCESS_CREDENTIAL,source_repo,credential_vault,internal,admin,False,False,True,False,False,action,none,unauthorized_but_attempted,,,permissions
baseline-attack-0026,attack,baseline,compromised,5,MOVE,source_repo,finance_db,internal,database,True,True,False,False,False,transition,lateral,transition_allowed,,,segmentation
baseline-attack-0026,attack,baseline,compromised,6,ACCESS_CREDENTIAL,finance_db,credential_vault,database,admin,False,False,True,False,False,action,none,unauthorized_but_attempted,,,permissions
baseline-attack-0026,attack,baseline,compromised,7,ACCESS_CREDENTIAL,finance_db,credential_vault,database,admin,False,False,True,False,False,action,none,unauthorized_but_attempted,,,permissions
baseline-attack-0026,attack,baseline,compromised,8,READ,finance_db,admin_console,database,admin,False,False,True,False,False,action,none,unauthorized_but_attempted,,,permissions
baseline-attack-0026,attack,baseline,compromised,9,READ,finance_db,credential_vault,database,admin,False,False,True,False,False,action,none,unauthorized_but_attempted,,,permissions
baseline-attack-0026,attack,baseline,compromised,10,MOVE,finance_db,credential_vault,database,admin,True,True,True,True,False,transition,lateral,transition_allowed,10,,segmentation
baseline-attack-0026,attack,baseline,compromised,11,MOVE,credential_vault,source_repo,admin,internal,True,True,True,True,False,transition,lateral,transition_allowed,10,,segmentation
baseline-attack-0026,attack,baseline,compromised,12,DISCOVER,source_repo,employee_records,internal,database,True,True,False,True,False,action,none,new_resource_discovered,10,,permissions
baseline-attack-0026,attack,baseline,compromised,13,READ,source_repo,admin_console,internal,admin,False,False,True,True,False,action,none,unauthorized_but_attempted,10,,permissions
baseline-attack-0026,attack,baseline,compromised,14,MOVE,source_repo,credential_vault,internal,admin,True,True,True,True,False,transition,lateral,transition_allowed,10,,segmentation
baseline-attack-0026,attack,baseline,compromised,15,MOVE,credential_vault,source_repo,admin,internal,True,True,True,True,False,transition,lateral,transition_allowed,10,,segmentation
baseline-attack-0026,attack,baseline,compromised,16,ACCESS_CREDENTIAL,source_repo,credential_vault,internal,admin,False,False,True,True,False,action,none,unauthorized_but_attempted,10,,permissions
baseline-attack-0026,attack,baseline,compromised,17,DISCOVER,source_repo,customer_pii,internal,sensitive,True,True,False,True,False,action,none,new_resource_discovered,10,,permissions
baseline-attack-0026,attack,baseline,compromised,18,MOVE,source_repo,source_repo,internal,internal,True,True,False,True,False,transition,none,transition_allowed,10,,segmentation
baseline-attack-0027,attack,baseline,curious,1,MOVE,public_docs,hr_portal,public,application,True,True,False,False,False,transition,lateral,transition_allowed,,,segmentation
baseline-attack-0027,attack,baseline,curious,2,DISCOVER,hr_portal,admin_console,application,admin,True,True,False,False,False,action,none,new_resource_discovered,,,permissions
baseline-attack-0027,attack,baseline,curious,3,DISCOVER,hr_portal,finance_db,application,database,True,True,False,False,False,action,none,new_resource_discovered,,,permissions
baseline-attack-0027,attack,baseline,curious,4,READ,hr_portal,hr_portal,application,application,True,True,False,False,False,action,none,credential_authorized,,,permissions
baseline-attack-0027,attack,baseline,curious,5,DISCOVER,hr_portal,customer_pii,application,sensitive,True,True,False,False,False,action,none,new_resource_discovered,,,permissions
baseline-attack-0027,attack,baseline,curious,6,MOVE,hr_portal,finance_db,application,database,True,True,False,False,False,transition,lateral,transition_allowed,,,segmentation
baseline-attack-0027,attack,baseline,curious,7,READ,finance_db,source_repo,database,internal,False,False,True,False,False,action,none,unauthorized_but_attempted,,,permissions
baseline-attack-0027,attack,baseline,curious,8,DISCOVER,finance_db,employee_records,database,database,True,True,False,False,False,action,none,new_resource_discovered,,,permissions
baseline-attack-0027,attack,baseline,curious,9,ACCESS_CREDENTIAL,finance_db,credential_vault,database,admin,False,False,True,False,False,action,none,unauthorized_but_attempted,,,permissions
baseline-attack-0027,attack,baseline,curious,10,DISCOVER,finance_db,orders_db,database,database,True,True,False,False,False,action,none,new_resource_discovered,,,permissions
baseline-attack-0027,attack,baseline,curious,11,ACCESS_CREDENTIAL,finance_db,credential_vault,database,admin,False,False,True,False,False,action,none,unauthorized_but_attempted,,,permissions
baseline-attack-0027,attack,baseline,curious,12,MOVE,finance_db,customer_pii,database,sensitive,True,True,True,False,False,transition,lateral,transition_allowed,,,segmentation
baseline-attack-0027,attack,baseline,curious,13,MOVE,customer_pii,finance_db,sensitive,database,True,True,True,False,False,transition,lateral,transition_allowed,,,segmentation
baseline-attack-0027,attack,baseline,curious,14,REQUEST_RESOURCE,finance_db,hr_portal,database,application,True,True,False,False,False,action,none,request_allowed,,,permissions
baseline-attack-0027,attack,baseline,curious,15,READ,finance_db,finance_db,database,database,False,False,True,True,False,action,none,unauthorized_but_attempted,15,,permissions
baseline-attack-0027,attack,baseline,curious,16,LEGITIMATE_TASK,finance_db,customer_pii,database,sensitive,True,True,False,True,False,action,none,completed:complete_hr_task,15,,permissions
baseline-attack-0027,attack,baseline,curious,17,REQUEST_RESOURCE,finance_db,source_repo,database,internal,False,False,True,True,False,action,none,request_denied,15,,permissions
baseline-attack-0027,attack,baseline,curious,18,READ,finance_db,finance_db,database,database,False,False,True,True,False,action,none,unauthorized_but_attempted,15,,permissions
baseline-attack-0028,attack,baseline,compromised,1,MOVE,public_docs,source_repo,public,internal,True,True,False,False,False,transition,lateral,transition_allowed,,,segmentation
baseline-attack-0028,attack,baseline,compromised,2,MOVE,source_repo,source_repo,internal,internal,True,True,False,False,False,transition,none,transition_allowed,,,segmentation
baseline-attack-0028,attack,baseline,compromised,3,MOVE,source_repo,source_repo,internal,internal,True,True,False,False,False,transition,none,transition_allowed,,,segmentation
baseline-attack-0028,attack,baseline,compromised,4,ACCESS_CREDENTIAL,source_repo,credential_vault,internal,admin,False,False,True,False,False,action,none,unauthorized_but_attempted,,,permissions
baseline-attack-0028,attack,baseline,compromised,5,READ,source_repo,source_repo,internal,internal,False,False,True,False,False,action,none,unauthorized_but_attempted,,,permissions
baseline-attack-0028,attack,baseline,compromised,6,READ,source_repo,source_repo,internal,internal,False,False,True,False,False,action,none,unauthorized_but_attempted,,,permissions
baseline-attack-0028,attack,baseline,compromised,7,REQUEST_RESOURCE,source_repo,admin_console,internal,admin,True,True,False,False,False,action,none,request_allowed,,,permissions
baseline-attack-0028,attack,baseline,compromised,8,DISCOVER,source_repo,credential_vault,internal,admin,True,True,False,False,False,action,none,new_resource_discovered,,,permissions
baseline-attack-0028,attack,baseline,compromised,9,DISCOVER,source_repo,customer_pii,internal,sensitive,True,True,False,False,False,action,none,new_resource_discovered,,,permissions
baseline-attack-0028,attack,baseline,compromised,10,MOVE,source_repo,admin_console,internal,admin,True,True,False,True,False,transition,lateral,transition_allowed,10,,segmentation
baseline-attack-0028,attack,baseline,compromised,11,READ,admin_console,source_repo,admin,internal,False,False,True,True,False,action,none,unauthorized_but_attempted,10,,permissions
baseline-attack-0028,attack,baseline,compromised,12,ACCESS_CREDENTIAL,admin_console,credential_vault,admin,admin,False,False,True,True,False,action,none,unauthorized_but_attempted,10,,permissions
baseline-attack-0028,attack,baseline,compromised,13,DISCOVER,admin_console,finance_db,admin,database,True,True,False,True,False,action,none,new_resource_discovered,10,,permissions
baseline-attack-0028,attack,baseline,compromised,14,REQUEST_RESOURCE,admin_console,finance_db,admin,database,True,True,False,True,False,action,none,request_allowed,10,,permissions
baseline-attack-0028,attack,baseline,compromised,15,EXECUTE,admin_console,source_repo,admin,internal,False,False,True,True,False,action,none,unauthorized_but_attempted,10,,permissions
baseline-attack-0028,attack,baseline,compromised,16,EXECUTE,admin_console,customer_pii,admin,sensitive,True,True,True,True,False,action,none,credential_authorized,10,,permissions
baseline-attack-0029,attack,baseline,curious,1,READ,public_docs,hr_portal,public,application,True,True,False,False,False,action,none,credential_authorized,,,permissions
baseline-attack-0029,attack,baseline,curious,2,DISCOVER,public_docs,customer_pii,public,sensitive,True,True,False,False,False,action,none,new_resource_discovered,,,permissions
baseline-attack-0029,attack,baseline,curious,3,LEGITIMATE_TASK,public_docs,source_repo,public,internal,False,False,True,False,False,action,none,unauthorized_but_attempted,,,permissions
baseline-attack-0029,attack,baseline,curious,4,READ,public_docs,finance_db,public,database,False,False,True,False,False,action,none,unauthorized_but_attempted,,,permissions
baseline-attack-0029,attack,baseline,curious,5,REQUEST_RESOURCE,public_docs,customer_pii,public,sensitive,True,True,False,False,False,action,none,request_allowed,,,permissions
baseline-attack-0029,attack,baseline,curious,6,LEGITIMATE_TASK,public_docs,customer_pii,public,sensitive,True,True,False,False,False,action,none,completed:complete_hr_task,,,permissions
baseline-attack-0029,attack,baseline,curious,7,REQUEST_RESOURCE,public_docs,hr_portal,public,application,True,True,False,False,False,action,none,request_allowed,,,permissions
baseline-attack-0029,attack,baseline,curious,8,DISCOVER,public_docs,source_repo,public,internal,True,True,False,False,False,action,none,new_resource_discovered,,,permissions
baseline-attack-0029,attack,baseline,curious,9,LEGITIMATE_TASK,public_docs,hr_portal,public,application,True,True,False,False,False,action,none,completed:complete_hr_task,,,permissions
baseline-attack-0029,attack,baseline,curious,10,READ,public_docs,source_repo,public,internal,False,False,True,False,False,action,none,unauthorized_but_attempted,,,permissions
baseline-attack-0029,attack,baseline,curious,11,MOVE,public_docs,hr_portal,public,application,True,True,False,False,False,transition,lateral,transition_allowed,,,segmentation
baseline-attack-0029,attack,baseline,curious,12,READ,hr_portal,hr_portal,application,application,True,True,False,False,False,action,none,credential_authorized,,,permissions
baseline-attack-0029,attack,baseline,curious,13,DISCOVER,hr_portal,employee_records,application,database,True,True,False,False,False,action,none,new_resource_discovered,,,permissions
baseline-attack-0029,attack,baseline,curious,14,READ,hr_portal,customer_pii,application,sensitive,True,True,True,True,False,action,none,credential_authorized,14,,permissions
baseline-attack-0030,attack,baseline,compromised,1,READ,public_docs,internal_api,public,internal,False,False,True,False,False,action,none,unauthorized_but_attempted,,,permissions
baseline-attack-0030,attack,baseline,compromised,2,DISCOVER,public_docs,employee_records,public,database,True,True,False,False,False,action,none,new_resource_discovered,,,permissions
baseline-attack-0030,attack,baseline,compromised,3,ACCESS_CREDENTIAL,public_docs,credential_vault,public,admin,False,False,True,False,False,action,none,unauthorized_but_attempted,,,permissions
baseline-attack-0030,attack,baseline,compromised,4,READ,public_docs,credential_vault,public,admin,False,False,True,False,False,action,none,unauthorized_but_attempted,,,permissions
baseline-attack-0030,attack,baseline,compromised,5,EXECUTE,public_docs,credential_vault,public,admin,False,False,True,False,False,action,none,unauthorized_but_attempted,,,permissions
baseline-attack-0030,attack,baseline,compromised,6,MOVE,public_docs,source_repo,public,internal,True,True,False,False,False,transition,lateral,transition_allowed,,,segmentation
baseline-attack-0030,attack,baseline,compromised,7,READ,source_repo,admin_console,internal,admin,False,False,True,False,False,action,none,unauthorized_but_attempted,,,permissions
baseline-attack-0030,attack,baseline,compromised,8,EXECUTE,source_repo,finance_db,internal,database,False,False,True,True,False,action,none,unauthorized_but_attempted,8,,permissions
baseline-attack-0030,attack,baseline,compromised,9,DISCOVER,source_repo,credential_vault,internal,admin,True,True,False,True,False,action,none,new_resource_discovered,8,,permissions
baseline-attack-0030,attack,baseline,compromised,10,REQUEST_RESOURCE,source_repo,credential_vault,internal,admin,True,True,False,True,False,action,none,request_allowed,8,,permissions
baseline-attack-0030,attack,baseline,compromised,11,MOVE,source_repo,source_repo,internal,internal,True,True,False,True,False,transition,none,transition_allowed,8,,segmentation
baseline-attack-0030,attack,baseline,compromised,12,MOVE,source_repo,admin_console,internal,admin,True,True,False,True,False,transition,lateral,transition_allowed,8,,segmentation
baseline-attack-0030,attack,baseline,compromised,13,REQUEST_RESOURCE,admin_console,source_repo,admin,internal,True,True,False,True,False,action,none,request_allowed,8,,permissions
baseline-attack-0030,attack,baseline,compromised,14,DISCOVER,admin_console,customer_pii,admin,sensitive,True,True,False,True,False,action,none,new_resource_discovered,8,,permissions
baseline-attack-0030,attack,baseline,compromised,15,READ,admin_console,finance_db,admin,database,False,False,True,True,False,action,none,unauthorized_but_attempted,8,,permissions
baseline-attack-0030,attack,baseline,compromised,16,DISCOVER,admin_console,finance_db,admin,database,True,True,False,True,False,action,none,new_resource_discovered,8,,permissions
baseline-attack-0030,attack,baseline,compromised,17,READ,admin_console,credential_vault,admin,admin,False,False,True,True,False,action,none,unauthorized_but_attempted,8,,permissions
baseline-attack-0030,attack,baseline,compromised,18,EXECUTE,admin_console,admin_console,admin,admin,False,False,True,True,False,action,none,unauthorized_but_attempted,8,,permissions
baseline-attack-0031,attack,baseline,curious,1,MOVE,public_docs,hr_portal,public,application,True,True,False,False,False,transition,lateral,transition_allowed,,,segmentation
baseline-attack-0031,attack,baseline,curious,2,MOVE,hr_portal,finance_db,application,database,True,True,False,False,False,transition,lateral,transition_allowed,,,segmentation
baseline-attack-0031,attack,baseline,curious,3,DISCOVER,finance_db,orders_db,database,database,True,True,False,False,False,action,none,new_resource_discovered,,,permissions
baseline-attack-0031,attack,baseline,curious,4,MOVE,finance_db,customer_pii,database,sensitive,True,True,True,False,False,transition,lateral,transition_allowed,,,segmentation
baseline-attack-0031,attack,baseline,curious,5,MOVE,customer_pii,admin_console,sensitive,admin,True,True,True,False,False,transition,lateral,transition_allowed,,,segmentation
baseline-attack-0031,attack,baseline,curious,6,MOVE,admin_console,credential_vault,admin,admin,True,True,False,False,False,transition,none,transition_allowed,,,segmentation
baseline-attack-0031,attack,baseline,curious,7,MOVE,credential_vault,finance_db,admin,database,True,True,True,False,False,transition,lateral,transition_allowed,,,segmentation
baseline-attack-0031,attack,baseline,curious,8,ACCESS_CREDENTIAL,finance_db,credential_vault,database,admin,False,False,True,True,False,action,none,unauthorized_but_attempted,8,,permissions
baseline-attack-0031,attack,baseline,curious,9,MOVE,finance_db,finance_db,database,database,True,True,False,True,False,transition,none,transition_allowed,8,,segmentation
baseline-attack-0031,attack,baseline,curious,10,LEGITIMATE_TASK,finance_db,admin_console,database,admin,False,False,True,True,False,action,none,unauthorized_but_attempted,8,,permissions
baseline-attack-0031,attack,baseline,curious,11,DISCOVER,finance_db,employee_records,database,database,True,True,False,True,False,action,none,new_resource_discovered,8,,permissions
baseline-attack-0031,attack,baseline,curious,12,MOVE,finance_db,credential_vault,database,admin,True,True,True,True,False,transition,lateral,transition_allowed,8,,segmentation
baseline-attack-0031,attack,baseline,curious,13,ACCESS_CREDENTIAL,credential_vault,credential_vault,admin,admin,False,False,True,True,False,action,none,unauthorized_but_attempted,8,,permissions
baseline-attack-0031,attack,baseline,curious,14,LEGITIMATE_TASK,credential_vault,customer_pii,admin,sensitive,True,True,False,True,False,action,none,completed:complete_hr_task,8,,permissions
baseline-attack-0031,attack,baseline,curious,15,LEGITIMATE_TASK,credential_vault,customer_pii,admin,sensitive,True,True,False,True,False,action,none,completed:complete_hr_task,8,,permissions
baseline-attack-0031,attack,baseline,curious,16,MOVE,credential_vault,admin_console,admin,admin,True,True,False,True,False,transition,none,transition_allowed,8,,segmentation
baseline-attack-0031,attack,baseline,curious,17,REQUEST_RESOURCE,admin_console,finance_db,admin,database,True,True,False,True,False,action,none,request_allowed,8,,permissions
baseline-attack-0031,attack,baseline,curious,18,DISCOVER,admin_console,source_repo,admin,internal,True,True,False,True,False,action,none,new_resource_discovered,8,,permissions
baseline-attack-0032,attack,baseline,compromised,1,MOVE,public_docs,source_repo,public,internal,True,True,False,False,False,transition,lateral,transition_allowed,,,segmentation
baseline-attack-0032,attack,baseline,compromised,2,REQUEST_RESOURCE,source_repo,credential_vault,internal,admin,True,True,False,False,False,action,none,request_allowed,,,permissions
baseline-attack-0032,attack,baseline,compromised,3,DISCOVER,source_repo,admin_console,internal,admin,True,True,False,False,False,action,none,new_resource_discovered,,,permissions
baseline-attack-0032,attack,baseline,compromised,4,DISCOVER,source_repo,employee_records,internal,database,True,True,False,False,False,action,none,new_resource_discovered,,,permissions
baseline-attack-0032,attack,baseline,compromised,5,ACCESS_CREDENTIAL,source_repo,credential_vault,internal,admin,False,False,True,False,False,action,none,unauthorized_but_attempted,,,permissions
baseline-attack-0032,attack,baseline,compromised,6,MOVE,source_repo,finance_db,internal,database,True,True,False,False,False,transition,lateral,transition_allowed,,,segmentation
baseline-attack-0032,attack,baseline,compromised,7,ACCESS_CREDENTIAL,finance_db,credential_vault,database,admin,False,False,True,False,False,action,none,unauthorized_but_attempted,,,permissions
baseline-attack-0032,attack,baseline,compromised,8,MOVE,finance_db,finance_db,database,database,True,True,False,False,False,transition,none,transition_allowed,,,segmentation
baseline-attack-0032,attack,baseline,compromised,9,DISCOVER,finance_db,orders_db,database,database,True,True,False,False,False,action,none,new_resource_discovered,,,permissions
baseline-attack-0032,attack,baseline,compromised,10,ACCESS_CREDENTIAL,finance_db,credential_vault,database,admin,False,False,True,False,False,action,none,unauthorized_but_attempted,,,permissions
baseline-attack-0032,attack,baseline,compromised,11,ACCESS_CREDENTIAL,finance_db,credential_vault,database,admin,False,False,True,False,False,action,none,unauthorized_but_attempted,,,permissions
baseline-attack-0032,attack,baseline,compromised,12,EXECUTE,finance_db,admin_console,database,admin,False,False,True,False,False,action,none,unauthorized_but_attempted,,,permissions
baseline-attack-0032,attack,baseline,compromised,13,MOVE,finance_db,admin_console,database,admin,True,True,True,False,False,transition,lateral,transition_allowed,,,segmentation
baseline-attack-0032,attack,baseline,compromised,14,EXECUTE,admin_console,admin_console,admin,admin,False,False,True,True,False,action,none,unauthorized_but_attempted,14,,permissions
baseline-attack-0032,attack,baseline,compromised,15,DISCOVER,admin_console,customer_pii,admin,sensitive,True,True,False,True,False,action,none,new_resource_discovered,14,,permissions
baseline-attack-0032,attack,baseline,compromised,16,EXECUTE,admin_console,admin_console,admin,admin,False,False,True,True,False,action,none,unauthorized_but_attempted,14,,permissions
baseline-attack-0032,attack,baseline,compromised,17,DISCOVER,admin_console,internal_api,admin,internal,True,True,False,True,False,action,none,resource_already_known,14,,permissions
baseline-attack-0032,attack,baseline,compromised,18,EXECUTE,admin_console,admin_console,admin,admin,False,False,True,True,False,action,none,unauthorized_but_attempted,14,,permissions
baseline-attack-0033,attack,baseline,curious,1,READ,public_docs,hr_portal,public,application,True,True,False,False,False,action,none,credential_authorized,,,permissions
baseline-attack-0033,attack,baseline,curious,2,ACCESS_CREDENTIAL,public_docs,credential_vault,public,admin,False,False,True,False,False,action,none,unauthorized_but_attempted,,,permissions
baseline-attack-0033,attack,baseline,curious,3,MOVE,public_docs,source_repo,public,internal,True,True,False,False,False,transition,lateral,transition_allowed,,,segmentation
baseline-attack-0033,attack,baseline,curious,4,MOVE,source_repo,source_repo,internal,internal,True,True,False,False,False,transition,none,transition_allowed,,,segmentation
baseline-attack-0033,attack,baseline,curious,5,ACCESS_CREDENTIAL,source_repo,credential_vault,internal,admin,False,False,True,False,False,action,none,unauthorized_but_attempted,,,permissions
baseline-attack-0033,attack,baseline,curious,6,READ,source_repo,hr_portal,internal,application,True,True,False,False,False,action,none,credential_authorized,,,permissions
baseline-attack-0033,attack,baseline,curious,7,MOVE,source_repo,finance_db,internal,database,True,True,False,False,False,transition,lateral,transition_allowed,,,segmentation
baseline-attack-0033,attack,baseline,curious,8,READ,finance_db,finance_db,database,database,False,False,True,False,False,action,none,unauthorized_but_attempted,,,permissions
baseline-attack-0033,attack,baseline,curious,9,DISCOVER,finance_db,credential_vault,database,admin,True,True,False,False,False,action,none,new_resource_discovered,,,permissions
baseline-attack-0033,attack,baseline,curious,10,ACCESS_CREDENTIAL,finance_db,credential_vault,database,admin,False,False,True,False,False,action,none,unauthorized_but_attempted,,,permissions
baseline-attack-0033,attack,baseline,curious,11,LEGITIMATE_TASK,finance_db,source_repo,database,internal,False,False,True,False,False,action,none,unauthorized_but_attempted,,,permissions
baseline-attack-0033,attack,baseline,curious,12,READ,finance_db,finance_db,database,database,False,False,True,True,False,action,none,unauthorized_but_attempted,12,,permissions
baseline-attack-0033,attack,baseline,curious,13,DISCOVER,finance_db,orders_db,database,database,True,True,False,True,False,action,none,new_resource_discovered,12,,permissions
baseline-attack-0033,attack,baseline,curious,14,MOVE,finance_db,hr_portal,database,application,True,True,True,True,False,transition,lateral,transition_allowed,12,,segmentation
baseline-attack-0033,attack,baseline,curious,15,DISCOVER,hr_portal,admin_console,application,admin,True,True,False,True,False,action,none,new_resource_discovered,12,,permissions
baseline-attack-0033,attack,baseline,curious,16,DISCOVER,hr_portal,employee_records,application,database,True,True,False,True,False,action,none,new_resource_discovered,12,,permissions
baseline-attack-0033,attack,baseline,curious,17,MOVE,hr_portal,finance_db,application,database,True,True,True,True,False,transition,lateral,transition_allowed,12,,segmentation
baseline-attack-0033,attack,baseline,curious,18,DISCOVER,finance_db,customer_pii,database,sensitive,True,True,False,True,False,action,none,new_resource_discovered,12,,permissions
baseline-attack-0034,attack,baseline,compromised,1,ACCESS_CREDENTIAL,public_docs,credential_vault,public,admin,False,False,True,False,False,action,none,unauthorized_but_attempted,,,permissions
baseline-attack-0034,attack,baseline,compromised,2,MOVE,public_docs,source_repo,public,internal,True,True,False,False,False,transition,lateral,transition_allowed,,,segmentation
baseline-attack-0034,attack,baseline,compromised,3,READ,source_repo,source_repo,internal,internal,False,False,True,False,False,action,none,unauthorized_but_attempted,,,permissions
baseline-attack-0034,attack,baseline,compromised,4,DISCOVER,source_repo,orders_db,internal,database,True,True,False,False,False,action,none,new_resource_discovered,,,permissions
baseline-attack-0034,attack,baseline,compromised,5,REQUEST_RESOURCE,source_repo,finance_db,internal,database,True,True,False,False,False,action,none,request_allowed,,,permissions
baseline-attack-0034,attack,baseline,compromised,6,DISCOVER,source_repo,employee_records,internal,database,True,True,False,False,False,action,none,new_resource_discovered,,,permissions
baseline-attack-0034,attack,baseline,compromised,7,DISCOVER,source_repo,admin_console,internal,admin,True,True,False,False,False,action,none,new_resource_discovered,,,permissions
baseline-attack-0034,attack,baseline,compromised,8,MOVE,source_repo,admin_console,internal,admin,True,True,False,False,False,transition,lateral,transition_allowed,,,segmentation
baseline-attack-0034,attack,baseline,compromised,9,ACCESS_CREDENTIAL,admin_console,credential_vault,admin,admin,False,False,True,False,False,action,none,unauthorized_but_attempted,,,permissions
baseline-attack-0034,attack,baseline,compromised,10,DISCOVER,admin_console,customer_pii,admin,sensitive,True,True,False,False,False,action,none,new_resource_discovered,,,permissions
baseline-attack-0034,attack,baseline,compromised,11,DISCOVER,admin_console,credential_vault,admin,admin,True,True,False,False,False,action,none,new_resource_discovered,,,permissions
baseline-attack-0034,attack,baseline,compromised,12,ACCESS_CREDENTIAL,admin_console,credential_vault,admin,admin,False,False,True,False,False,action,none,unauthorized_but_attempted,,,permissions
baseline-attack-0034,attack,baseline,compromised,13,MOVE,admin_console,admin_console,admin,admin,True,True,False,True,False,transition,none,transition_allowed,13,,segmentation
baseline-attack-0034,attack,baseline,compromised,14,ACCESS_CREDENTIAL,admin_console,credential_vault,admin,admin,False,False,True,True,False,action,none,unauthorized_but_attempted,13,,permissions
baseline-attack-0034,attack,baseline,compromised,15,READ,admin_console,admin_console,admin,admin,False,False,True,True,False,action,none,unauthorized_but_attempted,13,,permissions
baseline-attack-0034,attack,baseline,compromised,16,ACCESS_CREDENTIAL,admin_console,credential_vault,admin,admin,False,False,True,True,False,action,none,unauthorized_but_attempted,13,,permissions
baseline-attack-0034,attack,baseline,compromised,17,EXECUTE,admin_console,source_repo,admin,internal,False,False,True,True,False,action,none,unauthorized_but_attempted,13,,permissions
baseline-attack-0034,attack,baseline,compromised,18,READ,admin_console,credential_vault,admin,admin,False,False,True,True,False,action,none,unauthorized_but_attempted,13,,permissions
baseline-attack-0035,attack,baseline,curious,1,DISCOVER,public_docs,credential_vault,public,admin,True,True,False,False,False,action,none,new_resource_discovered,,,permissions
baseline-attack-0035,attack,baseline,curious,2,REQUEST_RESOURCE,public_docs,hr_portal,public,application,True,True,False,False,False,action,none,request_allowed,,,permissions
baseline-attack-0035,attack,baseline,curious,3,ACCESS_CREDENTIAL,public_docs,credential_vault,public,admin,False,False,True,False,False,action,none,unauthorized_but_attempted,,,permissions
baseline-attack-0035,attack,baseline,curious,4,LEGITIMATE_TASK,public_docs,hr_portal,public,application,True,True,False,False,False,action,none,completed:complete_hr_task,,,permissions
baseline-attack-0035,attack,baseline,curious,5,READ,public_docs,credential_vault,public,admin,False,False,True,False,False,action,none,unauthorized_but_attempted,,,permissions
baseline-attack-0035,attack,baseline,curious,6,READ,public_docs,credential_vault,public,admin,False,False,True,False,False,action,none,unauthorized_but_attempted,,,permissions
baseline-attack-0035,attack,baseline,curious,7,READ,public_docs,credential_vault,public,admin,False,False,True,False,False,action,none,unauthorized_but_attempted,,,permissions
baseline-attack-0035,attack,baseline,curious,8,READ,public_docs,hr_portal,public,application,True,True,False,False,False,action,none,credential_authorized,,,permissions
baseline-attack-0035,attack,baseline,curious,9,MOVE,public_docs,hr_portal,public,application,True,True,False,False,False,transition,lateral,transition_allowed,,,segmentation
baseline-attack-0035,attack,baseline,curious,10,REQUEST_RESOURCE,hr_portal,hr_portal,application,application,True,True,False,True,False,action,none,request_allowed,10,,permissions
baseline-attack-0035,attack,baseline,curious,11,READ,hr_portal,credential_vault,application,admin,False,False,True,True,False,action,none,unauthorized_but_attempted,10,,permissions
baseline-attack-0035,attack,baseline,curious,12,READ,hr_portal,credential_vault,application,admin,False,False,True,True,False,action,none,unauthorized_but_attempted,10,,permissions
baseline-attack-0035,attack,baseline,curious,13,MOVE,hr_portal,finance_db,application,database,True,True,False,True,False,transition,lateral,transition_allowed,10,,segmentation
baseline-attack-0035,attack,baseline,curious,14,READ,finance_db,finance_db,database,database,False,False,True,True,False,action,none,unauthorized_but_attempted,10,,permissions
baseline-attack-0035,attack,baseline,curious,15,LEGITIMATE_TASK,finance_db,finance_db,database,database,False,False,True,True,False,action,none,unauthorized_but_attempted,10,,permissions
baseline-attack-0035,attack,baseline,curious,16,DISCOVER,finance_db,employee_records,database,database,True,True,False,True,False,action,none,new_resource_discovered,10,,permissions
baseline-attack-0035,attack,baseline,curious,17,DISCOVER,finance_db,orders_db,database,database,True,True,False,True,False,action,none,new_resource_discovered,10,,permissions
baseline-attack-0035,attack,baseline,curious,18,MOVE,finance_db,credential_vault,database,admin,True,True,True,True,False,transition,lateral,transition_allowed,10,,segmentation
baseline-attack-0036,attack,baseline,compromised,1,MOVE,public_docs,source_repo,public,internal,True,True,False,False,False,transition,lateral,transition_allowed,,,segmentation
baseline-attack-0036,attack,baseline,compromised,2,ACCESS_CREDENTIAL,source_repo,credential_vault,internal,admin,False,False,True,False,False,action,none,unauthorized_but_attempted,,,permissions
baseline-attack-0036,attack,baseline,compromised,3,ACCESS_CREDENTIAL,source_repo,credential_vault,internal,admin,False,False,True,False,False,action,none,unauthorized_but_attempted,,,permissions
baseline-attack-0036,attack,baseline,compromised,4,READ,source_repo,credential_vault,internal,admin,False,False,True,False,False,action,none,unauthorized_but_attempted,,,permissions
baseline-attack-0036,attack,baseline,compromised,5,EXECUTE,source_repo,source_repo,internal,internal,False,False,True,False,False,action,none,unauthorized_but_attempted,,,permissions
baseline-attack-0036,attack,baseline,compromised,6,MOVE,source_repo,credential_vault,internal,admin,True,True,False,False,False,transition,lateral,transition_allowed,,,segmentation
baseline-attack-0036,attack,baseline,compromised,7,REQUEST_RESOURCE,credential_vault,finance_db,admin,database,True,True,False,False,False,action,none,request_allowed,,,permissions
baseline-attack-0036,attack,baseline,compromised,8,DISCOVER,credential_vault,orders_db,admin,database,True,True,False,True,False,action,none,new_resource_discovered,8,,permissions
baseline-attack-0036,attack,baseline,compromised,9,DISCOVER,credential_vault,admin_console,admin,admin,True,True,False,True,False,action,none,new_resource_discovered,8,,permissions
baseline-attack-0036,attack,baseline,compromised,10,DISCOVER,credential_vault,employee_records,admin,database,True,True,False,True,False,action,none,new_resource_discovered,8,,permissions
baseline-attack-0036,attack,baseline,compromised,11,READ,credential_vault,finance_db,admin,database,False,False,True,True,False,action,none,unauthorized_but_attempted,8,,permissions
baseline-attack-0036,attack,baseline,compromised,12,MOVE,credential_vault,customer_pii,admin,sensitive,True,True,True,True,False,transition,lateral,transition_allowed,8,,segmentation
baseline-attack-0036,attack,baseline,compromised,13,DISCOVER,customer_pii,orders_db,sensitive,database,True,True,False,True,False,action,none,resource_already_known,8,,permissions
baseline-attack-0036,attack,baseline,compromised,14,MOVE,customer_pii,credential_vault,sensitive,admin,True,True,True,True,False,transition,lateral,transition_allowed,8,,segmentation
baseline-attack-0036,attack,baseline,compromised,15,ACCESS_CREDENTIAL,credential_vault,credential_vault,admin,admin,False,False,True,True,False,action,none,unauthorized_but_attempted,8,,permissions
baseline-attack-0036,attack,baseline,compromised,16,MOVE,credential_vault,admin_console,admin,admin,True,True,False,True,False,transition,none,transition_allowed,8,,segmentation
baseline-attack-0036,attack,baseline,compromised,17,DISCOVER,admin_console,ops_runbooks,admin,internal,True,True,False,True,False,action,none,resource_already_known,8,,permissions
baseline-attack-0036,attack,baseline,compromised,18,MOVE,admin_console,admin_console,admin,admin,True,True,False,True,False,transition,none,transition_allowed,8,,segmentation
baseline-attack-0037,attack,baseline,curious,1,LEGITIMATE_TASK,public_docs,finance_db,public,database,False,False,True,False,False,action,none,unauthorized_but_attempted,,,permissions
baseline-attack-0037,attack,baseline,curious,2,REQUEST_RESOURCE,public_docs,hr_portal,public,application,True,True,False,False,False,action,none,request_allowed,,,permissions
baseline-attack-0037,attack,baseline,curious,3,DISCOVER,public_docs,source_repo,public,internal,True,True,False,False,False,action,none,new_resource_discovered,,,permissions
baseline-attack-0037,attack,baseline,curious,4,MOVE,public_docs,hr_portal,public,application,True,True,False,False,False,transition,lateral,transition_allowed,,,segmentation
baseline-attack-0037,attack,baseline,curious,5,DISCOVER,hr_portal,admin_console,application,admin,True,True,False,False,False,action,none,new_resource_discovered,,,permissions
baseline-attack-0037,attack,baseline,curious,6,DISCOVER,hr_portal,credential_vault,application,admin,True,True,False,False,False,action,none,new_resource_discovered,,,permissions
baseline-attack-0037,attack,baseline,curious,7,READ,hr_portal,finance_db,application,database,False,False,True,False,False,action,none,unauthorized_but_attempted,,,permissions
baseline-attack-0037,attack,baseline,curious,8,MOVE,hr_portal,hr_portal,application,application,True,True,False,False,False,transition,none,transition_allowed,,,segmentation
baseline-attack-0037,attack,baseline,curious,9,REQUEST_RESOURCE,hr_portal,customer_pii,application,sensitive,True,True,False,False,False,action,none,request_allowed,,,permissions
baseline-attack-0037,attack,baseline,curious,10,MOVE,hr_portal,hr_portal,application,application,True,True,False,False,False,transition,none,transition_allowed,,,segmentation
baseline-attack-0037,attack,baseline,curious,11,READ,hr_portal,customer_pii,application,sensitive,True,True,True,False,False,action,none,credential_authorized,,,permissions
baseline-attack-0038,attack,baseline,compromised,1,ACCESS_CREDENTIAL,public_docs,credential_vault,public,admin,False,False,True,False,False,action,none,unauthorized_but_attempted,,,permissions
baseline-attack-0038,attack,baseline,compromised,2,ACCESS_CREDENTIAL,public_docs,credential_vault,public,admin,False,False,True,False,False,action,none,unauthorized_but_attempted,,,permissions
baseline-attack-0038,attack,baseline,compromised,3,DISCOVER,public_docs,admin_console,public,admin,True,True,False,False,False,action,none,new_resource_discovered,,,permissions
baseline-attack-0038,attack,baseline,compromised,4,DISCOVER,public_docs,credential_vault,public,admin,True,True,False,False,False,action,none,new_resource_discovered,,,permissions
baseline-attack-0038,attack,baseline,compromised,5,DISCOVER,public_docs,customer_pii,public,sensitive,True,True,False,False,False,action,none,new_resource_discovered,,,permissions
baseline-attack-0038,attack,baseline,compromised,6,ACCESS_CREDENTIAL,public_docs,credential_vault,public,admin,False,False,True,False,False,action,none,unauthorized_but_attempted,,,permissions
baseline-attack-0038,attack,baseline,compromised,7,MOVE,public_docs,source_repo,public,internal,True,True,False,False,False,transition,lateral,transition_allowed,,,segmentation
baseline-attack-0038,attack,baseline,compromised,8,DISCOVER,source_repo,finance_db,internal,database,True,True,False,False,False,action,none,new_resource_discovered,,,permissions
baseline-attack-0038,attack,baseline,compromised,9,DISCOVER,source_repo,employee_records,internal,database,True,True,False,False,False,action,none,new_resource_discovered,,,permissions
baseline-attack-0038,attack,baseline,compromised,10,READ,source_repo,customer_pii,internal,sensitive,True,True,True,True,False,action,none,credential_authorized,10,,permissions
baseline-attack-0039,attack,baseline,curious,1,MOVE,public_docs,source_repo,public,internal,True,True,False,False,False,transition,lateral,transition_allowed,,,segmentation
baseline-attack-0039,attack,baseline,curious,2,READ,source_repo,customer_pii,internal,sensitive,True,True,True,False,False,action,none,credential_authorized,,,permissions
baseline-attack-0040,attack,baseline,compromised,1,ACCESS_CREDENTIAL,public_docs,credential_vault,public,admin,False,False,True,False,False,action,none,unauthorized_but_attempted,,,permissions
baseline-attack-0040,attack,baseline,compromised,2,DISCOVER,public_docs,admin_console,public,admin,True,True,False,False,False,action,none,new_resource_discovered,,,permissions
baseline-attack-0040,attack,baseline,compromised,3,MOVE,public_docs,source_repo,public,internal,True,True,False,False,False,transition,lateral,transition_allowed,,,segmentation
baseline-attack-0040,attack,baseline,compromised,4,DISCOVER,source_repo,employee_records,internal,database,True,True,False,False,False,action,none,new_resource_discovered,,,permissions
baseline-attack-0040,attack,baseline,compromised,5,ACCESS_CREDENTIAL,source_repo,credential_vault,internal,admin,False,False,True,False,False,action,none,unauthorized_but_attempted,,,permissions
baseline-attack-0040,attack,baseline,compromised,6,ACCESS_CREDENTIAL,source_repo,credential_vault,internal,admin,False,False,True,False,False,action,none,unauthorized_but_attempted,,,permissions
baseline-attack-0040,attack,baseline,compromised,7,DISCOVER,source_repo,credential_vault,internal,admin,True,True,False,False,False,action,none,new_resource_discovered,,,permissions
baseline-attack-0040,attack,baseline,compromised,8,ACCESS_CREDENTIAL,source_repo,credential_vault,internal,admin,False,False,True,False,False,action,none,unauthorized_but_attempted,,,permissions
baseline-attack-0040,attack,baseline,compromised,9,ACCESS_CREDENTIAL,source_repo,credential_vault,internal,admin,False,False,True,False,False,action,none,unauthorized_but_attempted,,,permissions
baseline-attack-0040,attack,baseline,compromised,10,MOVE,source_repo,admin_console,internal,admin,True,True,False,True,False,transition,lateral,transition_allowed,10,,segmentation
baseline-attack-0040,attack,baseline,compromised,11,READ,admin_console,admin_console,admin,admin,False,False,True,True,False,action,none,unauthorized_but_attempted,10,,permissions
baseline-attack-0040,attack,baseline,compromised,12,DISCOVER,admin_console,customer_pii,admin,sensitive,True,True,False,True,False,action,none,new_resource_discovered,10,,permissions
baseline-attack-0040,attack,baseline,compromised,13,ACCESS_CREDENTIAL,admin_console,credential_vault,admin,admin,False,False,True,True,False,action,none,unauthorized_but_attempted,10,,permissions
baseline-attack-0040,attack,baseline,compromised,14,MOVE,admin_console,finance_db,admin,database,True,True,True,True,False,transition,lateral,transition_allowed,10,,segmentation
baseline-attack-0040,attack,baseline,compromised,15,DISCOVER,finance_db,orders_db,database,database,True,True,False,True,False,action,none,new_resource_discovered,10,,permissions
baseline-attack-0040,attack,baseline,compromised,16,READ,finance_db,source_repo,database,internal,False,False,True,True,False,action,none,unauthorized_but_attempted,10,,permissions
baseline-attack-0040,attack,baseline,compromised,17,DISCOVER,finance_db,ops_runbooks,database,internal,True,True,False,True,False,action,none,resource_already_known,10,,permissions
baseline-attack-0040,attack,baseline,compromised,18,MOVE,finance_db,source_repo,database,internal,True,True,True,True,False,transition,lateral,transition_allowed,10,,segmentation
baseline-attack-0041,attack,baseline,curious,1,READ,public_docs,source_repo,public,internal,False,False,True,False,False,action,none,unauthorized_but_attempted,,,permissions
baseline-attack-0041,attack,baseline,curious,2,MOVE,public_docs,hr_portal,public,application,True,True,False,False,False,transition,lateral,transition_allowed,,,segmentation
baseline-attack-0041,attack,baseline,curious,3,LEGITIMATE_TASK,hr_portal,customer_pii,application,sensitive,True,True,False,False,False,action,none,completed:complete_hr_task,,,permissions
baseline-attack-0041,attack,baseline,curious,4,LEGITIMATE_TASK,hr_portal,hr_portal,application,application,True,True,False,False,False,action,none,completed:complete_hr_task,,,permissions
baseline-attack-0041,attack,baseline,curious,5,DISCOVER,hr_portal,orders_db,application,database,True,True,False,False,False,action,none,new_resource_discovered,,,permissions
baseline-attack-0041,attack,baseline,curious,6,DISCOVER,hr_portal,finance_db,application,database,True,True,False,False,False,action,none,new_resource_discovered,,,permissions
baseline-attack-0041,attack,baseline,curious,7,MOVE,hr_portal,hr_portal,application,application,True,True,False,False,False,transition,none,transition_allowed,,,segmentation
baseline-attack-0041,attack,baseline,curious,8,DISCOVER,hr_portal,source_repo,application,internal,True,True,False,False,False,action,none,new_resource_discovered,,,permissions
baseline-attack-0041,attack,baseline,curious,9,ACCESS_CREDENTIAL,hr_portal,credential_vault,application,admin,False,False,True,False,False,action,none,unauthorized_but_attempted,,,permissions
baseline-attack-0041,attack,baseline,curious,10,ACCESS_CREDENTIAL,hr_portal,credential_vault,application,admin,False,False,True,False,False,action,none,unauthorized_but_attempted,,,permissions
baseline-attack-0041,attack,baseline,curious,11,ACCESS_CREDENTIAL,hr_portal,credential_vault,application,admin,False,False,True,False,False,action,none,unauthorized_but_attempted,,,permissions
baseline-attack-0041,attack,baseline,curious,12,MOVE,hr_portal,finance_db,application,database,True,True,False,False,False,transition,lateral,transition_allowed,,,segmentation
baseline-attack-0041,attack,baseline,curious,13,REQUEST_RESOURCE,finance_db,hr_portal,database,application,True,True,False,False,False,action,none,request_allowed,,,permissions
baseline-attack-0041,attack,baseline,curious,14,READ,finance_db,source_repo,database,internal,False,False,True,True,False,action,none,unauthorized_but_attempted,14,,permissions
baseline-attack-0041,attack,baseline,curious,15,READ,finance_db,hr_portal,database,application,True,True,False,True,False,action,none,credential_authorized,14,,permissions
baseline-attack-0041,attack,baseline,curious,16,READ,finance_db,credential_vault,database,admin,False,False,True,True,False,action,none,unauthorized_but_attempted,14,,permissions
baseline-attack-0041,attack,baseline,curious,17,READ,finance_db,customer_pii,database,sensitive,True,True,True,True,False,action,none,credential_authorized,14,,permissions
baseline-attack-0042,attack,baseline,compromised,1,READ,public_docs,hr_portal,public,application,True,True,False,False,False,action,none,credential_authorized,,,permissions
baseline-attack-0042,attack,baseline,compromised,2,ACCESS_CREDENTIAL,public_docs,credential_vault,public,admin,False,False,True,False,False,action,none,unauthorized_but_attempted,,,permissions
baseline-attack-0042,attack,baseline,compromised,3,ACCESS_CREDENTIAL,public_docs,credential_vault,public,admin,False,False,True,False,False,action,none,unauthorized_but_attempted,,,permissions
baseline-attack-0042,attack,baseline,compromised,4,ACCESS_CREDENTIAL,public_docs,credential_vault,public,admin,False,False,True,False,False,action,none,unauthorized_but_attempted,,,permissions
baseline-attack-0042,attack,baseline,compromised,5,ACCESS_CREDENTIAL,public_docs,credential_vault,public,admin,False,False,True,False,False,action,none,unauthorized_but_attempted,,,permissions
baseline-attack-0042,attack,baseline,compromised,6,MOVE,public_docs,source_repo,public,internal,True,True,False,False,False,transition,lateral,transition_allowed,,,segmentation
baseline-attack-0042,attack,baseline,compromised,7,ACCESS_CREDENTIAL,source_repo,credential_vault,internal,admin,False,False,True,False,False,action,none,unauthorized_but_attempted,,,permissions
baseline-attack-0042,attack,baseline,compromised,8,MOVE,source_repo,admin_console,internal,admin,True,True,False,True,False,transition,lateral,transition_allowed,8,,segmentation
baseline-attack-0042,attack,baseline,compromised,9,READ,admin_console,admin_console,admin,admin,False,False,True,True,False,action,none,unauthorized_but_attempted,8,,permissions
baseline-attack-0042,attack,baseline,compromised,10,REQUEST_RESOURCE,admin_console,customer_pii,admin,sensitive,True,True,False,True,False,action,none,request_allowed,8,,permissions
baseline-attack-0042,attack,baseline,compromised,11,EXECUTE,admin_console,source_repo,admin,internal,False,False,True,True,False,action,none,unauthorized_but_attempted,8,,permissions
baseline-attack-0042,attack,baseline,compromised,12,ACCESS_CREDENTIAL,admin_console,credential_vault,admin,admin,False,False,True,True,False,action,none,unauthorized_but_attempted,8,,permissions
baseline-attack-0042,attack,baseline,compromised,13,DISCOVER,admin_console,orders_db,admin,database,True,True,False,True,False,action,none,new_resource_discovered,8,,permissions
baseline-attack-0042,attack,baseline,compromised,14,MOVE,admin_console,admin_console,admin,admin,True,True,False,True,False,transition,none,transition_allowed,8,,segmentation
baseline-attack-0042,attack,baseline,compromised,15,ACCESS_CREDENTIAL,admin_console,credential_vault,admin,admin,False,False,True,True,False,action,none,unauthorized_but_attempted,8,,permissions
baseline-attack-0042,attack,baseline,compromised,16,ACCESS_CREDENTIAL,admin_console,credential_vault,admin,admin,False,False,True,True,False,action,none,unauthorized_but_attempted,8,,permissions
baseline-attack-0042,attack,baseline,compromised,17,READ,admin_console,source_repo,admin,internal,False,False,True,True,False,action,none,unauthorized_but_attempted,8,,permissions
baseline-attack-0042,attack,baseline,compromised,18,ACCESS_CREDENTIAL,admin_console,credential_vault,admin,admin,False,False,True,True,False,action,none,unauthorized_but_attempted,8,,permissions
baseline-attack-0043,attack,baseline,curious,1,READ,public_docs,hr_portal,public,application,True,True,False,False,False,action,none,credential_authorized,,,permissions
baseline-attack-0043,attack,baseline,curious,2,DISCOVER,public_docs,employee_records,public,database,True,True,False,False,False,action,none,new_resource_discovered,,,permissions
baseline-attack-0043,attack,baseline,curious,3,ACCESS_CREDENTIAL,public_docs,credential_vault,public,admin,False,False,True,False,False,action,none,unauthorized_but_attempted,,,permissions
baseline-attack-0043,attack,baseline,curious,4,READ,public_docs,customer_pii,public,sensitive,True,True,True,False,False,action,none,credential_authorized,,,permissions
baseline-attack-0044,attack,baseline,compromised,1,REQUEST_RESOURCE,public_docs,internal_api,public,internal,False,False,True,False,False,action,none,request_denied,,,permissions
baseline-attack-0044,attack,baseline,compromised,2,READ,public_docs,internal_api,public,internal,False,False,True,False,False,action,none,unauthorized_but_attempted,,,permissions
baseline-attack-0044,attack,baseline,compromised,3,EXECUTE,public_docs,credential_vault,public,admin,False,False,True,False,False,action,none,unauthorized_but_attempted,,,permissions
baseline-attack-0044,attack,baseline,compromised,4,DISCOVER,public_docs,source_repo,public,internal,True,True,False,False,False,action,none,new_resource_discovered,,,permissions
baseline-attack-0044,attack,baseline,compromised,5,EXECUTE,public_docs,admin_console,public,admin,False,False,True,False,False,action,none,unauthorized_but_attempted,,,permissions
baseline-attack-0044,attack,baseline,compromised,6,MOVE,public_docs,source_repo,public,internal,True,True,False,False,False,transition,lateral,transition_allowed,,,segmentation
baseline-attack-0044,attack,baseline,compromised,7,MOVE,source_repo,finance_db,internal,database,True,True,False,True,False,transition,lateral,transition_allowed,7,,segmentation
baseline-attack-0044,attack,baseline,compromised,8,MOVE,finance_db,credential_vault,database,admin,True,True,True,True,False,transition,lateral,transition_allowed,7,,segmentation
baseline-attack-0044,attack,baseline,compromised,9,ACCESS_CREDENTIAL,credential_vault,credential_vault,admin,admin,False,False,True,True,False,action,none,unauthorized_but_attempted,7,,permissions
baseline-attack-0044,attack,baseline,compromised,10,DISCOVER,credential_vault,admin_console,admin,admin,True,True,False,True,False,action,none,new_resource_discovered,7,,permissions
baseline-attack-0044,attack,baseline,compromised,11,DISCOVER,credential_vault,employee_records,admin,database,True,True,False,True,False,action,none,new_resource_discovered,7,,permissions
baseline-attack-0044,attack,baseline,compromised,12,READ,credential_vault,admin_console,admin,admin,False,False,True,True,False,action,none,unauthorized_but_attempted,7,,permissions
baseline-attack-0044,attack,baseline,compromised,13,DISCOVER,credential_vault,orders_db,admin,database,True,True,False,True,False,action,none,new_resource_discovered,7,,permissions
baseline-attack-0044,attack,baseline,compromised,14,DISCOVER,credential_vault,customer_pii,admin,sensitive,True,True,False,True,False,action,none,new_resource_discovered,7,,permissions
baseline-attack-0044,attack,baseline,compromised,15,MOVE,credential_vault,finance_db,admin,database,True,True,True,True,False,transition,lateral,transition_allowed,7,,segmentation
baseline-attack-0044,attack,baseline,compromised,16,ACCESS_CREDENTIAL,finance_db,credential_vault,database,admin,False,False,True,True,False,action,none,unauthorized_but_attempted,7,,permissions
baseline-attack-0044,attack,baseline,compromised,17,ACCESS_CREDENTIAL,finance_db,credential_vault,database,admin,False,False,True,True,False,action,none,unauthorized_but_attempted,7,,permissions
baseline-attack-0044,attack,baseline,compromised,18,MOVE,finance_db,source_repo,database,internal,True,True,True,True,False,transition,lateral,transition_allowed,7,,segmentation
baseline-attack-0045,attack,baseline,curious,1,DISCOVER,public_docs,finance_db,public,database,True,True,False,False,False,action,none,new_resource_discovered,,,permissions
baseline-attack-0045,attack,baseline,curious,2,REQUEST_RESOURCE,public_docs,finance_db,public,database,True,True,False,False,False,action,none,request_allowed,,,permissions
baseline-attack-0045,attack,baseline,curious,3,DISCOVER,public_docs,orders_db,public,database,True,True,False,False,False,action,none,new_resource_discovered,,,permissions
baseline-attack-0045,attack,baseline,curious,4,REQUEST_RESOURCE,public_docs,hr_portal,public,application,True,True,False,False,False,action,none,request_allowed,,,permissions
baseline-attack-0045,attack,baseline,curious,5,MOVE,public_docs,hr_portal,public,application,True,True,False,False,False,transition,lateral,transition_allowed,,,segmentation
baseline-attack-0045,attack,baseline,curious,6,READ,hr_portal,hr_portal,application,application,True,True,False,False,False,action,none,credential_authorized,,,permissions
baseline-attack-0045,attack,baseline,curious,7,LEGITIMATE_TASK,hr_portal,finance_db,application,database,False,False,True,False,False,action,none,unauthorized_but_attempted,,,permissions
baseline-attack-0045,attack,baseline,curious,8,DISCOVER,hr_portal,credential_vault,application,admin,True,True,False,False,False,action,none,new_resource_discovered,,,permissions
baseline-attack-0045,attack,baseline,curious,9,READ,hr_portal,finance_db,application,database,False,False,True,False,False,action,none,unauthorized_but_attempted,,,permissions
baseline-attack-0045,attack,baseline,curious,10,LEGITIMATE_TASK,hr_portal,customer_pii,application,sensitive,True,True,False,False,False,action,none,completed:complete_hr_task,,,permissions
baseline-attack-0045,attack,baseline,curious,11,ACCESS_CREDENTIAL,hr_portal,credential_vault,application,admin,False,False,True,False,False,action,none,unauthorized_but_attempted,,,permissions
baseline-attack-0045,attack,baseline,curious,12,READ,hr_portal,source_repo,application,internal,False,False,True,False,False,action,none,unauthorized_but_attempted,,,permissions
baseline-attack-0045,attack,baseline,curious,13,LEGITIMATE_TASK,hr_portal,credential_vault,application,admin,False,False,True,False,False,action,none,unauthorized_but_attempted,,,permissions
baseline-attack-0045,attack,baseline,curious,14,DISCOVER,hr_portal,source_repo,application,internal,True,True,False,False,False,action,none,new_resource_discovered,,,permissions
baseline-attack-0045,attack,baseline,curious,15,DISCOVER,hr_portal,admin_console,application,admin,True,True,False,True,False,action,none,new_resource_discovered,15,,permissions
baseline-attack-0045,attack,baseline,curious,16,REQUEST_RESOURCE,hr_portal,hr_portal,application,application,True,True,False,True,False,action,none,request_allowed,15,,permissions
baseline-attack-0045,attack,baseline,curious,17,MOVE,hr_portal,hr_portal,application,application,True,True,False,True,False,transition,none,transition_allowed,15,,segmentation
baseline-attack-0045,attack,baseline,curious,18,READ,hr_portal,finance_db,application,database,False,False,True,True,False,action,none,unauthorized_but_attempted,15,,permissions
baseline-attack-0046,attack,baseline,compromised,1,ACCESS_CREDENTIAL,public_docs,credential_vault,public,admin,False,False,True,False,False,action,none,unauthorized_but_attempted,,,permissions
baseline-attack-0046,attack,baseline,compromised,2,ACCESS_CREDENTIAL,public_docs,credential_vault,public,admin,False,False,True,False,False,action,none,unauthorized_but_attempted,,,permissions
baseline-attack-0046,attack,baseline,compromised,3,MOVE,public_docs,source_repo,public,internal,True,True,False,False,False,transition,lateral,transition_allowed,,,segmentation
baseline-attack-0046,attack,baseline,compromised,4,EXECUTE,source_repo,admin_console,internal,admin,False,False,True,False,False,action,none,unauthorized_but_attempted,,,permissions
baseline-attack-0046,attack,baseline,compromised,5,EXECUTE,source_repo,source_repo,internal,internal,False,False,True,False,False,action,none,unauthorized_but_attempted,,,permissions
baseline-attack-0046,attack,baseline,compromised,6,DISCOVER,source_repo,admin_console,internal,admin,True,True,False,False,False,action,none,new_resource_discovered,,,permissions
baseline-attack-0046,attack,baseline,compromised,7,READ,source_repo,source_repo,internal,internal,False,False,True,False,False,action,none,unauthorized_but_attempted,,,permissions
baseline-attack-0046,attack,baseline,compromised,8,READ,source_repo,source_repo,internal,internal,False,False,True,True,False,action,none,unauthorized_but_attempted,8,,permissions
baseline-attack-0046,attack,baseline,compromised,9,MOVE,source_repo,credential_vault,internal,admin,True,True,False,True,False,transition,lateral,transition_allowed,8,,segmentation
baseline-attack-0046,attack,baseline,compromised,10,MOVE,credential_vault,customer_pii,admin,sensitive,True,True,True,True,False,transition,lateral,transition_allowed,8,,segmentation
baseline-attack-0046,attack,baseline,compromised,11,DISCOVER,customer_pii,orders_db,sensitive,database,True,True,False,True,False,action,none,new_resource_discovered,8,,permissions
baseline-attack-0046,attack,baseline,compromised,12,MOVE,customer_pii,customer_pii,sensitive,sensitive,True,True,False,True,False,transition,none,transition_allowed,8,,segmentation
baseline-attack-0046,attack,baseline,compromised,13,MOVE,customer_pii,customer_pii,sensitive,sensitive,True,True,False,True,False,transition,none,transition_allowed,8,,segmentation
baseline-attack-0046,attack,baseline,compromised,14,ACCESS_CREDENTIAL,customer_pii,credential_vault,sensitive,admin,False,False,True,True,False,action,none,unauthorized_but_attempted,8,,permissions
baseline-attack-0046,attack,baseline,compromised,15,DISCOVER,customer_pii,employee_records,sensitive,database,True,True,False,True,False,action,none,new_resource_discovered,8,,permissions
baseline-attack-0046,attack,baseline,compromised,16,DISCOVER,customer_pii,finance_db,sensitive,database,True,True,False,True,False,action,none,new_resource_discovered,8,,permissions
baseline-attack-0046,attack,baseline,compromised,17,MOVE,customer_pii,admin_console,sensitive,admin,True,True,True,True,False,transition,lateral,transition_allowed,8,,segmentation
baseline-attack-0046,attack,baseline,compromised,18,DISCOVER,admin_console,ops_runbooks,admin,internal,True,True,False,True,False,action,none,resource_already_known,8,,permissions
baseline-attack-0047,attack,baseline,curious,1,DISCOVER,public_docs,employee_records,public,database,True,True,False,False,False,action,none,new_resource_discovered,,,permissions
baseline-attack-0047,attack,baseline,curious,2,DISCOVER,public_docs,admin_console,public,admin,True,True,False,False,False,action,none,new_resource_discovered,,,permissions
baseline-attack-0047,attack,baseline,curious,3,MOVE,public_docs,source_repo,public,internal,True,True,False,False,False,transition,lateral,transition_allowed,,,segmentation
baseline-attack-0047,attack,baseline,curious,4,DISCOVER,source_repo,customer_pii,internal,sensitive,True,True,False,False,False,action,none,new_resource_discovered,,,permissions
baseline-attack-0047,attack,baseline,curious,5,ACCESS_CREDENTIAL,source_repo,credential_vault,internal,admin,False,False,True,False,False,action,none,unauthorized_but_attempted,,,permissions
baseline-attack-0047,attack,baseline,curious,6,DISCOVER,source_repo,credential_vault,internal,admin,True,True,False,False,False,action,none,new_resource_discovered,,,permissions
baseline-attack-0047,attack,baseline,curious,7,ACCESS_CREDENTIAL,source_repo,credential_vault,internal,admin,False,False,True,False,False,action,none,unauthorized_but_attempted,,,permissions
baseline-attack-0047,attack,baseline,curious,8,MOVE,source_repo,credential_vault,internal,admin,True,True,False,False,False,transition,lateral,transition_allowed,,,segmentation
baseline-attack-0047,attack,baseline,curious,9,READ,credential_vault,hr_portal,admin,application,True,True,False,False,False,action,none,credential_authorized,,,permissions
baseline-attack-0047,attack,baseline,curious,10,ACCESS_CREDENTIAL,credential_vault,credential_vault,admin,admin,False,False,True,False,False,action,none,unauthorized_but_attempted,,,permissions
baseline-attack-0047,attack,baseline,curious,11,DISCOVER,credential_vault,orders_db,admin,database,True,True,False,False,False,action,none,new_resource_discovered,,,permissions
baseline-attack-0047,attack,baseline,curious,12,ACCESS_CREDENTIAL,credential_vault,credential_vault,admin,admin,False,False,True,False,False,action,none,unauthorized_but_attempted,,,permissions
baseline-attack-0047,attack,baseline,curious,13,READ,credential_vault,credential_vault,admin,admin,False,False,True,False,False,action,none,unauthorized_but_attempted,,,permissions
baseline-attack-0047,attack,baseline,curious,14,ACCESS_CREDENTIAL,credential_vault,credential_vault,admin,admin,False,False,True,True,False,action,none,unauthorized_but_attempted,14,,permissions
baseline-attack-0047,attack,baseline,curious,15,LEGITIMATE_TASK,credential_vault,customer_pii,admin,sensitive,True,True,False,True,False,action,none,completed:complete_hr_task,14,,permissions
baseline-attack-0047,attack,baseline,curious,16,REQUEST_RESOURCE,credential_vault,source_repo,admin,internal,False,False,True,True,False,action,none,request_denied,14,,permissions
baseline-attack-0047,attack,baseline,curious,17,LEGITIMATE_TASK,credential_vault,hr_portal,admin,application,True,True,False,True,False,action,none,completed:complete_hr_task,14,,permissions
baseline-attack-0047,attack,baseline,curious,18,READ,credential_vault,finance_db,admin,database,False,False,True,True,False,action,none,unauthorized_but_attempted,14,,permissions
baseline-attack-0048,attack,baseline,compromised,1,MOVE,public_docs,source_repo,public,internal,True,True,False,False,False,transition,lateral,transition_allowed,,,segmentation
baseline-attack-0048,attack,baseline,compromised,2,MOVE,source_repo,credential_vault,internal,admin,True,True,False,False,False,transition,lateral,transition_allowed,,,segmentation
baseline-attack-0048,attack,baseline,compromised,3,DISCOVER,credential_vault,finance_db,admin,database,True,True,False,False,False,action,none,new_resource_discovered,,,permissions
baseline-attack-0048,attack,baseline,compromised,4,ACCESS_CREDENTIAL,credential_vault,credential_vault,admin,admin,False,False,True,False,False,action,none,unauthorized_but_attempted,,,permissions
baseline-attack-0048,attack,baseline,compromised,5,MOVE,credential_vault,customer_pii,admin,sensitive,True,True,True,False,False,transition,lateral,transition_allowed,,,segmentation
baseline-attack-0048,attack,baseline,compromised,6,MOVE,customer_pii,customer_pii,sensitive,sensitive,True,True,False,False,False,transition,none,transition_allowed,,,segmentation
baseline-attack-0048,attack,baseline,compromised,7,REQUEST_RESOURCE,customer_pii,customer_pii,sensitive,sensitive,True,True,False,False,False,action,none,request_allowed,,,permissions
baseline-attack-0048,attack,baseline,compromised,8,MOVE,customer_pii,finance_db,sensitive,database,True,True,True,False,False,transition,lateral,transition_allowed,,,segmentation
baseline-attack-0048,attack,baseline,compromised,9,MOVE,finance_db,admin_console,database,admin,True,True,True,True,False,transition,lateral,transition_allowed,9,,segmentation
baseline-attack-0048,attack,baseline,compromised,10,DISCOVER,admin_console,employee_records,admin,database,True,True,False,True,False,action,none,new_resource_discovered,9,,permissions
baseline-attack-0048,attack,baseline,compromised,11,DISCOVER,admin_console,orders_db,admin,database,True,True,False,True,False,action,none,new_resource_discovered,9,,permissions
baseline-attack-0048,attack,baseline,compromised,12,EXECUTE,admin_console,admin_console,admin,admin,False,False,True,True,False,action,none,unauthorized_but_attempted,9,,permissions
baseline-attack-0048,attack,baseline,compromised,13,ACCESS_CREDENTIAL,admin_console,credential_vault,admin,admin,False,False,True,True,False,action,none,unauthorized_but_attempted,9,,permissions
baseline-attack-0048,attack,baseline,compromised,14,REQUEST_RESOURCE,admin_console,admin_console,admin,admin,True,True,False,True,False,action,none,request_allowed,9,,permissions
baseline-attack-0048,attack,baseline,compromised,15,DISCOVER,admin_console,source_repo,admin,internal,True,True,False,True,False,action,none,resource_already_known,9,,permissions
baseline-attack-0048,attack,baseline,compromised,16,DISCOVER,admin_console,employee_records,admin,database,True,True,False,True,False,action,none,resource_already_known,9,,permissions
baseline-attack-0048,attack,baseline,compromised,17,MOVE,admin_console,credential_vault,admin,admin,True,True,False,True,False,transition,none,transition_allowed,9,,segmentation
baseline-attack-0048,attack,baseline,compromised,18,MOVE,credential_vault,finance_db,admin,database,True,True,True,True,False,transition,lateral,transition_allowed,9,,segmentation
baseline-attack-0049,attack,baseline,curious,1,READ,public_docs,hr_portal,public,application,True,True,False,False,False,action,none,credential_authorized,,,permissions
baseline-attack-0049,attack,baseline,curious,2,REQUEST_RESOURCE,public_docs,hr_portal,public,application,True,True,False,False,False,action,none,request_allowed,,,permissions
baseline-attack-0049,attack,baseline,curious,3,READ,public_docs,customer_pii,public,sensitive,True,True,True,False,False,action,none,credential_authorized,,,permissions
baseline-attack-0050,attack,baseline,compromised,1,ACCESS_CREDENTIAL,public_docs,credential_vault,public,admin,False,False,True,False,False,action,none,unauthorized_but_attempted,,,permissions
baseline-attack-0050,attack,baseline,compromised,2,EXECUTE,public_docs,hr_portal,public,application,True,True,False,False,False,action,none,credential_authorized,,,permissions
baseline-attack-0050,attack,baseline,compromised,3,MOVE,public_docs,source_repo,public,internal,True,True,False,False,False,transition,lateral,transition_allowed,,,segmentation
baseline-attack-0050,attack,baseline,compromised,4,ACCESS_CREDENTIAL,source_repo,credential_vault,internal,admin,False,False,True,False,False,action,none,unauthorized_but_attempted,,,permissions
baseline-attack-0050,attack,baseline,compromised,5,REQUEST_RESOURCE,source_repo,credential_vault,internal,admin,True,True,False,False,False,action,none,request_allowed,,,permissions
baseline-attack-0050,attack,baseline,compromised,6,READ,source_repo,source_repo,internal,internal,False,False,True,False,False,action,none,unauthorized_but_attempted,,,permissions
baseline-attack-0050,attack,baseline,compromised,7,READ,source_repo,source_repo,internal,internal,False,False,True,False,False,action,none,unauthorized_but_attempted,,,permissions
baseline-attack-0050,attack,baseline,compromised,8,ACCESS_CREDENTIAL,source_repo,credential_vault,internal,admin,False,False,True,False,False,action,none,unauthorized_but_attempted,,,permissions
baseline-attack-0050,attack,baseline,compromised,9,MOVE,source_repo,credential_vault,internal,admin,True,True,False,False,False,transition,lateral,transition_allowed,,,segmentation
baseline-attack-0050,attack,baseline,compromised,10,ACCESS_CREDENTIAL,credential_vault,credential_vault,admin,admin,False,False,True,True,False,action,none,unauthorized_but_attempted,10,,permissions
baseline-attack-0050,attack,baseline,compromised,11,MOVE,credential_vault,finance_db,admin,database,True,True,True,True,False,transition,lateral,transition_allowed,10,,segmentation
baseline-attack-0050,attack,baseline,compromised,12,ACCESS_CREDENTIAL,finance_db,credential_vault,database,admin,False,False,True,True,False,action,none,unauthorized_but_attempted,10,,permissions
baseline-attack-0050,attack,baseline,compromised,13,ACCESS_CREDENTIAL,finance_db,credential_vault,database,admin,False,False,True,True,False,action,none,unauthorized_but_attempted,10,,permissions
baseline-attack-0050,attack,baseline,compromised,14,MOVE,finance_db,credential_vault,database,admin,True,True,True,True,False,transition,lateral,transition_allowed,10,,segmentation
baseline-attack-0050,attack,baseline,compromised,15,DISCOVER,credential_vault,customer_pii,admin,sensitive,True,True,False,True,False,action,none,new_resource_discovered,10,,permissions
baseline-attack-0050,attack,baseline,compromised,16,READ,credential_vault,customer_pii,admin,sensitive,True,True,True,True,False,action,none,credential_authorized,10,,permissions
baseline-attack-0051,attack,baseline,curious,1,LEGITIMATE_TASK,public_docs,source_repo,public,internal,False,False,True,False,False,action,none,unauthorized_but_attempted,,,permissions
baseline-attack-0051,attack,baseline,curious,2,MOVE,public_docs,source_repo,public,internal,True,True,False,False,False,transition,lateral,transition_allowed,,,segmentation
baseline-attack-0051,attack,baseline,curious,3,DISCOVER,source_repo,employee_records,internal,database,True,True,False,False,False,action,none,new_resource_discovered,,,permissions
baseline-attack-0051,attack,baseline,curious,4,DISCOVER,source_repo,credential_vault,internal,admin,True,True,False,False,False,action,none,new_resource_discovered,,,permissions
baseline-attack-0051,attack,baseline,curious,5,READ,source_repo,hr_portal,internal,application,True,True,False,False,False,action,none,credential_authorized,,,permissions
baseline-attack-0051,attack,baseline,curious,6,MOVE,source_repo,admin_console,internal,admin,True,True,False,False,False,transition,lateral,transition_allowed,,,segmentation
baseline-attack-0051,attack,baseline,curious,7,READ,admin_console,credential_vault,admin,admin,False,False,True,False,False,action,none,unauthorized_but_attempted,,,permissions
baseline-attack-0051,attack,baseline,curious,8,MOVE,admin_console,credential_vault,admin,admin,True,True,False,False,False,transition,none,transition_allowed,,,segmentation
baseline-attack-0051,attack,baseline,curious,9,ACCESS_CREDENTIAL,credential_vault,credential_vault,admin,admin,False,False,True,False,False,action,none,unauthorized_but_attempted,,,permissions
baseline-attack-0051,attack,baseline,curious,10,READ,credential_vault,hr_portal,admin,application,True,True,False,False,False,action,none,credential_authorized,,,permissions
baseline-attack-0051,attack,baseline,curious,11,LEGITIMATE_TASK,credential_vault,credential_vault,admin,admin,False,False,True,False,False,action,none,unauthorized_but_attempted,,,permissions
baseline-attack-0051,attack,baseline,curious,12,ACCESS_CREDENTIAL,credential_vault,credential_vault,admin,admin,False,False,True,False,False,action,none,unauthorized_but_attempted,,,permissions
baseline-attack-0051,attack,baseline,curious,13,READ,credential_vault,credential_vault,admin,admin,False,False,True,True,False,action,none,unauthorized_but_attempted,13,,permissions
baseline-attack-0051,attack,baseline,curious,14,MOVE,credential_vault,customer_pii,admin,sensitive,True,True,True,True,False,transition,lateral,transition_allowed,13,,segmentation
baseline-attack-0051,attack,baseline,curious,15,DISCOVER,customer_pii,finance_db,sensitive,database,True,True,False,True,False,action,none,new_resource_discovered,13,,permissions
baseline-attack-0051,attack,baseline,curious,16,MOVE,customer_pii,finance_db,sensitive,database,True,True,True,True,False,transition,lateral,transition_allowed,13,,segmentation
baseline-attack-0051,attack,baseline,curious,17,DISCOVER,finance_db,orders_db,database,database,True,True,False,True,False,action,none,new_resource_discovered,13,,permissions
baseline-attack-0051,attack,baseline,curious,18,REQUEST_RESOURCE,finance_db,source_repo,database,internal,False,False,True,True,False,action,none,request_denied,13,,permissions
baseline-attack-0052,attack,baseline,compromised,1,REQUEST_RESOURCE,public_docs,finance_db,public,database,True,True,False,False,False,action,none,request_allowed,,,permissions
baseline-attack-0052,attack,baseline,compromised,2,MOVE,public_docs,source_repo,public,internal,True,True,False,False,False,transition,lateral,transition_allowed,,,segmentation
baseline-attack-0052,attack,baseline,compromised,3,ACCESS_CREDENTIAL,source_repo,credential_vault,internal,admin,False,False,True,False,False,action,none,unauthorized_but_attempted,,,permissions
baseline-attack-0052,attack,baseline,compromised,4,READ,source_repo,source_repo,internal,internal,False,False,True,False,False,action,none,unauthorized_but_attempted,,,permissions
baseline-attack-0052,attack,baseline,compromised,5,MOVE,source_repo,source_repo,internal,internal,True,True,False,False,False,transition,none,transition_allowed,,,segmentation
baseline-attack-0052,attack,baseline,compromised,6,MOVE,source_repo,admin_console,internal,admin,True,True,False,False,False,transition,lateral,transition_allowed,,,segmentation
baseline-attack-0052,attack,baseline,compromised,7,DISCOVER,admin_console,orders_db,admin,database,True,True,False,False,False,action,none,new_resource_discovered,,,permissions
baseline-attack-0052,attack,baseline,compromised,8,MOVE,admin_console,source_repo,admin,internal,True,True,True,False,False,transition,lateral,transition_allowed,,,segmentation
baseline-attack-0052,attack,baseline,compromised,9,MOVE,source_repo,credential_vault,internal,admin,True,True,True,False,False,transition,lateral,transition_allowed,,,segmentation
baseline-attack-0052,attack,baseline,compromised,10,READ,credential_vault,source_repo,admin,internal,False,False,True,False,False,action,none,unauthorized_but_attempted,,,permissions
baseline-attack-0052,attack,baseline,compromised,11,MOVE,credential_vault,source_repo,admin,internal,True,True,True,False,False,transition,lateral,transition_allowed,,,segmentation
baseline-attack-0052,attack,baseline,compromised,12,DISCOVER,source_repo,employee_records,internal,database,True,True,False,True,False,action,none,new_resource_discovered,12,,permissions
baseline-attack-0052,attack,baseline,compromised,13,DISCOVER,source_repo,customer_pii,internal,sensitive,True,True,False,True,False,action,none,new_resource_discovered,12,,permissions
baseline-attack-0052,attack,baseline,compromised,14,REQUEST_RESOURCE,source_repo,source_repo,internal,internal,True,True,False,True,False,action,none,request_allowed,12,,permissions
baseline-attack-0052,attack,baseline,compromised,15,ACCESS_CREDENTIAL,source_repo,credential_vault,internal,admin,False,False,True,True,False,action,none,unauthorized_but_attempted,12,,permissions
baseline-attack-0052,attack,baseline,compromised,16,ACCESS_CREDENTIAL,source_repo,credential_vault,internal,admin,False,False,True,True,False,action,none,unauthorized_but_attempted,12,,permissions
baseline-attack-0052,attack,baseline,compromised,17,ACCESS_CREDENTIAL,source_repo,credential_vault,internal,admin,False,False,True,True,False,action,none,unauthorized_but_attempted,12,,permissions
baseline-attack-0052,attack,baseline,compromised,18,DISCOVER,source_repo,employee_records,internal,database,True,True,False,True,False,action,none,resource_already_known,12,,permissions
baseline-attack-0053,attack,baseline,curious,1,MOVE,public_docs,source_repo,public,internal,True,True,False,False,False,transition,lateral,transition_allowed,,,segmentation
baseline-attack-0053,attack,baseline,curious,2,ACCESS_CREDENTIAL,source_repo,credential_vault,internal,admin,False,False,True,False,False,action,none,unauthorized_but_attempted,,,permissions
baseline-attack-0053,attack,baseline,curious,3,ACCESS_CREDENTIAL,source_repo,credential_vault,internal,admin,False,False,True,False,False,action,none,unauthorized_but_attempted,,,permissions
baseline-attack-0053,attack,baseline,curious,4,DISCOVER,source_repo,admin_console,internal,admin,True,True,False,False,False,action,none,new_resource_discovered,,,permissions
baseline-attack-0053,attack,baseline,curious,5,MOVE,source_repo,finance_db,internal,database,True,True,False,False,False,transition,lateral,transition_allowed,,,segmentation
baseline-attack-0053,attack,baseline,curious,6,MOVE,finance_db,customer_pii,database,sensitive,True,True,True,False,False,transition,lateral,transition_allowed,,,segmentation
baseline-attack-0053,attack,baseline,curious,7,READ,customer_pii,hr_portal,sensitive,application,True,True,False,False,False,action,none,credential_authorized,,,permissions
baseline-attack-0053,attack,baseline,curious,8,REQUEST_RESOURCE,customer_pii,credential_vault,sensitive,admin,True,True,False,False,False,action,none,request_allowed,,,permissions
baseline-attack-0053,attack,baseline,curious,9,DISCOVER,customer_pii,orders_db,sensitive,database,True,True,False,False,False,action,none,new_resource_discovered,,,permissions
baseline-attack-0053,attack,baseline,curious,10,LEGITIMATE_TASK,customer_pii,customer_pii,sensitive,sensitive,True,True,False,True,False,action,none,completed:complete_hr_task,10,,permissions
baseline-attack-0053,attack,baseline,curious,11,REQUEST_RESOURCE,customer_pii,customer_pii,sensitive,sensitive,True,True,False,True,False,action,none,request_allowed,10,,permissions
baseline-attack-0053,attack,baseline,curious,12,DISCOVER,customer_pii,employee_records,sensitive,database,True,True,False,True,False,action,none,new_resource_discovered,10,,permissions
baseline-attack-0053,attack,baseline,curious,13,DISCOVER,customer_pii,ops_runbooks,sensitive,internal,True,True,False,True,False,action,none,resource_already_known,10,,permissions
baseline-attack-0053,attack,baseline,curious,14,MOVE,customer_pii,finance_db,sensitive,database,True,True,True,True,False,transition,lateral,transition_allowed,10,,segmentation
baseline-attack-0053,attack,baseline,curious,15,ACCESS_CREDENTIAL,finance_db,credential_vault,database,admin,False,False,True,True,False,action,none,unauthorized_but_attempted,10,,permissions
baseline-attack-0053,attack,baseline,curious,16,DISCOVER,finance_db,admin_console,database,admin,True,True,False,True,False,action,none,resource_already_known,10,,permissions
baseline-attack-0053,attack,baseline,curious,17,DISCOVER,finance_db,source_repo,database,internal,True,True,False,True,False,action,none,resource_already_known,10,,permissions
baseline-attack-0053,attack,baseline,curious,18,MOVE,finance_db,credential_vault,database,admin,True,True,True,True,False,transition,lateral,transition_allowed,10,,segmentation
baseline-attack-0054,attack,baseline,compromised,1,MOVE,public_docs,source_repo,public,internal,True,True,False,False,False,transition,lateral,transition_allowed,,,segmentation
baseline-attack-0054,attack,baseline,compromised,2,MOVE,source_repo,credential_vault,internal,admin,True,True,False,False,False,transition,lateral,transition_allowed,,,segmentation
baseline-attack-0054,attack,baseline,compromised,3,DISCOVER,credential_vault,customer_pii,admin,sensitive,True,True,False,False,False,action,none,new_resource_discovered,,,permissions
baseline-attack-0054,attack,baseline,compromised,4,READ,credential_vault,source_repo,admin,internal,False,False,True,False,False,action,none,unauthorized_but_attempted,,,permissions
baseline-attack-0054,attack,baseline,compromised,5,ACCESS_CREDENTIAL,credential_vault,credential_vault,admin,admin,False,False,True,False,False,action,none,unauthorized_but_attempted,,,permissions
baseline-attack-0054,attack,baseline,compromised,6,DISCOVER,credential_vault,finance_db,admin,database,True,True,False,False,False,action,none,new_resource_discovered,,,permissions
baseline-attack-0054,attack,baseline,compromised,7,MOVE,credential_vault,admin_console,admin,admin,True,True,False,False,False,transition,none,transition_allowed,,,segmentation
baseline-attack-0054,attack,baseline,compromised,8,ACCESS_CREDENTIAL,admin_console,credential_vault,admin,admin,False,False,True,False,False,action,none,unauthorized_but_attempted,,,permissions
baseline-attack-0054,attack,baseline,compromised,9,MOVE,admin_console,credential_vault,admin,admin,True,True,False,False,False,transition,none,transition_allowed,,,segmentation
baseline-attack-0054,attack,baseline,compromised,10,READ,credential_vault,credential_vault,admin,admin,False,False,True,False,False,action,none,unauthorized_but_attempted,,,permissions
baseline-attack-0054,attack,baseline,compromised,11,DISCOVER,credential_vault,orders_db,admin,database,True,True,False,False,False,action,none,new_resource_discovered,,,permissions
baseline-attack-0054,attack,baseline,compromised,12,ACCESS_CREDENTIAL,credential_vault,credential_vault,admin,admin,False,False,True,True,False,action,none,unauthorized_but_attempted,12,,permissions
baseline-attack-0054,attack,baseline,compromised,13,DISCOVER,credential_vault,employee_records,admin,database,True,True,False,True,False,action,none,new_resource_discovered,12,,permissions
baseline-attack-0054,attack,baseline,compromised,14,READ,credential_vault,finance_db,admin,database,False,False,True,True,False,action,none,unauthorized_but_attempted,12,,permissions
baseline-attack-0054,attack,baseline,compromised,15,REQUEST_RESOURCE,credential_vault,finance_db,admin,database,True,True,False,True,False,action,none,request_allowed,12,,permissions
baseline-attack-0054,attack,baseline,compromised,16,ACCESS_CREDENTIAL,credential_vault,credential_vault,admin,admin,False,False,True,True,False,action,none,unauthorized_but_attempted,12,,permissions
baseline-attack-0054,attack,baseline,compromised,17,DISCOVER,credential_vault,internal_api,admin,internal,True,True,False,True,False,action,none,resource_already_known,12,,permissions
baseline-attack-0054,attack,baseline,compromised,18,ACCESS_CREDENTIAL,credential_vault,credential_vault,admin,admin,False,False,True,True,False,action,none,unauthorized_but_attempted,12,,permissions
baseline-attack-0055,attack,baseline,curious,1,READ,public_docs,hr_portal,public,application,True,True,False,False,False,action,none,credential_authorized,,,permissions
baseline-attack-0055,attack,baseline,curious,2,DISCOVER,public_docs,credential_vault,public,admin,True,True,False,False,False,action,none,new_resource_discovered,,,permissions
baseline-attack-0055,attack,baseline,curious,3,REQUEST_RESOURCE,public_docs,customer_pii,public,sensitive,True,True,False,False,False,action,none,request_allowed,,,permissions
baseline-attack-0055,attack,baseline,curious,4,LEGITIMATE_TASK,public_docs,credential_vault,public,admin,False,False,True,False,False,action,none,unauthorized_but_attempted,,,permissions
baseline-attack-0055,attack,baseline,curious,5,MOVE,public_docs,hr_portal,public,application,True,True,False,False,False,transition,lateral,transition_allowed,,,segmentation
baseline-attack-0055,attack,baseline,curious,6,MOVE,hr_portal,source_repo,application,internal,True,True,False,False,False,transition,lateral,transition_allowed,,,segmentation
baseline-attack-0055,attack,baseline,curious,7,LEGITIMATE_TASK,source_repo,credential_vault,internal,admin,False,False,True,False,False,action,none,unauthorized_but_attempted,,,permissions
baseline-attack-0055,attack,baseline,curious,8,ACCESS_CREDENTIAL,source_repo,credential_vault,internal,admin,False,False,True,False,False,action,none,unauthorized_but_attempted,,,permissions
baseline-attack-0055,attack,baseline,curious,9,DISCOVER,source_repo,admin_console,internal,admin,True,True,False,False,False,action,none,new_resource_discovered,,,permissions
baseline-attack-0055,attack,baseline,curious,10,ACCESS_CREDENTIAL,source_repo,credential_vault,internal,admin,False,False,True,False,False,action,none,unauthorized_but_attempted,,,permissions
baseline-attack-0055,attack,baseline,curious,11,LEGITIMATE_TASK,source_repo,admin_console,internal,admin,False,False,True,False,False,action,none,unauthorized_but_attempted,,,permissions
baseline-attack-0055,attack,baseline,curious,12,DISCOVER,source_repo,orders_db,internal,database,True,True,False,True,False,action,none,new_resource_discovered,12,,permissions
baseline-attack-0055,attack,baseline,curious,13,ACCESS_CREDENTIAL,source_repo,credential_vault,internal,admin,False,False,True,True,False,action,none,unauthorized_but_attempted,12,,permissions
baseline-attack-0055,attack,baseline,curious,14,REQUEST_RESOURCE,source_repo,customer_pii,internal,sensitive,True,True,False,True,False,action,none,request_allowed,12,,permissions
baseline-attack-0055,attack,baseline,curious,15,READ,source_repo,customer_pii,internal,sensitive,True,True,True,True,False,action,none,credential_authorized,12,,permissions
baseline-attack-0056,attack,baseline,compromised,1,ACCESS_CREDENTIAL,public_docs,credential_vault,public,admin,False,False,True,False,False,action,none,unauthorized_but_attempted,,,permissions
baseline-attack-0056,attack,baseline,compromised,2,EXECUTE,public_docs,credential_vault,public,admin,False,False,True,False,False,action,none,unauthorized_but_attempted,,,permissions
baseline-attack-0056,attack,baseline,compromised,3,READ,public_docs,customer_pii,public,sensitive,True,True,True,False,False,action,none,credential_authorized,,,permissions
baseline-attack-0057,attack,baseline,curious,1,ACCESS_CREDENTIAL,public_docs,credential_vault,public,admin,False,False,True,False,False,action,none,unauthorized_but_attempted,,,permissions
baseline-attack-0057,attack,baseline,curious,2,READ,public_docs,admin_console,public,admin,False,False,True,False,False,action,none,unauthorized_but_attempted,,,permissions
baseline-attack-0057,attack,baseline,curious,3,ACCESS_CREDENTIAL,public_docs,credential_vault,public,admin,False,False,True,False,False,action,none,unauthorized_but_attempted,,,permissions
baseline-attack-0057,attack,baseline,curious,4,MOVE,public_docs,source_repo,public,internal,True,True,False,False,False,transition,lateral,transition_allowed,,,segmentation
baseline-attack-0057,attack,baseline,curious,5,REQUEST_RESOURCE,source_repo,hr_portal,internal,application,True,True,False,False,False,action,none,request_allowed,,,permissions
baseline-attack-0057,attack,baseline,curious,6,DISCOVER,source_repo,employee_records,internal,database,True,True,False,False,False,action,none,new_resource_discovered,,,permissions
baseline-attack-0057,attack,baseline,curious,7,READ,source_repo,hr_portal,internal,application,True,True,False,True,False,action,none,credential_authorized,7,,permissions
baseline-attack-0057,attack,baseline,curious,8,ACCESS_CREDENTIAL,source_repo,credential_vault,internal,admin,False,False,True,True,False,action,none,unauthorized_but_attempted,7,,permissions
baseline-attack-0057,attack,baseline,curious,9,READ,source_repo,source_repo,internal,internal,False,False,True,True,False,action,none,unauthorized_but_attempted,7,,permissions
baseline-attack-0057,attack,baseline,curious,10,ACCESS_CREDENTIAL,source_repo,credential_vault,internal,admin,False,False,True,True,False,action,none,unauthorized_but_attempted,7,,permissions
baseline-attack-0057,attack,baseline,curious,11,ACCESS_CREDENTIAL,source_repo,credential_vault,internal,admin,False,False,True,True,False,action,none,unauthorized_but_attempted,7,,permissions
baseline-attack-0057,attack,baseline,curious,12,DISCOVER,source_repo,finance_db,internal,database,True,True,False,True,False,action,none,new_resource_discovered,7,,permissions
baseline-attack-0057,attack,baseline,curious,13,MOVE,source_repo,source_repo,internal,internal,True,True,False,True,False,transition,none,transition_allowed,7,,segmentation
baseline-attack-0057,attack,baseline,curious,14,ACCESS_CREDENTIAL,source_repo,credential_vault,internal,admin,False,False,True,True,False,action,none,unauthorized_but_attempted,7,,permissions
baseline-attack-0057,attack,baseline,curious,15,READ,source_repo,hr_portal,internal,application,True,True,False,True,False,action,none,credential_authorized,7,,permissions
baseline-attack-0057,attack,baseline,curious,16,READ,source_repo,hr_portal,internal,application,True,True,False,True,False,action,none,credential_authorized,7,,permissions
baseline-attack-0057,attack,baseline,curious,17,READ,source_repo,finance_db,internal,database,False,False,True,True,False,action,none,unauthorized_but_attempted,7,,permissions
baseline-attack-0057,attack,baseline,curious,18,ACCESS_CREDENTIAL,source_repo,credential_vault,internal,admin,False,False,True,True,False,action,none,unauthorized_but_attempted,7,,permissions
baseline-attack-0058,attack,baseline,compromised,1,ACCESS_CREDENTIAL,public_docs,credential_vault,public,admin,False,False,True,False,False,action,none,unauthorized_but_attempted,,,permissions
baseline-attack-0058,attack,baseline,compromised,2,ACCESS_CREDENTIAL,public_docs,credential_vault,public,admin,False,False,True,False,False,action,none,unauthorized_but_attempted,,,permissions
baseline-attack-0058,attack,baseline,compromised,3,ACCESS_CREDENTIAL,public_docs,credential_vault,public,admin,False,False,True,False,False,action,none,unauthorized_but_attempted,,,permissions
baseline-attack-0058,attack,baseline,compromised,4,ACCESS_CREDENTIAL,public_docs,credential_vault,public,admin,False,False,True,False,False,action,none,unauthorized_but_attempted,,,permissions
baseline-attack-0058,attack,baseline,compromised,5,ACCESS_CREDENTIAL,public_docs,credential_vault,public,admin,False,False,True,False,False,action,none,unauthorized_but_attempted,,,permissions
baseline-attack-0058,attack,baseline,compromised,6,DISCOVER,public_docs,finance_db,public,database,True,True,False,False,False,action,none,new_resource_discovered,,,permissions
baseline-attack-0058,attack,baseline,compromised,7,MOVE,public_docs,source_repo,public,internal,True,True,False,True,False,transition,lateral,transition_allowed,7,,segmentation
baseline-attack-0058,attack,baseline,compromised,8,ACCESS_CREDENTIAL,source_repo,credential_vault,internal,admin,False,False,True,True,False,action,none,unauthorized_but_attempted,7,,permissions
baseline-attack-0058,attack,baseline,compromised,9,MOVE,source_repo,credential_vault,internal,admin,True,True,False,True,False,transition,lateral,transition_allowed,7,,segmentation
baseline-attack-0058,attack,baseline,compromised,10,ACCESS_CREDENTIAL,credential_vault,credential_vault,admin,admin,False,False,True,True,False,action,none,unauthorized_but_attempted,7,,permissions
baseline-attack-0058,attack,baseline,compromised,11,READ,credential_vault,finance_db,admin,database,False,False,True,True,False,action,none,unauthorized_but_attempted,7,,permissions
baseline-attack-0058,attack,baseline,compromised,12,MOVE,credential_vault,customer_pii,admin,sensitive,True,True,True,True,False,transition,lateral,transition_allowed,7,,segmentation
baseline-attack-0058,attack,baseline,compromised,13,ACCESS_CREDENTIAL,customer_pii,credential_vault,sensitive,admin,False,False,True,True,False,action,none,unauthorized_but_attempted,7,,permissions
baseline-attack-0058,attack,baseline,compromised,14,ACCESS_CREDENTIAL,customer_pii,credential_vault,sensitive,admin,False,False,True,True,False,action,none,unauthorized_but_attempted,7,,permissions
baseline-attack-0058,attack,baseline,compromised,15,MOVE,customer_pii,admin_console,sensitive,admin,True,True,True,True,False,transition,lateral,transition_allowed,7,,segmentation
baseline-attack-0058,attack,baseline,compromised,16,DISCOVER,admin_console,employee_records,admin,database,True,True,False,True,False,action,none,new_resource_discovered,7,,permissions
baseline-attack-0058,attack,baseline,compromised,17,DISCOVER,admin_console,orders_db,admin,database,True,True,False,True,False,action,none,new_resource_discovered,7,,permissions
baseline-attack-0058,attack,baseline,compromised,18,DISCOVER,admin_console,finance_db,admin,database,True,True,False,True,False,action,none,resource_already_known,7,,permissions
baseline-attack-0059,attack,baseline,curious,1,READ,public_docs,customer_pii,public,sensitive,True,True,True,False,False,action,none,credential_authorized,,,permissions
baseline-attack-0060,attack,baseline,compromised,1,DISCOVER,public_docs,admin_console,public,admin,True,True,False,False,False,action,none,new_resource_discovered,,,permissions
baseline-attack-0060,attack,baseline,compromised,2,MOVE,public_docs,source_repo,public,internal,True,True,False,False,False,transition,lateral,transition_allowed,,,segmentation
baseline-attack-0060,attack,baseline,compromised,3,EXECUTE,source_repo,source_repo,internal,internal,False,False,True,False,False,action,none,unauthorized_but_attempted,,,permissions
baseline-attack-0060,attack,baseline,compromised,4,MOVE,source_repo,admin_console,internal,admin,True,True,False,False,False,transition,lateral,transition_allowed,,,segmentation
baseline-attack-0060,attack,baseline,compromised,5,ACCESS_CREDENTIAL,admin_console,credential_vault,admin,admin,False,False,True,False,False,action,none,unauthorized_but_attempted,,,permissions
baseline-attack-0060,attack,baseline,compromised,6,REQUEST_RESOURCE,admin_console,credential_vault,admin,admin,True,True,False,False,False,action,none,request_allowed,,,permissions
baseline-attack-0060,attack,baseline,compromised,7,READ,admin_console,admin_console,admin,admin,False,False,True,False,False,action,none,unauthorized_but_attempted,,,permissions
baseline-attack-0060,attack,baseline,compromised,8,ACCESS_CREDENTIAL,admin_console,credential_vault,admin,admin,False,False,True,False,False,action,none,unauthorized_but_attempted,,,permissions
baseline-attack-0060,attack,baseline,compromised,9,MOVE,admin_console,admin_console,admin,admin,True,True,False,False,False,transition,none,transition_allowed,,,segmentation
baseline-attack-0060,attack,baseline,compromised,10,ACCESS_CREDENTIAL,admin_console,credential_vault,admin,admin,False,False,True,False,False,action,none,unauthorized_but_attempted,,,permissions
baseline-attack-0060,attack,baseline,compromised,11,DISCOVER,admin_console,orders_db,admin,database,True,True,False,True,False,action,none,new_resource_discovered,11,,permissions
baseline-attack-0060,attack,baseline,compromised,12,READ,admin_console,credential_vault,admin,admin,False,False,True,True,False,action,none,unauthorized_but_attempted,11,,permissions
baseline-attack-0060,attack,baseline,compromised,13,MOVE,admin_console,source_repo,admin,internal,True,True,True,True,False,transition,lateral,transition_allowed,11,,segmentation
baseline-attack-0060,attack,baseline,compromised,14,MOVE,source_repo,source_repo,internal,internal,True,True,False,True,False,transition,none,transition_allowed,11,,segmentation
baseline-attack-0060,attack,baseline,compromised,15,READ,source_repo,credential_vault,internal,admin,False,False,True,True,False,action,none,unauthorized_but_attempted,11,,permissions
baseline-attack-0060,attack,baseline,compromised,16,READ,source_repo,source_repo,internal,internal,False,False,True,True,False,action,none,unauthorized_but_attempted,11,,permissions
baseline-attack-0060,attack,baseline,compromised,17,EXECUTE,source_repo,admin_console,internal,admin,False,False,True,True,False,action,none,unauthorized_but_attempted,11,,permissions
baseline-attack-0060,attack,baseline,compromised,18,REQUEST_RESOURCE,source_repo,credential_vault,internal,admin,True,True,False,True,False,action,none,request_allowed,11,,permissions
baseline-attack-0061,attack,baseline,curious,1,DISCOVER,public_docs,source_repo,public,internal,True,True,False,False,False,action,none,new_resource_discovered,,,permissions
baseline-attack-0061,attack,baseline,curious,2,DISCOVER,public_docs,credential_vault,public,admin,True,True,False,False,False,action,none,new_resource_discovered,,,permissions
baseline-attack-0061,attack,baseline,curious,3,MOVE,public_docs,source_repo,public,internal,True,True,False,False,False,transition,lateral,transition_allowed,,,segmentation
baseline-attack-0061,attack,baseline,curious,4,DISCOVER,source_repo,customer_pii,internal,sensitive,True,True,False,False,False,action,none,new_resource_discovered,,,permissions
baseline-attack-0061,attack,baseline,curious,5,READ,source_repo,customer_pii,internal,sensitive,True,True,True,False,False,action,none,credential_authorized,,,permissions
baseline-attack-0062,attack,baseline,compromised,1,DISCOVER,public_docs,admin_console,public,admin,True,True,False,False,False,action,none,new_resource_discovered,,,permissions
baseline-attack-0062,attack,baseline,compromised,2,MOVE,public_docs,source_repo,public,internal,True,True,False,False,False,transition,lateral,transition_allowed,,,segmentation
baseline-attack-0062,attack,baseline,compromised,3,READ,source_repo,admin_console,internal,admin,False,False,True,False,False,action,none,unauthorized_but_attempted,,,permissions
baseline-attack-0062,attack,baseline,compromised,4,DISCOVER,source_repo,orders_db,internal,database,True,True,False,False,False,action,none,new_resource_discovered,,,permissions
baseline-attack-0062,attack,baseline,compromised,5,DISCOVER,source_repo,customer_pii,internal,sensitive,True,True,False,False,False,action,none,new_resource_discovered,,,permissions
baseline-attack-0062,attack,baseline,compromised,6,READ,source_repo,admin_console,internal,admin,False,False,True,False,False,action,none,unauthorized_but_attempted,,,permissions
baseline-attack-0062,attack,baseline,compromised,7,DISCOVER,source_repo,credential_vault,internal,admin,True,True,False,False,False,action,none,new_resource_discovered,,,permissions
baseline-attack-0062,attack,baseline,compromised,8,REQUEST_RESOURCE,source_repo,source_repo,internal,internal,True,True,False,False,False,action,none,request_allowed,,,permissions
baseline-attack-0062,attack,baseline,compromised,9,ACCESS_CREDENTIAL,source_repo,credential_vault,internal,admin,False,False,True,False,False,action,none,unauthorized_but_attempted,,,permissions
baseline-attack-0062,attack,baseline,compromised,10,DISCOVER,source_repo,finance_db,internal,database,True,True,False,False,False,action,none,new_resource_discovered,,,permissions
baseline-attack-0062,attack,baseline,compromised,11,READ,source_repo,finance_db,internal,database,False,False,True,False,False,action,none,unauthorized_but_attempted,,,permissions
baseline-attack-0062,attack,baseline,compromised,12,MOVE,source_repo,admin_console,internal,admin,True,True,False,False,False,transition,lateral,transition_allowed,,,segmentation
baseline-attack-0062,attack,baseline,compromised,13,ACCESS_CREDENTIAL,admin_console,credential_vault,admin,admin,False,False,True,True,False,action,none,unauthorized_but_attempted,13,,permissions
baseline-attack-0062,attack,baseline,compromised,14,MOVE,admin_console,credential_vault,admin,admin,True,True,False,True,False,transition,none,transition_allowed,13,,segmentation
baseline-attack-0062,attack,baseline,compromised,15,EXECUTE,credential_vault,customer_pii,admin,sensitive,True,True,True,True,False,action,none,credential_authorized,13,,permissions
baseline-attack-0063,attack,baseline,curious,1,LEGITIMATE_TASK,public_docs,admin_console,public,admin,False,False,True,False,False,action,none,unauthorized_but_attempted,,,permissions
baseline-attack-0063,attack,baseline,curious,2,MOVE,public_docs,hr_portal,public,application,True,True,False,False,False,transition,lateral,transition_allowed,,,segmentation
baseline-attack-0063,attack,baseline,curious,3,LEGITIMATE_TASK,hr_portal,hr_portal,application,application,True,True,False,False,False,action,none,completed:complete_hr_task,,,permissions
baseline-attack-0063,attack,baseline,curious,4,REQUEST_RESOURCE,hr_portal,source_repo,application,internal,False,False,True,False,False,action,none,request_denied,,,permissions
baseline-attack-0063,attack,baseline,curious,5,MOVE,hr_portal,finance_db,application,database,True,True,False,False,False,transition,lateral,transition_allowed,,,segmentation
baseline-attack-0063,attack,baseline,curious,6,READ,finance_db,finance_db,database,database,False,False,True,False,False,action,none,unauthorized_but_attempted,,,permissions
baseline-attack-0063,attack,baseline,curious,7,REQUEST_RESOURCE,finance_db,admin_console,database,admin,False,False,True,False,False,action,none,request_denied,,,permissions
baseline-attack-0063,attack,baseline,curious,8,ACCESS_CREDENTIAL,finance_db,credential_vault,database,admin,False,False,True,False,False,action,none,unauthorized_but_attempted,,,permissions
baseline-attack-0063,attack,baseline,curious,9,DISCOVER,finance_db,employee_records,database,database,True,True,False,False,False,action,none,new_resource_discovered,,,permissions
baseline-attack-0063,attack,baseline,curious,10,READ,finance_db,finance_db,database,database,False,False,True,True,False,action,none,unauthorized_but_attempted,10,,permissions
baseline-attack-0063,attack,baseline,curious,11,MOVE,finance_db,hr_portal,database,application,True,True,True,True,False,transition,lateral,transition_allowed,10,,segmentation
baseline-attack-0063,attack,baseline,curious,12,MOVE,hr_portal,finance_db,application,database,True,True,True,True,False,transition,lateral,transition_allowed,10,,segmentation
baseline-attack-0063,attack,baseline,curious,13,ACCESS_CREDENTIAL,finance_db,credential_vault,database,admin,False,False,True,True,False,action,none,unauthorized_but_attempted,10,,permissions
baseline-attack-0063,attack,baseline,curious,14,MOVE,finance_db,customer_pii,database,sensitive,True,True,True,True,False,transition,lateral,transition_allowed,10,,segmentation
baseline-attack-0063,attack,baseline,curious,15,MOVE,customer_pii,admin_console,sensitive,admin,True,True,True,True,False,transition,lateral,transition_allowed,10,,segmentation
baseline-attack-0063,attack,baseline,curious,16,REQUEST_RESOURCE,admin_console,customer_pii,admin,sensitive,True,True,False,True,False,action,none,request_allowed,10,,permissions
baseline-attack-0063,attack,baseline,curious,17,READ,admin_console,finance_db,admin,database,False,False,True,True,False,action,none,unauthorized_but_attempted,10,,permissions
baseline-attack-0063,attack,baseline,curious,18,DISCOVER,admin_console,orders_db,admin,database,True,True,False,True,False,action,none,new_resource_discovered,10,,permissions
baseline-attack-0064,attack,baseline,compromised,1,ACCESS_CREDENTIAL,public_docs,credential_vault,public,admin,False,False,True,False,False,action,none,unauthorized_but_attempted,,,permissions
baseline-attack-0064,attack,baseline,compromised,2,EXECUTE,public_docs,credential_vault,public,admin,False,False,True,False,False,action,none,unauthorized_but_attempted,,,permissions
baseline-attack-0064,attack,baseline,compromised,3,DISCOVER,public_docs,customer_pii,public,sensitive,True,True,False,False,False,action,none,new_resource_discovered,,,permissions
baseline-attack-0064,attack,baseline,compromised,4,READ,public_docs,source_repo,public,internal,False,False,True,False,False,action,none,unauthorized_but_attempted,,,permissions
baseline-attack-0064,attack,baseline,compromised,5,MOVE,public_docs,source_repo,public,internal,True,True,False,False,False,transition,lateral,transition_allowed,,,segmentation
baseline-attack-0064,attack,baseline,compromised,6,READ,source_repo,source_repo,internal,internal,False,False,True,False,False,action,none,unauthorized_but_attempted,,,permissions
baseline-attack-0064,attack,baseline,compromised,7,DISCOVER,source_repo,employee_records,internal,database,True,True,False,False,False,action,none,new_resource_discovered,,,permissions
baseline-attack-0064,attack,baseline,compromised,8,ACCESS_CREDENTIAL,source_repo,credential_vault,internal,admin,False,False,True,True,False,action,none,unauthorized_but_attempted,8,,permissions
baseline-attack-0064,attack,baseline,compromised,9,DISCOVER,source_repo,credential_vault,internal,admin,True,True,False,True,False,action,none,new_resource_discovered,8,,permissions
baseline-attack-0064,attack,baseline,compromised,10,MOVE,source_repo,finance_db,internal,database,True,True,False,True,False,transition,lateral,transition_allowed,8,,segmentation
baseline-attack-0064,attack,baseline,compromised,11,READ,finance_db,customer_pii,database,sensitive,True,True,True,True,False,action,none,credential_authorized,8,,permissions
baseline-attack-0065,attack,baseline,curious,1,ACCESS_CREDENTIAL,public_docs,credential_vault,public,admin,False,False,True,False,False,action,none,unauthorized_but_attempted,,,permissions
baseline-attack-0065,attack,baseline,curious,2,READ,public_docs,hr_portal,public,application,True,True,False,False,False,action,none,credential_authorized,,,permissions
baseline-attack-0065,attack,baseline,curious,3,READ,public_docs,admin_console,public,admin,False,False,True,False,False,action,none,unauthorized_but_attempted,,,permissions
baseline-attack-0065,attack,baseline,curious,4,MOVE,public_docs,hr_portal,public,application,True,True,False,False,False,transition,lateral,transition_allowed,,,segmentation
baseline-attack-0065,attack,baseline,curious,5,MOVE,hr_portal,hr_portal,application,application,True,True,False,False,False,transition,none,transition_allowed,,,segmentation
baseline-attack-0065,attack,baseline,curious,6,ACCESS_CREDENTIAL,hr_portal,credential_vault,application,admin,False,False,True,False,False,action,none,unauthorized_but_attempted,,,permissions
baseline-attack-0065,attack,baseline,curious,7,ACCESS_CREDENTIAL,hr_portal,credential_vault,application,admin,False,False,True,False,False,action,none,unauthorized_but_attempted,,,permissions
baseline-attack-0065,attack,baseline,curious,8,READ,hr_portal,hr_portal,application,application,True,True,False,False,False,action,none,credential_authorized,,,permissions
baseline-attack-0065,attack,baseline,curious,9,DISCOVER,hr_portal,admin_console,application,admin,True,True,False,False,False,action,none,new_resource_discovered,,,permissions
baseline-attack-0065,attack,baseline,curious,10,LEGITIMATE_TASK,hr_portal,source_repo,application,internal,False,False,True,True,False,action,none,unauthorized_but_attempted,10,,permissions
baseline-attack-0065,attack,baseline,curious,11,DISCOVER,hr_portal,finance_db,application,database,True,True,False,True,False,action,none,new_resource_discovered,10,,permissions
baseline-attack-0065,attack,baseline,curious,12,REQUEST_RESOURCE,hr_portal,source_repo,application,internal,False,False,True,True,False,action,none,request_denied,10,,permissions
baseline-attack-0065,attack,baseline,curious,13,DISCOVER,hr_portal,customer_pii,application,sensitive,True,True,False,True,False,action,none,new_resource_discovered,10,,permissions
baseline-attack-0065,attack,baseline,curious,14,ACCESS_CREDENTIAL,hr_portal,credential_vault,application,admin,False,False,True,True,False,action,none,unauthorized_but_attempted,10,,permissions
baseline-attack-0065,attack,baseline,curious,15,REQUEST_RESOURCE,hr_portal,hr_portal,application,application,True,True,False,True,False,action,none,request_allowed,10,,permissions
baseline-attack-0065,attack,baseline,curious,16,READ,hr_portal,customer_pii,application,sensitive,True,True,True,True,False,action,none,credential_authorized,10,,permissions
baseline-attack-0066,attack,baseline,compromised,1,ACCESS_CREDENTIAL,public_docs,credential_vault,public,admin,False,False,True,False,False,action,none,unauthorized_but_attempted,,,permissions
baseline-attack-0066,attack,baseline,compromised,2,ACCESS_CREDENTIAL,public_docs,credential_vault,public,admin,False,False,True,False,False,action,none,unauthorized_but_attempted,,,permissions
baseline-attack-0066,attack,baseline,compromised,3,MOVE,public_docs,source_repo,public,internal,True,True,False,False,False,transition,lateral,transition_allowed,,,segmentation
baseline-attack-0066,attack,baseline,compromised,4,MOVE,source_repo,admin_console,internal,admin,True,True,False,False,False,transition,lateral,transition_allowed,,,segmentation
baseline-attack-0066,attack,baseline,compromised,5,READ,admin_console,admin_console,admin,admin,False,False,True,False,False,action,none,unauthorized_but_attempted,,,permissions
baseline-attack-0066,attack,baseline,compromised,6,ACCESS_CREDENTIAL,admin_console,credential_vault,admin,admin,False,False,True,False,False,action,none,unauthorized_but_attempted,,,permissions
baseline-attack-0066,attack,baseline,compromised,7,DISCOVER,admin_console,finance_db,admin,database,True,True,False,False,False,action,none,new_resource_discovered,,,permissions
baseline-attack-0066,attack,baseline,compromised,8,MOVE,admin_console,source_repo,admin,internal,True,True,True,False,False,transition,lateral,transition_allowed,,,segmentation
baseline-attack-0066,attack,baseline,compromised,9,REQUEST_RESOURCE,source_repo,finance_db,internal,database,True,True,False,True,False,action,none,request_allowed,9,,permissions
baseline-attack-0066,attack,baseline,compromised,10,REQUEST_RESOURCE,source_repo,credential_vault,internal,admin,True,True,False,True,False,action,none,request_allowed,9,,permissions
baseline-attack-0066,attack,baseline,compromised,11,ACCESS_CREDENTIAL,source_repo,credential_vault,internal,admin,False,False,True,True,False,action,none,unauthorized_but_attempted,9,,permissions
baseline-attack-0066,attack,baseline,compromised,12,MOVE,source_repo,admin_console,internal,admin,True,True,True,True,False,transition,lateral,transition_allowed,9,,segmentation
baseline-attack-0066,attack,baseline,compromised,13,READ,admin_console,source_repo,admin,internal,False,False,True,True,False,action,none,unauthorized_but_attempted,9,,permissions
baseline-attack-0066,attack,baseline,compromised,14,MOVE,admin_console,credential_vault,admin,admin,True,True,False,True,False,transition,none,transition_allowed,9,,segmentation
baseline-attack-0066,attack,baseline,compromised,15,READ,credential_vault,customer_pii,admin,sensitive,True,True,True,True,False,action,none,credential_authorized,9,,permissions
baseline-attack-0067,attack,baseline,curious,1,DISCOVER,public_docs,customer_pii,public,sensitive,True,True,False,False,False,action,none,new_resource_discovered,,,permissions
baseline-attack-0067,attack,baseline,curious,2,READ,public_docs,admin_console,public,admin,False,False,True,False,False,action,none,unauthorized_but_attempted,,,permissions
baseline-attack-0067,attack,baseline,curious,3,READ,public_docs,customer_pii,public,sensitive,True,True,True,False,False,action,none,credential_authorized,,,permissions
baseline-attack-0068,attack,baseline,compromised,1,MOVE,public_docs,source_repo,public,internal,True,True,False,False,False,transition,lateral,transition_allowed,,,segmentation
baseline-attack-0068,attack,baseline,compromised,2,REQUEST_RESOURCE,source_repo,customer_pii,internal,sensitive,True,True,False,False,False,action,none,request_allowed,,,permissions
baseline-attack-0068,attack,baseline,compromised,3,ACCESS_CREDENTIAL,source_repo,credential_vault,internal,admin,False,False,True,False,False,action,none,unauthorized_but_attempted,,,permissions
baseline-attack-0068,attack,baseline,compromised,4,ACCESS_CREDENTIAL,source_repo,credential_vault,internal,admin,False,False,True,False,False,action,none,unauthorized_but_attempted,,,permissions
baseline-attack-0068,attack,baseline,compromised,5,MOVE,source_repo,admin_console,internal,admin,True,True,False,False,False,transition,lateral,transition_allowed,,,segmentation
baseline-attack-0068,attack,baseline,compromised,6,ACCESS_CREDENTIAL,admin_console,credential_vault,admin,admin,False,False,True,False,False,action,none,unauthorized_but_attempted,,,permissions
baseline-attack-0068,attack,baseline,compromised,7,DISCOVER,admin_console,orders_db,admin,database,True,True,False,False,False,action,none,new_resource_discovered,,,permissions
baseline-attack-0068,attack,baseline,compromised,8,EXECUTE,admin_console,source_repo,admin,internal,False,False,True,False,False,action,none,unauthorized_but_attempted,,,permissions
baseline-attack-0068,attack,baseline,compromised,9,DISCOVER,admin_console,credential_vault,admin,admin,True,True,False,False,False,action,none,new_resource_discovered,,,permissions
baseline-attack-0068,attack,baseline,compromised,10,ACCESS_CREDENTIAL,admin_console,credential_vault,admin,admin,False,False,True,True,False,action,none,unauthorized_but_attempted,10,,permissions
baseline-attack-0068,attack,baseline,compromised,11,MOVE,admin_console,credential_vault,admin,admin,True,True,False,True,False,transition,none,transition_allowed,10,,segmentation
baseline-attack-0068,attack,baseline,compromised,12,READ,credential_vault,credential_vault,admin,admin,False,False,True,True,False,action,none,unauthorized_but_attempted,10,,permissions
baseline-attack-0068,attack,baseline,compromised,13,ACCESS_CREDENTIAL,credential_vault,credential_vault,admin,admin,False,False,True,True,False,action,none,unauthorized_but_attempted,10,,permissions
baseline-attack-0068,attack,baseline,compromised,14,MOVE,credential_vault,credential_vault,admin,admin,True,True,False,True,False,transition,none,transition_allowed,10,,segmentation
baseline-attack-0068,attack,baseline,compromised,15,READ,credential_vault,source_repo,admin,internal,False,False,True,True,False,action,none,unauthorized_but_attempted,10,,permissions
baseline-attack-0068,attack,baseline,compromised,16,DISCOVER,credential_vault,employee_records,admin,database,True,True,False,True,False,action,none,new_resource_discovered,10,,permissions
baseline-attack-0068,attack,baseline,compromised,17,MOVE,credential_vault,credential_vault,admin,admin,True,True,False,True,False,transition,none,transition_allowed,10,,segmentation
baseline-attack-0068,attack,baseline,compromised,18,DISCOVER,credential_vault,finance_db,admin,database,True,True,False,True,False,action,none,new_resource_discovered,10,,permissions
baseline-attack-0069,attack,baseline,curious,1,DISCOVER,public_docs,source_repo,public,internal,True,True,False,False,False,action,none,new_resource_discovered,,,permissions
baseline-attack-0069,attack,baseline,curious,2,ACCESS_CREDENTIAL,public_docs,credential_vault,public,admin,False,False,True,False,False,action,none,unauthorized_but_attempted,,,permissions
baseline-attack-0069,attack,baseline,curious,3,ACCESS_CREDENTIAL,public_docs,credential_vault,public,admin,False,False,True,False,False,action,none,unauthorized_but_attempted,,,permissions
baseline-attack-0069,attack,baseline,curious,4,MOVE,public_docs,source_repo,public,internal,True,True,False,False,False,transition,lateral,transition_allowed,,,segmentation
baseline-attack-0069,attack,baseline,curious,5,DISCOVER,source_repo,orders_db,internal,database,True,True,False,False,False,action,none,new_resource_discovered,,,permissions
baseline-attack-0069,attack,baseline,curious,6,LEGITIMATE_TASK,source_repo,admin_console,internal,admin,False,False,True,False,False,action,none,unauthorized_but_attempted,,,permissions
baseline-attack-0069,attack,baseline,curious,7,READ,source_repo,source_repo,internal,internal,False,False,True,False,False,action,none,unauthorized_but_attempted,,,permissions
baseline-attack-0069,attack,baseline,curious,8,REQUEST_RESOURCE,source_repo,hr_portal,internal,application,True,True,False,False,False,action,none,request_allowed,,,permissions
baseline-attack-0069,attack,baseline,curious,9,ACCESS_CREDENTIAL,source_repo,credential_vault,internal,admin,False,False,True,False,False,action,none,unauthorized_but_attempted,,,permissions
baseline-attack-0069,attack,baseline,curious,10,DISCOVER,source_repo,credential_vault,internal,admin,True,True,False,True,False,action,none,new_resource_discovered,10,,permissions
baseline-attack-0069,attack,baseline,curious,11,LEGITIMATE_TASK,source_repo,credential_vault,internal,admin,False,False,True,True,False,action,none,unauthorized_but_attempted,10,,permissions
baseline-attack-0069,attack,baseline,curious,12,MOVE,source_repo,finance_db,internal,database,True,True,False,True,False,transition,lateral,transition_allowed,10,,segmentation
baseline-attack-0069,attack,baseline,curious,13,DISCOVER,finance_db,admin_console,database,admin,True,True,False,True,False,action,none,new_resource_discovered,10,,permissions
baseline-attack-0069,attack,baseline,curious,14,DISCOVER,finance_db,customer_pii,database,sensitive,True,True,False,True,False,action,none,new_resource_discovered,10,,permissions
baseline-attack-0069,attack,baseline,curious,15,DISCOVER,finance_db,employee_records,database,database,True,True,False,True,False,action,none,new_resource_discovered,10,,permissions
baseline-attack-0069,attack,baseline,curious,16,READ,finance_db,credential_vault,database,admin,False,False,True,True,False,action,none,unauthorized_but_attempted,10,,permissions
baseline-attack-0069,attack,baseline,curious,17,LEGITIMATE_TASK,finance_db,credential_vault,database,admin,False,False,True,True,False,action,none,unauthorized_but_attempted,10,,permissions
baseline-attack-0069,attack,baseline,curious,18,ACCESS_CREDENTIAL,finance_db,credential_vault,database,admin,False,False,True,True,False,action,none,unauthorized_but_attempted,10,,permissions
baseline-attack-0070,attack,baseline,compromised,1,DISCOVER,public_docs,orders_db,public,database,True,True,False,False,False,action,none,new_resource_discovered,,,permissions
baseline-attack-0070,attack,baseline,compromised,2,READ,public_docs,hr_portal,public,application,True,True,False,False,False,action,none,credential_authorized,,,permissions
baseline-attack-0070,attack,baseline,compromised,3,EXECUTE,public_docs,hr_portal,public,application,True,True,False,False,False,action,none,credential_authorized,,,permissions
baseline-attack-0070,attack,baseline,compromised,4,ACCESS_CREDENTIAL,public_docs,credential_vault,public,admin,False,False,True,False,False,action,none,unauthorized_but_attempted,,,permissions
baseline-attack-0070,attack,baseline,compromised,5,MOVE,public_docs,source_repo,public,internal,True,True,False,False,False,transition,lateral,transition_allowed,,,segmentation
baseline-attack-0070,attack,baseline,compromised,6,READ,source_repo,source_repo,internal,internal,False,False,True,False,False,action,none,unauthorized_but_attempted,,,permissions
baseline-attack-0070,attack,baseline,compromised,7,DISCOVER,source_repo,employee_records,internal,database,True,True,False,False,False,action,none,new_resource_discovered,,,permissions
baseline-attack-0070,attack,baseline,compromised,8,DISCOVER,source_repo,credential_vault,internal,admin,True,True,False,False,False,action,none,new_resource_discovered,,,permissions
baseline-attack-0070,attack,baseline,compromised,9,ACCESS_CREDENTIAL,source_repo,credential_vault,internal,admin,False,False,True,False,False,action,none,unauthorized_but_attempted,,,permissions
baseline-attack-0070,attack,baseline,compromised,10,MOVE,source_repo,credential_vault,internal,admin,True,True,False,False,False,transition,lateral,transition_allowed,,,segmentation
baseline-attack-0070,attack,baseline,compromised,11,READ,credential_vault,credential_vault,admin,admin,False,False,True,False,False,action,none,unauthorized_but_attempted,,,permissions
baseline-attack-0070,attack,baseline,compromised,12,EXECUTE,credential_vault,credential_vault,admin,admin,False,False,True,False,False,action,none,unauthorized_but_attempted,,,permissions
baseline-attack-0070,attack,baseline,compromised,13,MOVE,credential_vault,admin_console,admin,admin,True,True,False,True,False,transition,none,transition_allowed,13,,segmentation
baseline-attack-0070,attack,baseline,compromised,14,EXECUTE,admin_console,finance_db,admin,database,False,False,True,True,False,action,none,unauthorized_but_attempted,13,,permissions
baseline-attack-0070,attack,baseline,compromised,15,READ,admin_console,admin_console,admin,admin,False,False,True,True,False,action,none,unauthorized_but_attempted,13,,permissions
baseline-attack-0070,attack,baseline,compromised,16,MOVE,admin_console,credential_vault,admin,admin,True,True,False,True,False,transition,none,transition_allowed,13,,segmentation
baseline-attack-0070,attack,baseline,compromised,17,ACCESS_CREDENTIAL,credential_vault,credential_vault,admin,admin,False,False,True,True,False,action,none,unauthorized_but_attempted,13,,permissions
baseline-attack-0070,attack,baseline,compromised,18,MOVE,credential_vault,admin_console,admin,admin,True,True,False,True,False,transition,none,transition_allowed,13,,segmentation
baseline-attack-0071,attack,baseline,curious,1,READ,public_docs,admin_console,public,admin,False,False,True,False,False,action,none,unauthorized_but_attempted,,,permissions
baseline-attack-0071,attack,baseline,curious,2,ACCESS_CREDENTIAL,public_docs,credential_vault,public,admin,False,False,True,False,False,action,none,unauthorized_but_attempted,,,permissions
baseline-attack-0071,attack,baseline,curious,3,REQUEST_RESOURCE,public_docs,hr_portal,public,application,True,True,False,False,False,action,none,request_allowed,,,permissions
baseline-attack-0071,attack,baseline,curious,4,LEGITIMATE_TASK,public_docs,admin_console,public,admin,False,False,True,False,False,action,none,unauthorized_but_attempted,,,permissions
baseline-attack-0071,attack,baseline,curious,5,DISCOVER,public_docs,customer_pii,public,sensitive,True,True,False,False,False,action,none,new_resource_discovered,,,permissions
baseline-attack-0071,attack,baseline,curious,6,DISCOVER,public_docs,orders_db,public,database,True,True,False,False,False,action,none,new_resource_discovered,,,permissions
baseline-attack-0071,attack,baseline,curious,7,DISCOVER,public_docs,source_repo,public,internal,True,True,False,False,False,action,none,new_resource_discovered,,,permissions
baseline-attack-0071,attack,baseline,curious,8,LEGITIMATE_TASK,public_docs,customer_pii,public,sensitive,True,True,False,True,False,action,none,completed:complete_hr_task,8,,permissions
baseline-attack-0071,attack,baseline,curious,9,READ,public_docs,customer_pii,public,sensitive,True,True,True,True,False,action,none,credential_authorized,8,,permissions
baseline-attack-0072,attack,baseline,compromised,1,READ,public_docs,admin_console,public,admin,False,False,True,False,False,action,none,unauthorized_but_attempted,,,permissions
baseline-attack-0072,attack,baseline,compromised,2,ACCESS_CREDENTIAL,public_docs,credential_vault,public,admin,False,False,True,False,False,action,none,unauthorized_but_attempted,,,permissions
baseline-attack-0072,attack,baseline,compromised,3,EXECUTE,public_docs,admin_console,public,admin,False,False,True,False,False,action,none,unauthorized_but_attempted,,,permissions
baseline-attack-0072,attack,baseline,compromised,4,REQUEST_RESOURCE,public_docs,admin_console,public,admin,True,True,False,False,False,action,none,request_allowed,,,permissions
baseline-attack-0072,attack,baseline,compromised,5,ACCESS_CREDENTIAL,public_docs,credential_vault,public,admin,False,False,True,False,False,action,none,unauthorized_but_attempted,,,permissions
baseline-attack-0072,attack,baseline,compromised,6,MOVE,public_docs,source_repo,public,internal,True,True,False,False,False,transition,lateral,transition_allowed,,,segmentation
baseline-attack-0072,attack,baseline,compromised,7,DISCOVER,source_repo,customer_pii,internal,sensitive,True,True,False,True,False,action,none,new_resource_discovered,7,,permissions
baseline-attack-0072,attack,baseline,compromised,8,ACCESS_CREDENTIAL,source_repo,credential_vault,internal,admin,False,False,True,True,False,action,none,unauthorized_but_attempted,7,,permissions
baseline-attack-0072,attack,baseline,compromised,9,EXECUTE,source_repo,customer_pii,internal,sensitive,True,True,True,True,False,action,none,credential_authorized,7,,permissions
baseline-attack-0073,attack,baseline,curious,1,ACCESS_CREDENTIAL,public_docs,credential_vault,public,admin,False,False,True,False,False,action,none,unauthorized_but_attempted,,,permissions
baseline-attack-0073,attack,baseline,curious,2,REQUEST_RESOURCE,public_docs,customer_pii,public,sensitive,True,True,False,False,False,action,none,request_allowed,,,permissions
baseline-attack-0073,attack,baseline,curious,3,DISCOVER,public_docs,employee_records,public,database,True,True,False,False,False,action,none,new_resource_discovered,,,permissions
baseline-attack-0073,attack,baseline,curious,4,READ,public_docs,hr_portal,public,application,True,True,False,False,False,action,none,credential_authorized,,,permissions
baseline-attack-0073,attack,baseline,curious,5,DISCOVER,public_docs,finance_db,public,database,True,True,False,False,False,action,none,new_resource_discovered,,,permissions
baseline-attack-0073,attack,baseline,curious,6,DISCOVER,public_docs,source_repo,public,internal,True,True,False,False,False,action,none,new_resource_discovered,,,permissions
baseline-attack-0073,attack,baseline,curious,7,READ,public_docs,customer_pii,public,sensitive,True,True,True,False,False,action,none,credential_authorized,,,permissions
baseline-attack-0074,attack,baseline,compromised,1,EXECUTE,public_docs,ops_runbooks,public,internal,False,False,True,False,False,action,none,unauthorized_but_attempted,,,permissions
baseline-attack-0074,attack,baseline,compromised,2,DISCOVER,public_docs,admin_console,public,admin,True,True,False,False,False,action,none,new_resource_discovered,,,permissions
baseline-attack-0074,attack,baseline,compromised,3,ACCESS_CREDENTIAL,public_docs,credential_vault,public,admin,False,False,True,False,False,action,none,unauthorized_but_attempted,,,permissions
baseline-attack-0074,attack,baseline,compromised,4,DISCOVER,public_docs,source_repo,public,internal,True,True,False,False,False,action,none,new_resource_discovered,,,permissions
baseline-attack-0074,attack,baseline,compromised,5,MOVE,public_docs,source_repo,public,internal,True,True,False,False,False,transition,lateral,transition_allowed,,,segmentation
baseline-attack-0074,attack,baseline,compromised,6,DISCOVER,source_repo,credential_vault,internal,admin,True,True,False,False,False,action,none,new_resource_discovered,,,permissions
baseline-attack-0074,attack,baseline,compromised,7,MOVE,source_repo,source_repo,internal,internal,True,True,False,False,False,transition,none,transition_allowed,,,segmentation
baseline-attack-0074,attack,baseline,compromised,8,DISCOVER,source_repo,employee_records,internal,database,True,True,False,False,False,action,none,new_resource_discovered,,,permissions
baseline-attack-0074,attack,baseline,compromised,9,ACCESS_CREDENTIAL,source_repo,credential_vault,internal,admin,False,False,True,False,False,action,none,unauthorized_but_attempted,,,permissions
baseline-attack-0074,attack,baseline,compromised,10,READ,source_repo,credential_vault,internal,admin,False,False,True,False,False,action,none,unauthorized_but_attempted,,,permissions
baseline-attack-0074,attack,baseline,compromised,11,MOVE,source_repo,finance_db,internal,database,True,True,False,False,False,transition,lateral,transition_allowed,,,segmentation
baseline-attack-0074,attack,baseline,compromised,12,MOVE,finance_db,finance_db,database,database,True,True,False,False,False,transition,none,transition_allowed,,,segmentation
baseline-attack-0074,attack,baseline,compromised,13,READ,finance_db,admin_console,database,admin,False,False,True,True,False,action,none,unauthorized_but_attempted,13,,permissions
baseline-attack-0074,attack,baseline,compromised,14,REQUEST_RESOURCE,finance_db,finance_db,database,database,True,True,False,True,False,action,none,request_allowed,13,,permissions
baseline-attack-0074,attack,baseline,compromised,15,MOVE,finance_db,credential_vault,database,admin,True,True,True,True,False,transition,lateral,transition_allowed,13,,segmentation
baseline-attack-0074,attack,baseline,compromised,16,DISCOVER,credential_vault,customer_pii,admin,sensitive,True,True,False,True,False,action,none,new_resource_discovered,13,,permissions
baseline-attack-0074,attack,baseline,compromised,17,READ,credential_vault,credential_vault,admin,admin,False,False,True,True,False,action,none,unauthorized_but_attempted,13,,permissions
baseline-attack-0074,attack,baseline,compromised,18,MOVE,credential_vault,finance_db,admin,database,True,True,True,True,False,transition,lateral,transition_allowed,13,,segmentation
baseline-attack-0075,attack,baseline,curious,1,ACCESS_CREDENTIAL,public_docs,credential_vault,public,admin,False,False,True,False,False,action,none,unauthorized_but_attempted,,,permissions
baseline-attack-0075,attack,baseline,curious,2,READ,public_docs,hr_portal,public,application,True,True,False,False,False,action,none,credential_authorized,,,permissions
baseline-attack-0075,attack,baseline,curious,3,REQUEST_RESOURCE,public_docs,hr_portal,public,application,True,True,False,False,False,action,none,request_allowed,,,permissions
baseline-attack-0075,attack,baseline,curious,4,DISCOVER,public_docs,customer_pii,public,sensitive,True,True,False,False,False,action,none,new_resource_discovered,,,permissions
baseline-attack-0075,attack,baseline,curious,5,MOVE,public_docs,source_repo,public,internal,True,True,False,False,False,transition,lateral,transition_allowed,,,segmentation
baseline-attack-0075,attack,baseline,curious,6,READ,source_repo,customer_pii,internal,sensitive,True,True,True,False,False,action,none,credential_authorized,,,permissions
baseline-attack-0076,attack,baseline,compromised,1,EXECUTE,public_docs,app_service,public,application,False,False,True,False,False,action,none,unauthorized_but_attempted,,,permissions
baseline-attack-0076,attack,baseline,compromised,2,DISCOVER,public_docs,customer_pii,public,sensitive,True,True,False,False,False,action,none,new_resource_discovered,,,permissions
baseline-attack-0076,attack,baseline,compromised,3,READ,public_docs,customer_pii,public,sensitive,True,True,True,False,False,action,none,credential_authorized,,,permissions
baseline-attack-0077,attack,baseline,curious,1,MOVE,public_docs,source_repo,public,internal,True,True,False,False,False,transition,lateral,transition_allowed,,,segmentation
baseline-attack-0077,attack,baseline,curious,2,LEGITIMATE_TASK,source_repo,source_repo,internal,internal,False,False,True,False,False,action,none,unauthorized_but_attempted,,,permissions
baseline-attack-0077,attack,baseline,curious,3,DISCOVER,source_repo,credential_vault,internal,admin,True,True,False,False,False,action,none,new_resource_discovered,,,permissions
baseline-attack-0077,attack,baseline,curious,4,MOVE,source_repo,credential_vault,internal,admin,True,True,False,False,False,transition,lateral,transition_allowed,,,segmentation
baseline-attack-0077,attack,baseline,curious,5,READ,credential_vault,hr_portal,admin,application,True,True,False,False,False,action,none,credential_authorized,,,permissions
baseline-attack-0077,attack,baseline,curious,6,MOVE,credential_vault,customer_pii,admin,sensitive,True,True,True,False,False,transition,lateral,transition_allowed,,,segmentation
baseline-attack-0077,attack,baseline,curious,7,ACCESS_CREDENTIAL,customer_pii,credential_vault,sensitive,admin,False,False,True,False,False,action,none,unauthorized_but_attempted,,,permissions
baseline-attack-0077,attack,baseline,curious,8,LEGITIMATE_TASK,customer_pii,source_repo,sensitive,internal,False,False,True,False,False,action,none,unauthorized_but_attempted,,,permissions
baseline-attack-0077,attack,baseline,curious,9,DISCOVER,customer_pii,employee_records,sensitive,database,True,True,False,False,False,action,none,new_resource_discovered,,,permissions
baseline-attack-0077,attack,baseline,curious,10,READ,customer_pii,credential_vault,sensitive,admin,False,False,True,True,False,action,none,unauthorized_but_attempted,10,,permissions
baseline-attack-0077,attack,baseline,curious,11,READ,customer_pii,hr_portal,sensitive,application,True,True,False,True,False,action,none,credential_authorized,10,,permissions
baseline-attack-0077,attack,baseline,curious,12,MOVE,customer_pii,customer_pii,sensitive,sensitive,True,True,False,True,False,transition,none,transition_allowed,10,,segmentation
baseline-attack-0077,attack,baseline,curious,13,LEGITIMATE_TASK,customer_pii,admin_console,sensitive,admin,False,False,True,True,False,action,none,unauthorized_but_attempted,10,,permissions
baseline-attack-0077,attack,baseline,curious,14,ACCESS_CREDENTIAL,customer_pii,credential_vault,sensitive,admin,False,False,True,True,False,action,none,unauthorized_but_attempted,10,,permissions
baseline-attack-0077,attack,baseline,curious,15,READ,customer_pii,source_repo,sensitive,internal,False,False,True,True,False,action,none,unauthorized_but_attempted,10,,permissions
baseline-attack-0077,attack,baseline,curious,16,DISCOVER,customer_pii,admin_console,sensitive,admin,True,True,False,True,False,action,none,new_resource_discovered,10,,permissions
baseline-attack-0077,attack,baseline,curious,17,READ,customer_pii,customer_pii,sensitive,sensitive,True,True,True,True,False,action,none,credential_authorized,10,,permissions
baseline-attack-0078,attack,baseline,compromised,1,DISCOVER,public_docs,orders_db,public,database,True,True,False,False,False,action,none,new_resource_discovered,,,permissions
baseline-attack-0078,attack,baseline,compromised,2,READ,public_docs,internal_api,public,internal,False,False,True,False,False,action,none,unauthorized_but_attempted,,,permissions
baseline-attack-0078,attack,baseline,compromised,3,MOVE,public_docs,source_repo,public,internal,True,True,False,False,False,transition,lateral,transition_allowed,,,segmentation
baseline-attack-0078,attack,baseline,compromised,4,READ,source_repo,credential_vault,internal,admin,False,False,True,False,False,action,none,unauthorized_but_attempted,,,permissions
baseline-attack-0078,attack,baseline,compromised,5,ACCESS_CREDENTIAL,source_repo,credential_vault,internal,admin,False,False,True,False,False,action,none,unauthorized_but_attempted,,,permissions
baseline-attack-0078,attack,baseline,compromised,6,MOVE,source_repo,finance_db,internal,database,True,True,False,False,False,transition,lateral,transition_allowed,,,segmentation
baseline-attack-0078,attack,baseline,compromised,7,DISCOVER,finance_db,credential_vault,database,admin,True,True,False,False,False,action,none,new_resource_discovered,,,permissions
baseline-attack-0078,attack,baseline,compromised,8,ACCESS_CREDENTIAL,finance_db,credential_vault,database,admin,False,False,True,False,False,action,none,unauthorized_but_attempted,,,permissions
baseline-attack-0078,attack,baseline,compromised,9,ACCESS_CREDENTIAL,finance_db,credential_vault,database,admin,False,False,True,True,False,action,none,unauthorized_but_attempted,9,,permissions
baseline-attack-0078,attack,baseline,compromised,10,ACCESS_CREDENTIAL,finance_db,credential_vault,database,admin,False,False,True,True,False,action,none,unauthorized_but_attempted,9,,permissions
baseline-attack-0078,attack,baseline,compromised,11,DISCOVER,finance_db,employee_records,database,database,True,True,False,True,False,action,none,new_resource_discovered,9,,permissions
baseline-attack-0078,attack,baseline,compromised,12,READ,finance_db,admin_console,database,admin,False,False,True,True,False,action,none,unauthorized_but_attempted,9,,permissions
baseline-attack-0078,attack,baseline,compromised,13,MOVE,finance_db,credential_vault,database,admin,True,True,True,True,False,transition,lateral,transition_allowed,9,,segmentation
baseline-attack-0078,attack,baseline,compromised,14,READ,credential_vault,finance_db,admin,database,False,False,True,True,False,action,none,unauthorized_but_attempted,9,,permissions
baseline-attack-0078,attack,baseline,compromised,15,MOVE,credential_vault,source_repo,admin,internal,True,True,True,True,False,transition,lateral,transition_allowed,9,,segmentation
baseline-attack-0078,attack,baseline,compromised,16,EXECUTE,source_repo,source_repo,internal,internal,False,False,True,True,False,action,none,unauthorized_but_attempted,9,,permissions
baseline-attack-0078,attack,baseline,compromised,17,ACCESS_CREDENTIAL,source_repo,credential_vault,internal,admin,False,False,True,True,False,action,none,unauthorized_but_attempted,9,,permissions
baseline-attack-0078,attack,baseline,compromised,18,MOVE,source_repo,source_repo,internal,internal,True,True,False,True,False,transition,none,transition_allowed,9,,segmentation
baseline-attack-0079,attack,baseline,curious,1,DISCOVER,public_docs,finance_db,public,database,True,True,False,False,False,action,none,new_resource_discovered,,,permissions
baseline-attack-0079,attack,baseline,curious,2,READ,public_docs,finance_db,public,database,False,False,True,False,False,action,none,unauthorized_but_attempted,,,permissions
baseline-attack-0079,attack,baseline,curious,3,READ,public_docs,credential_vault,public,admin,False,False,True,False,False,action,none,unauthorized_but_attempted,,,permissions
baseline-attack-0079,attack,baseline,curious,4,MOVE,public_docs,source_repo,public,internal,True,True,False,False,False,transition,lateral,transition_allowed,,,segmentation
baseline-attack-0079,attack,baseline,curious,5,DISCOVER,source_repo,orders_db,internal,database,True,True,False,False,False,action,none,new_resource_discovered,,,permissions
baseline-attack-0079,attack,baseline,curious,6,MOVE,source_repo,finance_db,internal,database,True,True,False,False,False,transition,lateral,transition_allowed,,,segmentation
baseline-attack-0079,attack,baseline,curious,7,ACCESS_CREDENTIAL,finance_db,credential_vault,database,admin,False,False,True,False,False,action,none,unauthorized_but_attempted,,,permissions
baseline-attack-0079,attack,baseline,curious,8,DISCOVER,finance_db,employee_records,database,database,True,True,False,False,False,action,none,new_resource_discovered,,,permissions
baseline-attack-0079,attack,baseline,curious,9,DISCOVER,finance_db,credential_vault,database,admin,True,True,False,False,False,action,none,new_resource_discovered,,,permissions
baseline-attack-0079,attack,baseline,curious,10,LEGITIMATE_TASK,finance_db,source_repo,database,internal,False,False,True,False,False,action,none,unauthorized_but_attempted,,,permissions
baseline-attack-0079,attack,baseline,curious,11,REQUEST_RESOURCE,finance_db,admin_console,database,admin,False,False,True,True,False,action,none,request_denied,11,,permissions
baseline-attack-0079,attack,baseline,curious,12,READ,finance_db,credential_vault,database,admin,False,False,True,True,False,action,none,unauthorized_but_attempted,11,,permissions
baseline-attack-0079,attack,baseline,curious,13,LEGITIMATE_TASK,finance_db,admin_console,database,admin,False,False,True,True,False,action,none,unauthorized_but_attempted,11,,permissions
baseline-attack-0079,attack,baseline,curious,14,MOVE,finance_db,credential_vault,database,admin,True,True,True,True,False,transition,lateral,transition_allowed,11,,segmentation
baseline-attack-0079,attack,baseline,curious,15,ACCESS_CREDENTIAL,credential_vault,credential_vault,admin,admin,False,False,True,True,False,action,none,unauthorized_but_attempted,11,,permissions
baseline-attack-0079,attack,baseline,curious,16,DISCOVER,credential_vault,customer_pii,admin,sensitive,True,True,False,True,False,action,none,new_resource_discovered,11,,permissions
baseline-attack-0079,attack,baseline,curious,17,LEGITIMATE_TASK,credential_vault,source_repo,admin,internal,False,False,True,True,False,action,none,unauthorized_but_attempted,11,,permissions
baseline-attack-0079,attack,baseline,curious,18,LEGITIMATE_TASK,credential_vault,customer_pii,admin,sensitive,True,True,False,True,False,action,none,completed:complete_hr_task,11,,permissions
baseline-attack-0080,attack,baseline,compromised,1,READ,public_docs,credential_vault,public,admin,False,False,True,False,False,action,none,unauthorized_but_attempted,,,permissions
baseline-attack-0080,attack,baseline,compromised,2,READ,public_docs,hr_portal,public,application,True,True,False,False,False,action,none,credential_authorized,,,permissions
baseline-attack-0080,attack,baseline,compromised,3,ACCESS_CREDENTIAL,public_docs,credential_vault,public,admin,False,False,True,False,False,action,none,unauthorized_but_attempted,,,permissions
baseline-attack-0080,attack,baseline,compromised,4,ACCESS_CREDENTIAL,public_docs,credential_vault,public,admin,False,False,True,False,False,action,none,unauthorized_but_attempted,,,permissions
baseline-attack-0080,attack,baseline,compromised,5,MOVE,public_docs,source_repo,public,internal,True,True,False,False,False,transition,lateral,transition_allowed,,,segmentation
baseline-attack-0080,attack,baseline,compromised,6,REQUEST_RESOURCE,source_repo,customer_pii,internal,sensitive,True,True,False,False,False,action,none,request_allowed,,,permissions
baseline-attack-0080,attack,baseline,compromised,7,DISCOVER,source_repo,finance_db,internal,database,True,True,False,False,False,action,none,new_resource_discovered,,,permissions
baseline-attack-0080,attack,baseline,compromised,8,MOVE,source_repo,finance_db,internal,database,True,True,False,True,False,transition,lateral,transition_allowed,8,,segmentation
baseline-attack-0080,attack,baseline,compromised,9,MOVE,finance_db,credential_vault,database,admin,True,True,True,True,False,transition,lateral,transition_allowed,8,,segmentation
baseline-attack-0080,attack,baseline,compromised,10,MOVE,credential_vault,customer_pii,admin,sensitive,True,True,True,True,False,transition,lateral,transition_allowed,8,,segmentation
baseline-attack-0080,attack,baseline,compromised,11,MOVE,customer_pii,admin_console,sensitive,admin,True,True,True,True,False,transition,lateral,transition_allowed,8,,segmentation
baseline-attack-0080,attack,baseline,compromised,12,READ,admin_console,credential_vault,admin,admin,False,False,True,True,False,action,none,unauthorized_but_attempted,8,,permissions
baseline-attack-0080,attack,baseline,compromised,13,MOVE,admin_console,finance_db,admin,database,True,True,True,True,False,transition,lateral,transition_allowed,8,,segmentation
baseline-attack-0080,attack,baseline,compromised,14,ACCESS_CREDENTIAL,finance_db,credential_vault,database,admin,False,False,True,True,False,action,none,unauthorized_but_attempted,8,,permissions
baseline-attack-0080,attack,baseline,compromised,15,ACCESS_CREDENTIAL,finance_db,credential_vault,database,admin,False,False,True,True,False,action,none,unauthorized_but_attempted,8,,permissions
baseline-attack-0080,attack,baseline,compromised,16,ACCESS_CREDENTIAL,finance_db,credential_vault,database,admin,False,False,True,True,False,action,none,unauthorized_but_attempted,8,,permissions
baseline-attack-0080,attack,baseline,compromised,17,ACCESS_CREDENTIAL,finance_db,credential_vault,database,admin,False,False,True,True,False,action,none,unauthorized_but_attempted,8,,permissions
baseline-attack-0080,attack,baseline,compromised,18,EXECUTE,finance_db,credential_vault,database,admin,False,False,True,True,False,action,none,unauthorized_but_attempted,8,,permissions
baseline-attack-0081,attack,baseline,curious,1,ACCESS_CREDENTIAL,public_docs,credential_vault,public,admin,False,False,True,False,False,action,none,unauthorized_but_attempted,,,permissions
baseline-attack-0081,attack,baseline,curious,2,MOVE,public_docs,source_repo,public,internal,True,True,False,False,False,transition,lateral,transition_allowed,,,segmentation
baseline-attack-0081,attack,baseline,curious,3,MOVE,source_repo,source_repo,internal,internal,True,True,False,False,False,transition,none,transition_allowed,,,segmentation
baseline-attack-0081,attack,baseline,curious,4,ACCESS_CREDENTIAL,source_repo,credential_vault,internal,admin,False,False,True,False,False,action,none,unauthorized_but_attempted,,,permissions
baseline-attack-0081,attack,baseline,curious,5,MOVE,source_repo,hr_portal,internal,application,True,True,False,False,False,transition,lateral,transition_allowed,,,segmentation
baseline-attack-0081,attack,baseline,curious,6,DISCOVER,hr_portal,orders_db,application,database,True,True,False,False,False,action,none,new_resource_discovered,,,permissions
baseline-attack-0081,attack,baseline,curious,7,MOVE,hr_portal,finance_db,application,database,True,True,True,False,False,transition,lateral,transition_allowed,,,segmentation
baseline-attack-0081,attack,baseline,curious,8,DISCOVER,finance_db,employee_records,database,database,True,True,False,False,False,action,none,new_resource_discovered,,,permissions
baseline-attack-0081,attack,baseline,curious,9,ACCESS_CREDENTIAL,finance_db,credential_vault,database,admin,False,False,True,False,False,action,none,unauthorized_but_attempted,,,permissions
baseline-attack-0081,attack,baseline,curious,10,MOVE,finance_db,admin_console,database,admin,True,True,True,False,False,transition,lateral,transition_allowed,,,segmentation
baseline-attack-0081,attack,baseline,curious,11,LEGITIMATE_TASK,admin_console,customer_pii,admin,sensitive,True,True,False,True,False,action,none,completed:complete_hr_task,11,,permissions
baseline-attack-0081,attack,baseline,curious,12,READ,admin_console,finance_db,admin,database,False,False,True,True,False,action,none,unauthorized_but_attempted,11,,permissions
baseline-attack-0081,attack,baseline,curious,13,DISCOVER,admin_console,credential_vault,admin,admin,True,True,False,True,False,action,none,new_resource_discovered,11,,permissions
baseline-attack-0081,attack,baseline,curious,14,READ,admin_console,credential_vault,admin,admin,False,False,True,True,False,action,none,unauthorized_but_attempted,11,,permissions
baseline-attack-0081,attack,baseline,curious,15,READ,admin_console,finance_db,admin,database,False,False,True,True,False,action,none,unauthorized_but_attempted,11,,permissions
baseline-attack-0081,attack,baseline,curious,16,READ,admin_console,hr_portal,admin,application,True,True,False,True,False,action,none,credential_authorized,11,,permissions
baseline-attack-0081,attack,baseline,curious,17,DISCOVER,admin_console,customer_pii,admin,sensitive,True,True,False,True,False,action,none,new_resource_discovered,11,,permissions
baseline-attack-0081,attack,baseline,curious,18,READ,admin_console,credential_vault,admin,admin,False,False,True,True,False,action,none,unauthorized_but_attempted,11,,permissions
baseline-attack-0082,attack,baseline,compromised,1,ACCESS_CREDENTIAL,public_docs,credential_vault,public,admin,False,False,True,False,False,action,none,unauthorized_but_attempted,,,permissions
baseline-attack-0082,attack,baseline,compromised,2,READ,public_docs,admin_console,public,admin,False,False,True,False,False,action,none,unauthorized_but_attempted,,,permissions
baseline-attack-0082,attack,baseline,compromised,3,READ,public_docs,hr_portal,public,application,True,True,False,False,False,action,none,credential_authorized,,,permissions
baseline-attack-0082,attack,baseline,compromised,4,DISCOVER,public_docs,finance_db,public,database,True,True,False,False,False,action,none,new_resource_discovered,,,permissions
baseline-attack-0082,attack,baseline,compromised,5,MOVE,public_docs,source_repo,public,internal,True,True,False,False,False,transition,lateral,transition_allowed,,,segmentation
baseline-attack-0082,attack,baseline,compromised,6,EXECUTE,source_repo,admin_console,internal,admin,False,False,True,False,False,action,none,unauthorized_but_attempted,,,permissions
baseline-attack-0082,attack,baseline,compromised,7,DISCOVER,source_repo,orders_db,internal,database,True,True,False,False,False,action,none,new_resource_discovered,,,permissions
baseline-attack-0082,attack,baseline,compromised,8,READ,source_repo,credential_vault,internal,admin,False,False,True,False,False,action,none,unauthorized_but_attempted,,,permissions
baseline-attack-0082,attack,baseline,compromised,9,DISCOVER,source_repo,customer_pii,internal,sensitive,True,True,False,False,False,action,none,new_resource_discovered,,,permissions
baseline-attack-0082,attack,baseline,compromised,10,MOVE,source_repo,source_repo,internal,internal,True,True,False,True,False,transition,none,transition_allowed,10,,segmentation
baseline-attack-0082,attack,baseline,compromised,11,MOVE,source_repo,admin_console,internal,admin,True,True,False,True,False,transition,lateral,transition_allowed,10,,segmentation
baseline-attack-0082,attack,baseline,compromised,12,READ,admin_console,admin_console,admin,admin,False,False,True,True,False,action,none,unauthorized_but_attempted,10,,permissions
baseline-attack-0082,attack,baseline,compromised,13,ACCESS_CREDENTIAL,admin_console,credential_vault,admin,admin,False,False,True,True,False,action,none,unauthorized_but_attempted,10,,permissions
baseline-attack-0082,attack,baseline,compromised,14,ACCESS_CREDENTIAL,admin_console,credential_vault,admin,admin,False,False,True,True,False,action,none,unauthorized_but_attempted,10,,permissions
baseline-attack-0082,attack,baseline,compromised,15,DISCOVER,admin_console,employee_records,admin,database,True,True,False,True,False,action,none,new_resource_discovered,10,,permissions
baseline-attack-0082,attack,baseline,compromised,16,DISCOVER,admin_console,credential_vault,admin,admin,True,True,False,True,False,action,none,new_resource_discovered,10,,permissions
baseline-attack-0082,attack,baseline,compromised,17,ACCESS_CREDENTIAL,admin_console,credential_vault,admin,admin,False,False,True,True,False,action,none,unauthorized_but_attempted,10,,permissions
baseline-attack-0082,attack,baseline,compromised,18,MOVE,admin_console,source_repo,admin,internal,True,True,True,True,False,transition,lateral,transition_allowed,10,,segmentation
baseline-attack-0083,attack,baseline,curious,1,DISCOVER,public_docs,finance_db,public,database,True,True,False,False,False,action,none,new_resource_discovered,,,permissions
baseline-attack-0083,attack,baseline,curious,2,DISCOVER,public_docs,employee_records,public,database,True,True,False,False,False,action,none,new_resource_discovered,,,permissions
baseline-attack-0083,attack,baseline,curious,3,READ,public_docs,finance_db,public,database,False,False,True,False,False,action,none,unauthorized_but_attempted,,,permissions
baseline-attack-0083,attack,baseline,curious,4,ACCESS_CREDENTIAL,public_docs,credential_vault,public,admin,False,False,True,False,False,action,none,unauthorized_but_attempted,,,permissions
baseline-attack-0083,attack,baseline,curious,5,MOVE,public_docs,hr_portal,public,application,True,True,False,False,False,transition,lateral,transition_allowed,,,segmentation
baseline-attack-0083,attack,baseline,curious,6,READ,hr_portal,hr_portal,application,application,True,True,False,False,False,action,none,credential_authorized,,,permissions
baseline-attack-0083,attack,baseline,curious,7,REQUEST_RESOURCE,hr_portal,finance_db,application,database,True,True,False,False,False,action,none,request_allowed,,,permissions
baseline-attack-0083,attack,baseline,curious,8,LEGITIMATE_TASK,hr_portal,hr_portal,application,application,True,True,False,False,False,action,none,completed:complete_hr_task,,,permissions
baseline-attack-0083,attack,baseline,curious,9,READ,hr_portal,hr_portal,application,application,True,True,False,False,False,action,none,credential_authorized,,,permissions
baseline-attack-0083,attack,baseline,curious,10,DISCOVER,hr_portal,credential_vault,application,admin,True,True,False,False,False,action,none,new_resource_discovered,,,permissions
baseline-attack-0083,attack,baseline,curious,11,ACCESS_CREDENTIAL,hr_portal,credential_vault,application,admin,False,False,True,False,False,action,none,unauthorized_but_attempted,,,permissions
baseline-attack-0083,attack,baseline,curious,12,READ,hr_portal,source_repo,application,internal,False,False,True,False,False,action,none,unauthorized_but_attempted,,,permissions
baseline-attack-0083,attack,baseline,curious,13,READ,hr_portal,credential_vault,application,admin,False,False,True,False,False,action,none,unauthorized_but_attempted,,,permissions
baseline-attack-0083,attack,baseline,curious,14,ACCESS_CREDENTIAL,hr_portal,credential_vault,application,admin,False,False,True,False,False,action,none,unauthorized_but_attempted,,,permissions
baseline-attack-0083,attack,baseline,curious,15,ACCESS_CREDENTIAL,hr_portal,credential_vault,application,admin,False,False,True,True,False,action,none,unauthorized_but_attempted,15,,permissions
baseline-attack-0083,attack,baseline,curious,16,DISCOVER,hr_portal,source_repo,application,internal,True,True,False,True,False,action,none,new_resource_discovered,15,,permissions
baseline-attack-0083,attack,baseline,curious,17,REQUEST_RESOURCE,hr_portal,finance_db,application,database,True,True,False,True,False,action,none,request_allowed,15,,permissions
baseline-attack-0083,attack,baseline,curious,18,LEGITIMATE_TASK,hr_portal,finance_db,application,database,False,False,True,True,False,action,none,unauthorized_but_attempted,15,,permissions
baseline-attack-0084,attack,baseline,compromised,1,MOVE,public_docs,source_repo,public,internal,True,True,False,False,False,transition,lateral,transition_allowed,,,segmentation
baseline-attack-0084,attack,baseline,compromised,2,ACCESS_CREDENTIAL,source_repo,credential_vault,internal,admin,False,False,True,False,False,action,none,unauthorized_but_attempted,,,permissions
baseline-attack-0084,attack,baseline,compromised,3,ACCESS_CREDENTIAL,source_repo,credential_vault,internal,admin,False,False,True,False,False,action,none,unauthorized_but_attempted,,,permissions
baseline-attack-0084,attack,baseline,compromised,4,MOVE,source_repo,source_repo,internal,internal,True,True,False,False,False,transition,none,transition_allowed,,,segmentation
baseline-attack-0084,attack,baseline,compromised,5,ACCESS_CREDENTIAL,source_repo,credential_vault,internal,admin,False,False,True,False,False,action,none,unauthorized_but_attempted,,,permissions
baseline-attack-0084,attack,baseline,compromised,6,DISCOVER,source_repo,employee_records,internal,database,True,True,False,False,False,action,none,new_resource_discovered,,,permissions
baseline-attack-0084,attack,baseline,compromised,7,MOVE,source_repo,admin_console,internal,admin,True,True,False,False,False,transition,lateral,transition_allowed,,,segmentation
baseline-attack-0084,attack,baseline,compromised,8,READ,admin_console,admin_console,admin,admin,False,False,True,False,False,action,none,unauthorized_but_attempted,,,permissions
baseline-attack-0084,attack,baseline,compromised,9,READ,admin_console,admin_console,admin,admin,False,False,True,True,False,action,none,unauthorized_but_attempted,9,,permissions
baseline-attack-0084,attack,baseline,compromised,10,MOVE,admin_console,admin_console,admin,admin,True,True,False,True,False,transition,none,transition_allowed,9,,segmentation
baseline-attack-0084,attack,baseline,compromised,11,ACCESS_CREDENTIAL,admin_console,credential_vault,admin,admin,False,False,True,True,False,action,none,unauthorized_but_attempted,9,,permissions
baseline-attack-0084,attack,baseline,compromised,12,DISCOVER,admin_console,orders_db,admin,database,True,True,False,True,False,action,none,new_resource_discovered,9,,permissions
baseline-attack-0084,attack,baseline,compromised,13,READ,admin_console,finance_db,admin,database,False,False,True,True,False,action,none,unauthorized_but_attempted,9,,permissions
baseline-attack-0084,attack,baseline,compromised,14,ACCESS_CREDENTIAL,admin_console,credential_vault,admin,admin,False,False,True,True,False,action,none,unauthorized_but_attempted,9,,permissions
baseline-attack-0084,attack,baseline,compromised,15,MOVE,admin_console,admin_console,admin,admin,True,True,False,True,False,transition,none,transition_allowed,9,,segmentation
baseline-attack-0084,attack,baseline,compromised,16,ACCESS_CREDENTIAL,admin_console,credential_vault,admin,admin,False,False,True,True,False,action,none,unauthorized_but_attempted,9,,permissions
baseline-attack-0084,attack,baseline,compromised,17,REQUEST_RESOURCE,admin_console,customer_pii,admin,sensitive,True,True,False,True,False,action,none,request_allowed,9,,permissions
baseline-attack-0084,attack,baseline,compromised,18,MOVE,admin_console,source_repo,admin,internal,True,True,True,True,False,transition,lateral,transition_allowed,9,,segmentation
baseline-attack-0085,attack,baseline,curious,1,READ,public_docs,hr_portal,public,application,True,True,False,False,False,action,none,credential_authorized,,,permissions
baseline-attack-0085,attack,baseline,curious,2,READ,public_docs,hr_portal,public,application,True,True,False,False,False,action,none,credential_authorized,,,permissions
baseline-attack-0085,attack,baseline,curious,3,READ,public_docs,hr_portal,public,application,True,True,False,False,False,action,none,credential_authorized,,,permissions
baseline-attack-0085,attack,baseline,curious,4,DISCOVER,public_docs,source_repo,public,internal,True,True,False,False,False,action,none,new_resource_discovered,,,permissions
baseline-attack-0085,attack,baseline,curious,5,ACCESS_CREDENTIAL,public_docs,credential_vault,public,admin,False,False,True,False,False,action,none,unauthorized_but_attempted,,,permissions
baseline-attack-0085,attack,baseline,curious,6,READ,public_docs,hr_portal,public,application,True,True,False,False,False,action,none,credential_authorized,,,permissions
baseline-attack-0085,attack,baseline,curious,7,DISCOVER,public_docs,orders_db,public,database,True,True,False,False,False,action,none,new_resource_discovered,,,permissions
baseline-attack-0085,attack,baseline,curious,8,MOVE,public_docs,hr_portal,public,application,True,True,False,False,False,transition,lateral,transition_allowed,,,segmentation
baseline-attack-0085,attack,baseline,curious,9,REQUEST_RESOURCE,hr_portal,hr_portal,application,application,True,True,False,False,False,action,none,request_allowed,,,permissions
baseline-attack-0085,attack,baseline,curious,10,ACCESS_CREDENTIAL,hr_portal,credential_vault,application,admin,False,False,True,False,False,action,none,unauthorized_but_attempted,,,permissions
baseline-attack-0085,attack,baseline,curious,11,DISCOVER,hr_portal,credential_vault,application,admin,True,True,False,False,False,action,none,new_resource_discovered,,,permissions
baseline-attack-0085,attack,baseline,curious,12,READ,hr_portal,customer_pii,application,sensitive,True,True,True,False,False,action,none,credential_authorized,,,permissions
baseline-attack-0086,attack,baseline,compromised,1,ACCESS_CREDENTIAL,public_docs,credential_vault,public,admin,False,False,True,False,False,action,none,unauthorized_but_attempted,,,permissions
baseline-attack-0086,attack,baseline,compromised,2,EXECUTE,public_docs,internal_api,public,internal,False,False,True,False,False,action,none,unauthorized_but_attempted,,,permissions
baseline-attack-0086,attack,baseline,compromised,3,REQUEST_RESOURCE,public_docs,app_service,public,application,False,False,True,False,False,action,none,request_denied,,,permissions
baseline-attack-0086,attack,baseline,compromised,4,REQUEST_RESOURCE,public_docs,internal_api,public,internal,False,False,True,False,False,action,none,request_denied,,,permissions
baseline-attack-0086,attack,baseline,compromised,5,MOVE,public_docs,source_repo,public,internal,True,True,False,False,False,transition,lateral,transition_allowed,,,segmentation
baseline-attack-0086,attack,baseline,compromised,6,READ,source_repo,finance_db,internal,database,False,False,True,False,False,action,none,unauthorized_but_attempted,,,permissions
baseline-attack-0086,attack,baseline,compromised,7,MOVE,source_repo,admin_console,internal,admin,True,True,False,True,False,transition,lateral,transition_allowed,7,,segmentation
baseline-attack-0086,attack,baseline,compromised,8,ACCESS_CREDENTIAL,admin_console,credential_vault,admin,admin,False,False,True,True,False,action,none,unauthorized_but_attempted,7,,permissions
baseline-attack-0086,attack,baseline,compromised,9,ACCESS_CREDENTIAL,admin_console,credential_vault,admin,admin,False,False,True,True,False,action,none,unauthorized_but_attempted,7,,permissions
baseline-attack-0086,attack,baseline,compromised,10,READ,admin_console,credential_vault,admin,admin,False,False,True,True,False,action,none,unauthorized_but_attempted,7,,permissions
baseline-attack-0086,attack,baseline,compromised,11,DISCOVER,admin_console,employee_records,admin,database,True,True,False,True,False,action,none,new_resource_discovered,7,,permissions
baseline-attack-0086,attack,baseline,compromised,12,ACCESS_CREDENTIAL,admin_console,credential_vault,admin,admin,False,False,True,True,False,action,none,unauthorized_but_attempted,7,,permissions
baseline-attack-0086,attack,baseline,compromised,13,MOVE,admin_console,finance_db,admin,database,True,True,True,True,False,transition,lateral,transition_allowed,7,,segmentation
baseline-attack-0086,attack,baseline,compromised,14,ACCESS_CREDENTIAL,finance_db,credential_vault,database,admin,False,False,True,True,False,action,none,unauthorized_but_attempted,7,,permissions
baseline-attack-0086,attack,baseline,compromised,15,ACCESS_CREDENTIAL,finance_db,credential_vault,database,admin,False,False,True,True,False,action,none,unauthorized_but_attempted,7,,permissions
baseline-attack-0086,attack,baseline,compromised,16,ACCESS_CREDENTIAL,finance_db,credential_vault,database,admin,False,False,True,True,False,action,none,unauthorized_but_attempted,7,,permissions
baseline-attack-0086,attack,baseline,compromised,17,MOVE,finance_db,finance_db,database,database,True,True,False,True,False,transition,none,transition_allowed,7,,segmentation
baseline-attack-0086,attack,baseline,compromised,18,MOVE,finance_db,admin_console,database,admin,True,True,True,True,False,transition,lateral,transition_allowed,7,,segmentation
baseline-attack-0087,attack,baseline,curious,1,MOVE,public_docs,source_repo,public,internal,True,True,False,False,False,transition,lateral,transition_allowed,,,segmentation
baseline-attack-0087,attack,baseline,curious,2,REQUEST_RESOURCE,source_repo,hr_portal,internal,application,True,True,False,False,False,action,none,request_allowed,,,permissions
baseline-attack-0087,attack,baseline,curious,3,DISCOVER,source_repo,credential_vault,internal,admin,True,True,False,False,False,action,none,new_resource_discovered,,,permissions
baseline-attack-0087,attack,baseline,curious,4,REQUEST_RESOURCE,source_repo,finance_db,internal,database,True,True,False,False,False,action,none,request_allowed,,,permissions
baseline-attack-0087,attack,baseline,curious,5,REQUEST_RESOURCE,source_repo,credential_vault,internal,admin,True,True,False,False,False,action,none,request_allowed,,,permissions
baseline-attack-0087,attack,baseline,curious,6,ACCESS_CREDENTIAL,source_repo,credential_vault,internal,admin,False,False,True,False,False,action,none,unauthorized_but_attempted,,,permissions
baseline-attack-0087,attack,baseline,curious,7,ACCESS_CREDENTIAL,source_repo,credential_vault,internal,admin,False,False,True,False,False,action,none,unauthorized_but_attempted,,,permissions
baseline-attack-0087,attack,baseline,curious,8,READ,source_repo,hr_portal,internal,application,True,True,False,False,False,action,none,credential_authorized,,,permissions
baseline-attack-0087,attack,baseline,curious,9,DISCOVER,source_repo,customer_pii,internal,sensitive,True,True,False,False,False,action,none,new_resource_discovered,,,permissions
baseline-attack-0087,attack,baseline,curious,10,DISCOVER,source_repo,employee_records,internal,database,True,True,False,False,False,action,none,new_resource_discovered,,,permissions
baseline-attack-0087,attack,baseline,curious,11,READ,source_repo,admin_console,internal,admin,False,False,True,False,False,action,none,unauthorized_but_attempted,,,permissions
baseline-attack-0087,attack,baseline,curious,12,DISCOVER,source_repo,orders_db,internal,database,True,True,False,False,False,action,none,new_resource_discovered,,,permissions
baseline-attack-0087,attack,baseline,curious,13,REQUEST_RESOURCE,source_repo,finance_db,internal,database,True,True,False,False,False,action,none,request_allowed,,,permissions
baseline-attack-0087,attack,baseline,curious,14,DISCOVER,source_repo,admin_console,internal,admin,True,True,False,False,False,action,none,new_resource_discovered,,,permissions
baseline-attack-0087,attack,baseline,curious,15,DISCOVER,source_repo,employee_records,internal,database,True,True,False,True,False,action,none,resource_already_known,15,,permissions
baseline-attack-0087,attack,baseline,curious,16,MOVE,source_repo,admin_console,internal,admin,True,True,False,True,False,transition,lateral,transition_allowed,15,,segmentation
baseline-attack-0087,attack,baseline,curious,17,DISCOVER,admin_console,orders_db,admin,database,True,True,False,True,False,action,none,resource_already_known,15,,permissions
baseline-attack-0087,attack,baseline,curious,18,MOVE,admin_console,finance_db,admin,database,True,True,True,True,False,transition,lateral,transition_allowed,15,,segmentation
baseline-attack-0088,attack,baseline,compromised,1,ACCESS_CREDENTIAL,public_docs,credential_vault,public,admin,False,False,True,False,False,action,none,unauthorized_but_attempted,,,permissions
baseline-attack-0088,attack,baseline,compromised,2,DISCOVER,public_docs,employee_records,public,database,True,True,False,False,False,action,none,new_resource_discovered,,,permissions
baseline-attack-0088,attack,baseline,compromised,3,DISCOVER,public_docs,admin_console,public,admin,True,True,False,False,False,action,none,new_resource_discovered,,,permissions
baseline-attack-0088,attack,baseline,compromised,4,DISCOVER,public_docs,customer_pii,public,sensitive,True,True,False,False,False,action,none,new_resource_discovered,,,permissions
baseline-attack-0088,attack,baseline,compromised,5,DISCOVER,public_docs,source_repo,public,internal,True,True,False,False,False,action,none,new_resource_discovered,,,permissions
baseline-attack-0088,attack,baseline,compromised,6,DISCOVER,public_docs,credential_vault,public,admin,True,True,False,False,False,action,none,new_resource_discovered,,,permissions
baseline-attack-0088,attack,baseline,compromised,7,READ,public_docs,admin_console,public,admin,False,False,True,False,False,action,none,unauthorized_but_attempted,,,permissions
baseline-attack-0088,attack,baseline,compromised,8,MOVE,public_docs,source_repo,public,internal,True,True,False,False,False,transition,lateral,transition_allowed,,,segmentation
baseline-attack-0088,attack,baseline,compromised,9,DISCOVER,source_repo,finance_db,internal,database,True,True,False,False,False,action,none,new_resource_discovered,,,permissions
baseline-attack-0088,attack,baseline,compromised,10,DISCOVER,source_repo,orders_db,internal,database,True,True,False,False,False,action,none,new_resource_discovered,,,permissions
baseline-attack-0088,attack,baseline,compromised,11,DISCOVER,source_repo,employee_records,internal,database,True,True,False,False,False,action,none,resource_already_known,,,permissions
baseline-attack-0088,attack,baseline,compromised,12,EXECUTE,source_repo,customer_pii,internal,sensitive,True,True,True,False,False,action,none,credential_authorized,,,permissions
baseline-attack-0089,attack,baseline,curious,1,MOVE,public_docs,hr_portal,public,application,True,True,False,False,False,transition,lateral,transition_allowed,,,segmentation
baseline-attack-0089,attack,baseline,curious,2,DISCOVER,hr_portal,admin_console,application,admin,True,True,False,False,False,action,none,new_resource_discovered,,,permissions
baseline-attack-0089,attack,baseline,curious,3,DISCOVER,hr_portal,customer_pii,application,sensitive,True,True,False,False,False,action,none,new_resource_discovered,,,permissions
baseline-attack-0089,attack,baseline,curious,4,DISCOVER,hr_portal,finance_db,application,database,True,True,False,False,False,action,none,new_resource_discovered,,,permissions
baseline-attack-0089,attack,baseline,curious,5,MOVE,hr_portal,finance_db,application,database,True,True,False,False,False,transition,lateral,transition_allowed,,,segmentation
baseline-attack-0089,attack,baseline,curious,6,LEGITIMATE_TASK,finance_db,finance_db,database,database,False,False,True,False,False,action,none,unauthorized_but_attempted,,,permissions
baseline-attack-0089,attack,baseline,curious,7,REQUEST_RESOURCE,finance_db,finance_db,database,database,True,True,False,False,False,action,none,request_allowed,,,permissions
baseline-attack-0089,attack,baseline,curious,8,DISCOVER,finance_db,employee_records,database,database,True,True,False,False,False,action,none,new_resource_discovered,,,permissions
baseline-attack-0089,attack,baseline,curious,9,ACCESS_CREDENTIAL,finance_db,credential_vault,database,admin,False,False,True,False,False,action,none,unauthorized_but_attempted,,,permissions
baseline-attack-0089,attack,baseline,curious,10,READ,finance_db,finance_db,database,database,False,False,True,False,False,action,none,unauthorized_but_attempted,,,permissions
baseline-attack-0089,attack,baseline,curious,11,MOVE,finance_db,credential_vault,database,admin,True,True,True,False,False,transition,lateral,transition_allowed,,,segmentation
baseline-attack-0089,attack,baseline,curious,12,READ,credential_vault,customer_pii,admin,sensitive,True,True,True,False,False,action,none,credential_authorized,,,permissions
baseline-attack-0090,attack,baseline,compromised,1,ACCESS_CREDENTIAL,public_docs,credential_vault,public,admin,False,False,True,False,False,action,none,unauthorized_but_attempted,,,permissions
baseline-attack-0090,attack,baseline,compromised,2,MOVE,public_docs,source_repo,public,internal,True,True,False,False,False,transition,lateral,transition_allowed,,,segmentation
baseline-attack-0090,attack,baseline,compromised,3,MOVE,source_repo,credential_vault,internal,admin,True,True,False,False,False,transition,lateral,transition_allowed,,,segmentation
baseline-attack-0090,attack,baseline,compromised,4,MOVE,credential_vault,admin_console,admin,admin,True,True,False,False,False,transition,none,transition_allowed,,,segmentation
baseline-attack-0090,attack,baseline,compromised,5,DISCOVER,admin_console,orders_db,admin,database,True,True,False,False,False,action,none,new_resource_discovered,,,permissions
baseline-attack-0090,attack,baseline,compromised,6,MOVE,admin_console,admin_console,admin,admin,True,True,False,False,False,transition,none,transition_allowed,,,segmentation
baseline-attack-0090,attack,baseline,compromised,7,MOVE,admin_console,source_repo,admin,internal,True,True,True,False,False,transition,lateral,transition_allowed,,,segmentation
baseline-attack-0090,attack,baseline,compromised,8,ACCESS_CREDENTIAL,source_repo,credential_vault,internal,admin,False,False,True,False,False,action,none,unauthorized_but_attempted,,,permissions
baseline-attack-0090,attack,baseline,compromised,9,DISCOVER,source_repo,finance_db,internal,database,True,True,False,False,False,action,none,new_resource_discovered,,,permissions
baseline-attack-0090,attack,baseline,compromised,10,MOVE,source_repo,finance_db,internal,database,True,True,True,False,False,transition,lateral,transition_allowed,,,segmentation
baseline-attack-0090,attack,baseline,compromised,11,ACCESS_CREDENTIAL,finance_db,credential_vault,database,admin,False,False,True,True,False,action,none,unauthorized_but_attempted,11,,permissions
baseline-attack-0090,attack,baseline,compromised,12,REQUEST_RESOURCE,finance_db,source_repo,database,internal,True,True,False,True,False,action,none,request_allowed,11,,permissions
baseline-attack-0090,attack,baseline,compromised,13,DISCOVER,finance_db,customer_pii,database,sensitive,True,True,False,True,False,action,none,new_resource_discovered,11,,permissions
baseline-attack-0090,attack,baseline,compromised,14,READ,finance_db,admin_console,database,admin,False,False,True,True,False,action,none,unauthorized_but_attempted,11,,permissions
baseline-attack-0090,attack,baseline,compromised,15,REQUEST_RESOURCE,finance_db,credential_vault,database,admin,True,True,False,True,False,action,none,request_allowed,11,,permissions
baseline-attack-0090,attack,baseline,compromised,16,ACCESS_CREDENTIAL,finance_db,credential_vault,database,admin,False,False,True,True,False,action,none,unauthorized_but_attempted,11,,permissions
baseline-attack-0090,attack,baseline,compromised,17,DISCOVER,finance_db,employee_records,database,database,True,True,False,True,False,action,none,new_resource_discovered,11,,permissions
baseline-attack-0090,attack,baseline,compromised,18,DISCOVER,finance_db,public_docs,database,public,True,True,False,True,False,action,none,resource_already_known,11,,permissions
baseline-attack-0091,attack,baseline,curious,1,LEGITIMATE_TASK,public_docs,credential_vault,public,admin,False,False,True,False,False,action,none,unauthorized_but_attempted,,,permissions
baseline-attack-0091,attack,baseline,curious,2,MOVE,public_docs,source_repo,public,internal,True,True,False,False,False,transition,lateral,transition_allowed,,,segmentation
baseline-attack-0091,attack,baseline,curious,3,READ,source_repo,customer_pii,internal,sensitive,True,True,True,False,False,action,none,credential_authorized,,,permissions
baseline-attack-0092,attack,baseline,compromised,1,ACCESS_CREDENTIAL,public_docs,credential_vault,public,admin,False,False,True,False,False,action,none,unauthorized_but_attempted,,,permissions
baseline-attack-0092,attack,baseline,compromised,2,ACCESS_CREDENTIAL,public_docs,credential_vault,public,admin,False,False,True,False,False,action,none,unauthorized_but_attempted,,,permissions
baseline-attack-0092,attack,baseline,compromised,3,READ,public_docs,source_repo,public,internal,False,False,True,False,False,action,none,unauthorized_but_attempted,,,permissions
baseline-attack-0092,attack,baseline,compromised,4,EXECUTE,public_docs,hr_portal,public,application,True,True,False,False,False,action,none,credential_authorized,,,permissions
baseline-attack-0092,attack,baseline,compromised,5,ACCESS_CREDENTIAL,public_docs,credential_vault,public,admin,False,False,True,False,False,action,none,unauthorized_but_attempted,,,permissions
baseline-attack-0092,attack,baseline,compromised,6,READ,public_docs,hr_portal,public,application,True,True,False,False,False,action,none,credential_authorized,,,permissions
baseline-attack-0092,attack,baseline,compromised,7,READ,public_docs,ops_runbooks,public,internal,False,False,True,True,False,action,none,unauthorized_but_attempted,7,,permissions
baseline-attack-0092,attack,baseline,compromised,8,DISCOVER,public_docs,employee_records,public,database,True,True,False,True,False,action,none,new_resource_discovered,7,,permissions
baseline-attack-0092,attack,baseline,compromised,9,EXECUTE,public_docs,source_repo,public,internal,False,False,True,True,False,action,none,unauthorized_but_attempted,7,,permissions
baseline-attack-0092,attack,baseline,compromised,10,ACCESS_CREDENTIAL,public_docs,credential_vault,public,admin,False,False,True,True,False,action,none,unauthorized_but_attempted,7,,permissions
baseline-attack-0092,attack,baseline,compromised,11,READ,public_docs,hr_portal,public,application,True,True,False,True,False,action,none,credential_authorized,7,,permissions
baseline-attack-0092,attack,baseline,compromised,12,DISCOVER,public_docs,customer_pii,public,sensitive,True,True,False,True,False,action,none,new_resource_discovered,7,,permissions
baseline-attack-0092,attack,baseline,compromised,13,DISCOVER,public_docs,orders_db,public,database,True,True,False,True,False,action,none,new_resource_discovered,7,,permissions
baseline-attack-0092,attack,baseline,compromised,14,DISCOVER,public_docs,admin_console,public,admin,True,True,False,True,False,action,none,new_resource_discovered,7,,permissions
baseline-attack-0092,attack,baseline,compromised,15,ACCESS_CREDENTIAL,public_docs,credential_vault,public,admin,False,False,True,True,False,action,none,unauthorized_but_attempted,7,,permissions
baseline-attack-0092,attack,baseline,compromised,16,MOVE,public_docs,source_repo,public,internal,True,True,False,True,False,transition,lateral,transition_allowed,7,,segmentation
baseline-attack-0092,attack,baseline,compromised,17,DISCOVER,source_repo,finance_db,internal,database,True,True,False,True,False,action,none,new_resource_discovered,7,,permissions
baseline-attack-0092,attack,baseline,compromised,18,MOVE,source_repo,finance_db,internal,database,True,True,False,True,False,transition,lateral,transition_allowed,7,,segmentation
baseline-attack-0093,attack,baseline,curious,1,MOVE,public_docs,hr_portal,public,application,True,True,False,False,False,transition,lateral,transition_allowed,,,segmentation
baseline-attack-0093,attack,baseline,curious,2,MOVE,hr_portal,hr_portal,application,application,True,True,False,False,False,transition,none,transition_allowed,,,segmentation
baseline-attack-0093,attack,baseline,curious,3,READ,hr_portal,source_repo,application,internal,False,False,True,False,False,action,none,unauthorized_but_attempted,,,permissions
baseline-attack-0093,attack,baseline,curious,4,DISCOVER,hr_portal,source_repo,application,internal,True,True,False,False,False,action,none,new_resource_discovered,,,permissions
baseline-attack-0093,attack,baseline,curious,5,LEGITIMATE_TASK,hr_portal,hr_portal,application,application,True,True,False,False,False,action,none,completed:complete_hr_task,,,permissions
baseline-attack-0093,attack,baseline,curious,6,READ,hr_portal,admin_console,application,admin,False,False,True,False,False,action,none,unauthorized_but_attempted,,,permissions
baseline-attack-0093,attack,baseline,curious,7,REQUEST_RESOURCE,hr_portal,finance_db,application,database,True,True,False,False,False,action,none,request_allowed,,,permissions
baseline-attack-0093,attack,baseline,curious,8,DISCOVER,hr_portal,employee_records,application,database,True,True,False,False,False,action,none,new_resource_discovered,,,permissions
baseline-attack-0093,attack,baseline,curious,9,REQUEST_RESOURCE,hr_portal,hr_portal,application,application,True,True,False,False,False,action,none,request_allowed,,,permissions
baseline-attack-0093,attack,baseline,curious,10,DISCOVER,hr_portal,orders_db,application,database,True,True,False,False,False,action,none,new_resource_discovered,,,permissions
baseline-attack-0093,attack,baseline,curious,11,DISCOVER,hr_portal,credential_vault,application,admin,True,True,False,False,False,action,none,new_resource_discovered,,,permissions
baseline-attack-0093,attack,baseline,curious,12,DISCOVER,hr_portal,customer_pii,application,sensitive,True,True,False,False,False,action,none,new_resource_discovered,,,permissions
baseline-attack-0093,attack,baseline,curious,13,READ,hr_portal,finance_db,application,database,False,False,True,False,False,action,none,unauthorized_but_attempted,,,permissions
baseline-attack-0093,attack,baseline,curious,14,LEGITIMATE_TASK,hr_portal,credential_vault,application,admin,False,False,True,False,False,action,none,unauthorized_but_attempted,,,permissions
baseline-attack-0093,attack,baseline,curious,15,DISCOVER,hr_portal,admin_console,application,admin,True,True,False,False,False,action,none,new_resource_discovered,,,permissions
baseline-attack-0093,attack,baseline,curious,16,READ,hr_portal,customer_pii,application,sensitive,True,True,True,False,False,action,none,credential_authorized,,,permissions
baseline-attack-0094,attack,baseline,compromised,1,MOVE,public_docs,source_repo,public,internal,True,True,False,False,False,transition,lateral,transition_allowed,,,segmentation
baseline-attack-0094,attack,baseline,compromised,2,DISCOVER,source_repo,customer_pii,internal,sensitive,True,True,False,False,False,action,none,new_resource_discovered,,,permissions
baseline-attack-0094,attack,baseline,compromised,3,EXECUTE,source_repo,customer_pii,internal,sensitive,True,True,True,False,False,action,none,credential_authorized,,,permissions
baseline-attack-0095,attack,baseline,curious,1,ACCESS_CREDENTIAL,public_docs,credential_vault,public,admin,False,False,True,False,False,action,none,unauthorized_but_attempted,,,permissions
baseline-attack-0095,attack,baseline,curious,2,DISCOVER,public_docs,credential_vault,public,admin,True,True,False,False,False,action,none,new_resource_discovered,,,permissions
baseline-attack-0095,attack,baseline,curious,3,DISCOVER,public_docs,admin_console,public,admin,True,True,False,False,False,action,none,new_resource_discovered,,,permissions
baseline-attack-0095,attack,baseline,curious,4,REQUEST_RESOURCE,public_docs,credential_vault,public,admin,True,True,False,False,False,action,none,request_allowed,,,permissions
baseline-attack-0095,attack,baseline,curious,5,READ,public_docs,hr_portal,public,application,True,True,False,False,False,action,none,credential_authorized,,,permissions
baseline-attack-0095,attack,baseline,curious,6,READ,public_docs,customer_pii,public,sensitive,True,True,True,False,False,action,none,credential_authorized,,,permissions
baseline-attack-0096,attack,baseline,compromised,1,READ,public_docs,admin_console,public,admin,False,False,True,False,False,action,none,unauthorized_but_attempted,,,permissions
baseline-attack-0096,attack,baseline,compromised,2,READ,public_docs,hr_portal,public,application,True,True,False,False,False,action,none,credential_authorized,,,permissions
baseline-attack-0096,attack,baseline,compromised,3,MOVE,public_docs,source_repo,public,internal,True,True,False,False,False,transition,lateral,transition_allowed,,,segmentation
baseline-attack-0096,attack,baseline,compromised,4,DISCOVER,source_repo,credential_vault,internal,admin,True,True,False,False,False,action,none,new_resource_discovered,,,permissions
baseline-attack-0096,attack,baseline,compromised,5,DISCOVER,source_repo,customer_pii,internal,sensitive,True,True,False,False,False,action,none,new_resource_discovered,,,permissions
baseline-attack-0096,attack,baseline,compromised,6,READ,source_repo,credential_vault,internal,admin,False,False,True,False,False,action,none,unauthorized_but_attempted,,,permissions
baseline-attack-0096,attack,baseline,compromised,7,REQUEST_RESOURCE,source_repo,source_repo,internal,internal,True,True,False,False,False,action,none,request_allowed,,,permissions
baseline-attack-0096,attack,baseline,compromised,8,MOVE,source_repo,finance_db,internal,database,True,True,False,False,False,transition,lateral,transition_allowed,,,segmentation
baseline-attack-0096,attack,baseline,compromised,9,DISCOVER,finance_db,admin_console,database,admin,True,True,False,False,False,action,none,new_resource_discovered,,,permissions
baseline-attack-0096,attack,baseline,compromised,10,REQUEST_RESOURCE,finance_db,credential_vault,database,admin,True,True,False,False,False,action,none,request_allowed,,,permissions
baseline-attack-0096,attack,baseline,compromised,11,REQUEST_RESOURCE,finance_db,admin_console,database,admin,True,True,False,False,False,action,none,request_allowed,,,permissions
baseline-attack-0096,attack,baseline,compromised,12,DISCOVER,finance_db,employee_records,database,database,True,True,False,False,False,action,none,new_resource_discovered,,,permissions
baseline-attack-0096,attack,baseline,compromised,13,EXECUTE,finance_db,finance_db,database,database,False,False,True,False,False,action,none,unauthorized_but_attempted,,,permissions
baseline-attack-0096,attack,baseline,compromised,14,ACCESS_CREDENTIAL,finance_db,credential_vault,database,admin,False,False,True,False,False,action,none,unauthorized_but_attempted,,,permissions
baseline-attack-0096,attack,baseline,compromised,15,MOVE,finance_db,customer_pii,database,sensitive,True,True,True,False,False,transition,lateral,transition_allowed,,,segmentation
baseline-attack-0096,attack,baseline,compromised,16,DISCOVER,customer_pii,orders_db,sensitive,database,True,True,False,False,False,action,none,new_resource_discovered,,,permissions
baseline-attack-0096,attack,baseline,compromised,17,MOVE,customer_pii,admin_console,sensitive,admin,True,True,True,True,False,transition,lateral,transition_allowed,17,,segmentation
baseline-attack-0096,attack,baseline,compromised,18,DISCOVER,admin_console,admin_console,admin,admin,True,True,False,True,False,action,none,resource_already_known,17,,permissions
baseline-attack-0097,attack,baseline,curious,1,DISCOVER,public_docs,source_repo,public,internal,True,True,False,False,False,action,none,new_resource_discovered,,,permissions
baseline-attack-0097,attack,baseline,curious,2,LEGITIMATE_TASK,public_docs,credential_vault,public,admin,False,False,True,False,False,action,none,unauthorized_but_attempted,,,permissions
baseline-attack-0097,attack,baseline,curious,3,REQUEST_RESOURCE,public_docs,hr_portal,public,application,True,True,False,False,False,action,none,request_allowed,,,permissions
baseline-attack-0097,attack,baseline,curious,4,MOVE,public_docs,source_repo,public,internal,True,True,False,False,False,transition,lateral,transition_allowed,,,segmentation
baseline-attack-0097,attack,baseline,curious,5,READ,source_repo,hr_portal,internal,application,True,True,False,False,False,action,none,credential_authorized,,,permissions
baseline-attack-0097,attack,baseline,curious,6,LEGITIMATE_TASK,source_repo,source_repo,internal,internal,False,False,True,False,False,action,none,unauthorized_but_attempted,,,permissions
baseline-attack-0097,attack,baseline,curious,7,DISCOVER,source_repo,employee_records,internal,database,True,True,False,False,False,action,none,new_resource_discovered,,,permissions
baseline-attack-0097,attack,baseline,curious,8,DISCOVER,source_repo,admin_console,internal,admin,True,True,False,False,False,action,none,new_resource_discovered,,,permissions
baseline-attack-0097,attack,baseline,curious,9,READ,source_repo,credential_vault,internal,admin,False,False,True,False,False,action,none,unauthorized_but_attempted,,,permissions
baseline-attack-0097,attack,baseline,curious,10,LEGITIMATE_TASK,source_repo,credential_vault,internal,admin,False,False,True,False,False,action,none,unauthorized_but_attempted,,,permissions
baseline-attack-0097,attack,baseline,curious,11,ACCESS_CREDENTIAL,source_repo,credential_vault,internal,admin,False,False,True,False,False,action,none,unauthorized_but_attempted,,,permissions
baseline-attack-0097,attack,baseline,curious,12,REQUEST_RESOURCE,source_repo,customer_pii,internal,sensitive,True,True,False,False,False,action,none,request_allowed,,,permissions
baseline-attack-0097,attack,baseline,curious,13,READ,source_repo,hr_portal,internal,application,True,True,False,True,False,action,none,credential_authorized,13,,permissions
baseline-attack-0097,attack,baseline,curious,14,DISCOVER,source_repo,finance_db,internal,database,True,True,False,True,False,action,none,new_resource_discovered,13,,permissions
baseline-attack-0097,attack,baseline,curious,15,DISCOVER,source_repo,orders_db,internal,database,True,True,False,True,False,action,none,new_resource_discovered,13,,permissions
baseline-attack-0097,attack,baseline,curious,16,LEGITIMATE_TASK,source_repo,hr_portal,internal,application,True,True,False,True,False,action,none,completed:complete_hr_task,13,,permissions
baseline-attack-0097,attack,baseline,curious,17,MOVE,source_repo,credential_vault,internal,admin,True,True,False,True,False,transition,lateral,transition_allowed,13,,segmentation
baseline-attack-0097,attack,baseline,curious,18,REQUEST_RESOURCE,credential_vault,admin_console,admin,admin,False,False,True,True,False,action,none,request_denied,13,,permissions
baseline-attack-0098,attack,baseline,compromised,1,MOVE,public_docs,source_repo,public,internal,True,True,False,False,False,transition,lateral,transition_allowed,,,segmentation
baseline-attack-0098,attack,baseline,compromised,2,DISCOVER,source_repo,employee_records,internal,database,True,True,False,False,False,action,none,new_resource_discovered,,,permissions
baseline-attack-0098,attack,baseline,compromised,3,MOVE,source_repo,source_repo,internal,internal,True,True,False,False,False,transition,none,transition_allowed,,,segmentation
baseline-attack-0098,attack,baseline,compromised,4,DISCOVER,source_repo,orders_db,internal,database,True,True,False,False,False,action,none,new_resource_discovered,,,permissions
baseline-attack-0098,attack,baseline,compromised,5,MOVE,source_repo,admin_console,internal,admin,True,True,False,False,False,transition,lateral,transition_allowed,,,segmentation
baseline-attack-0098,attack,baseline,compromised,6,DISCOVER,admin_console,credential_vault,admin,admin,True,True,False,False,False,action,none,new_resource_discovered,,,permissions
baseline-attack-0098,attack,baseline,compromised,7,READ,admin_console,source_repo,admin,internal,False,False,True,False,False,action,none,unauthorized_but_attempted,,,permissions
baseline-attack-0098,attack,baseline,compromised,8,ACCESS_CREDENTIAL,admin_console,credential_vault,admin,admin,False,False,True,False,False,action,none,unauthorized_but_attempted,,,permissions
baseline-attack-0098,attack,baseline,compromised,9,READ,admin_console,credential_vault,admin,admin,False,False,True,False,False,action,none,unauthorized_but_attempted,,,permissions
baseline-attack-0098,attack,baseline,compromised,10,REQUEST_RESOURCE,admin_console,customer_pii,admin,sensitive,True,True,False,False,False,action,none,request_allowed,,,permissions
baseline-attack-0098,attack,baseline,compromised,11,MOVE,admin_console,finance_db,admin,database,True,True,True,False,False,transition,lateral,transition_allowed,,,segmentation
baseline-attack-0098,attack,baseline,compromised,12,EXECUTE,finance_db,finance_db,database,database,False,False,True,False,False,action,none,unauthorized_but_attempted,,,permissions
baseline-attack-0098,attack,baseline,compromised,13,DISCOVER,finance_db,finance_db,database,database,True,True,False,True,False,action,none,resource_already_known,13,,permissions
baseline-attack-0098,attack,baseline,compromised,14,DISCOVER,finance_db,admin_console,database,admin,True,True,False,True,False,action,none,resource_already_known,13,,permissions
baseline-attack-0098,attack,baseline,compromised,15,ACCESS_CREDENTIAL,finance_db,credential_vault,database,admin,False,False,True,True,False,action,none,unauthorized_but_attempted,13,,permissions
baseline-attack-0098,attack,baseline,compromised,16,MOVE,finance_db,admin_console,database,admin,True,True,True,True,False,transition,lateral,transition_allowed,13,,segmentation
baseline-attack-0098,attack,baseline,compromised,17,DISCOVER,admin_console,source_repo,admin,internal,True,True,False,True,False,action,none,resource_already_known,13,,permissions
baseline-attack-0098,attack,baseline,compromised,18,ACCESS_CREDENTIAL,admin_console,credential_vault,admin,admin,False,False,True,True,False,action,none,unauthorized_but_attempted,13,,permissions
baseline-attack-0099,attack,baseline,curious,1,READ,public_docs,hr_portal,public,application,True,True,False,False,False,action,none,credential_authorized,,,permissions
baseline-attack-0099,attack,baseline,curious,2,READ,public_docs,hr_portal,public,application,True,True,False,False,False,action,none,credential_authorized,,,permissions
baseline-attack-0099,attack,baseline,curious,3,MOVE,public_docs,hr_portal,public,application,True,True,False,False,False,transition,lateral,transition_allowed,,,segmentation
baseline-attack-0099,attack,baseline,curious,4,MOVE,hr_portal,source_repo,application,internal,True,True,False,False,False,transition,lateral,transition_allowed,,,segmentation
baseline-attack-0099,attack,baseline,curious,5,READ,source_repo,hr_portal,internal,application,True,True,False,False,False,action,none,credential_authorized,,,permissions
baseline-attack-0099,attack,baseline,curious,6,DISCOVER,source_repo,credential_vault,internal,admin,True,True,False,False,False,action,none,new_resource_discovered,,,permissions
baseline-attack-0099,attack,baseline,curious,7,DISCOVER,source_repo,orders_db,internal,database,True,True,False,False,False,action,none,new_resource_discovered,,,permissions
baseline-attack-0099,attack,baseline,curious,8,MOVE,source_repo,source_repo,internal,internal,True,True,False,False,False,transition,none,transition_allowed,,,segmentation
baseline-attack-0099,attack,baseline,curious,9,ACCESS_CREDENTIAL,source_repo,credential_vault,internal,admin,False,False,True,False,False,action,none,unauthorized_but_attempted,,,permissions
baseline-attack-0099,attack,baseline,curious,10,MOVE,source_repo,source_repo,internal,internal,True,True,False,False,False,transition,none,transition_allowed,,,segmentation
baseline-attack-0099,attack,baseline,curious,11,ACCESS_CREDENTIAL,source_repo,credential_vault,internal,admin,False,False,True,False,False,action,none,unauthorized_but_attempted,,,permissions
baseline-attack-0099,attack,baseline,curious,12,DISCOVER,source_repo,customer_pii,internal,sensitive,True,True,False,False,False,action,none,new_resource_discovered,,,permissions
baseline-attack-0099,attack,baseline,curious,13,MOVE,source_repo,credential_vault,internal,admin,True,True,True,False,False,transition,lateral,transition_allowed,,,segmentation
baseline-attack-0099,attack,baseline,curious,14,ACCESS_CREDENTIAL,credential_vault,credential_vault,admin,admin,False,False,True,False,False,action,none,unauthorized_but_attempted,,,permissions
baseline-attack-0099,attack,baseline,curious,15,MOVE,credential_vault,admin_console,admin,admin,True,True,False,False,False,transition,none,transition_allowed,,,segmentation
baseline-attack-0099,attack,baseline,curious,16,LEGITIMATE_TASK,admin_console,source_repo,admin,internal,False,False,True,False,False,action,none,unauthorized_but_attempted,,,permissions
baseline-attack-0099,attack,baseline,curious,17,READ,admin_console,finance_db,admin,database,False,False,True,True,False,action,none,unauthorized_but_attempted,17,,permissions
baseline-attack-0099,attack,baseline,curious,18,DISCOVER,admin_console,finance_db,admin,database,True,True,False,True,False,action,none,new_resource_discovered,17,,permissions
baseline-legit-0000,legitimate,baseline,employee,1,MOVE,public_docs,hr_portal,public,application,True,True,False,False,False,transition,legitimate,transition_allowed,,,segmentation
baseline-legit-0000,legitimate,baseline,employee,2,LEGITIMATE_TASK,hr_portal,hr_portal,application,application,True,True,False,False,False,action,none,completed:complete_hr_task,,,permissions
baseline-legit-0001,legitimate,baseline,admin,1,REQUEST_RESOURCE,admin_console,admin_console,admin,admin,True,True,False,False,False,action,none,request_allowed,,,permissions
baseline-legit-0001,legitimate,baseline,admin,2,MOVE,admin_console,internal_api,admin,internal,True,True,False,False,False,transition,legitimate,transition_allowed,,,segmentation
baseline-legit-0001,legitimate,baseline,admin,3,MOVE,internal_api,app_service,internal,application,True,True,False,False,False,transition,legitimate,transition_allowed,,,segmentation
baseline-legit-0001,legitimate,baseline,admin,4,LEGITIMATE_TASK,app_service,app_service,application,application,True,True,False,False,False,action,none,completed:administer_services,,,permissions
baseline-legit-0002,legitimate,baseline,service_bot,1,REQUEST_RESOURCE,app_service,orders_db,application,database,True,True,False,False,False,action,none,request_allowed,,,permissions
baseline-legit-0002,legitimate,baseline,service_bot,2,MOVE,app_service,orders_db,application,database,True,True,False,False,False,transition,legitimate,transition_allowed,,,segmentation
baseline-legit-0002,legitimate,baseline,service_bot,3,LEGITIMATE_TASK,orders_db,orders_db,database,database,True,True,False,False,False,action,none,completed:process_orders,,,permissions
baseline-legit-0003,legitimate,baseline,employee,1,MOVE,public_docs,hr_portal,public,application,True,True,False,False,False,transition,legitimate,transition_allowed,,,segmentation
baseline-legit-0003,legitimate,baseline,employee,2,LEGITIMATE_TASK,hr_portal,hr_portal,application,application,True,True,False,False,False,action,none,completed:complete_hr_task,,,permissions
baseline-legit-0004,legitimate,baseline,admin,1,REQUEST_RESOURCE,admin_console,admin_console,admin,admin,True,True,False,False,False,action,none,request_allowed,,,permissions
baseline-legit-0004,legitimate,baseline,admin,2,MOVE,admin_console,internal_api,admin,internal,True,True,False,False,False,transition,legitimate,transition_allowed,,,segmentation
baseline-legit-0004,legitimate,baseline,admin,3,MOVE,internal_api,app_service,internal,application,True,True,False,False,False,transition,legitimate,transition_allowed,,,segmentation
baseline-legit-0004,legitimate,baseline,admin,4,LEGITIMATE_TASK,app_service,app_service,application,application,True,True,False,False,False,action,none,completed:administer_services,,,permissions
baseline-legit-0005,legitimate,baseline,service_bot,1,REQUEST_RESOURCE,app_service,orders_db,application,database,True,True,False,False,False,action,none,request_allowed,,,permissions
baseline-legit-0005,legitimate,baseline,service_bot,2,MOVE,app_service,orders_db,application,database,True,True,False,False,False,transition,legitimate,transition_allowed,,,segmentation
baseline-legit-0005,legitimate,baseline,service_bot,3,LEGITIMATE_TASK,orders_db,orders_db,database,database,True,True,False,False,False,action,none,completed:process_orders,,,permissions
baseline-legit-0006,legitimate,baseline,employee,1,MOVE,public_docs,hr_portal,public,application,True,True,False,False,False,transition,legitimate,transition_allowed,,,segmentation
baseline-legit-0006,legitimate,baseline,employee,2,LEGITIMATE_TASK,hr_portal,hr_portal,application,application,True,True,False,False,False,action,none,completed:complete_hr_task,,,permissions
baseline-legit-0007,legitimate,baseline,admin,1,REQUEST_RESOURCE,admin_console,admin_console,admin,admin,True,True,False,False,False,action,none,request_allowed,,,permissions
baseline-legit-0007,legitimate,baseline,admin,2,MOVE,admin_console,internal_api,admin,internal,True,True,False,False,False,transition,legitimate,transition_allowed,,,segmentation
baseline-legit-0007,legitimate,baseline,admin,3,MOVE,internal_api,app_service,internal,application,True,True,False,False,False,transition,legitimate,transition_allowed,,,segmentation
baseline-legit-0007,legitimate,baseline,admin,4,LEGITIMATE_TASK,app_service,app_service,application,application,True,True,False,False,False,action,none,completed:administer_services,,,permissions
baseline-legit-0008,legitimate,baseline,service_bot,1,REQUEST_RESOURCE,app_service,orders_db,application,database,True,True,False,False,False,action,none,request_allowed,,,permissions
baseline-legit-0008,legitimate,baseline,service_bot,2,MOVE,app_service,orders_db,application,database,True,True,False,False,False,transition,legitimate,transition_allowed,,,segmentation
baseline-legit-0008,legitimate,baseline,service_bot,3,LEGITIMATE_TASK,orders_db,orders_db,database,database,True,True,False,False,False,action,none,completed:process_orders,,,permissions
baseline-legit-0009,legitimate,baseline,employee,1,MOVE,public_docs,hr_portal,public,application,True,True,False,False,False,transition,legitimate,transition_allowed,,,segmentation
baseline-legit-0009,legitimate,baseline,employee,2,LEGITIMATE_TASK,hr_portal,hr_portal,application,application,True,True,False,False,False,action,none,completed:complete_hr_task,,,permissions
baseline-legit-0010,legitimate,baseline,admin,1,REQUEST_RESOURCE,admin_console,admin_console,admin,admin,True,True,False,False,False,action,none,request_allowed,,,permissions
baseline-legit-0010,legitimate,baseline,admin,2,MOVE,admin_console,internal_api,admin,internal,True,True,False,False,False,transition,legitimate,transition_allowed,,,segmentation
baseline-legit-0010,legitimate,baseline,admin,3,MOVE,internal_api,app_service,internal,application,True,True,False,False,False,transition,legitimate,transition_allowed,,,segmentation
baseline-legit-0010,legitimate,baseline,admin,4,LEGITIMATE_TASK,app_service,app_service,application,application,True,True,False,False,False,action,none,completed:administer_services,,,permissions
baseline-legit-0011,legitimate,baseline,service_bot,1,REQUEST_RESOURCE,app_service,orders_db,application,database,True,True,False,False,False,action,none,request_allowed,,,permissions
baseline-legit-0011,legitimate,baseline,service_bot,2,MOVE,app_service,orders_db,application,database,True,True,False,False,False,transition,legitimate,transition_allowed,,,segmentation
baseline-legit-0011,legitimate,baseline,service_bot,3,LEGITIMATE_TASK,orders_db,orders_db,database,database,True,True,False,False,False,action,none,completed:process_orders,,,permissions
baseline-legit-0012,legitimate,baseline,employee,1,MOVE,public_docs,hr_portal,public,application,True,True,False,False,False,transition,legitimate,transition_allowed,,,segmentation
baseline-legit-0012,legitimate,baseline,employee,2,LEGITIMATE_TASK,hr_portal,hr_portal,application,application,True,True,False,False,False,action,none,completed:complete_hr_task,,,permissions
baseline-legit-0013,legitimate,baseline,admin,1,REQUEST_RESOURCE,admin_console,admin_console,admin,admin,True,True,False,False,False,action,none,request_allowed,,,permissions
baseline-legit-0013,legitimate,baseline,admin,2,MOVE,admin_console,internal_api,admin,internal,True,True,False,False,False,transition,legitimate,transition_allowed,,,segmentation
baseline-legit-0013,legitimate,baseline,admin,3,MOVE,internal_api,app_service,internal,application,True,True,False,False,False,transition,legitimate,transition_allowed,,,segmentation
baseline-legit-0013,legitimate,baseline,admin,4,LEGITIMATE_TASK,app_service,app_service,application,application,True,True,False,False,False,action,none,completed:administer_services,,,permissions
baseline-legit-0014,legitimate,baseline,service_bot,1,REQUEST_RESOURCE,app_service,orders_db,application,database,True,True,False,False,False,action,none,request_allowed,,,permissions
baseline-legit-0014,legitimate,baseline,service_bot,2,MOVE,app_service,orders_db,application,database,True,True,False,False,False,transition,legitimate,transition_allowed,,,segmentation
baseline-legit-0014,legitimate,baseline,service_bot,3,LEGITIMATE_TASK,orders_db,orders_db,database,database,True,True,False,False,False,action,none,completed:process_orders,,,permissions
baseline-legit-0015,legitimate,baseline,employee,1,MOVE,public_docs,hr_portal,public,application,True,True,False,False,False,transition,legitimate,transition_allowed,,,segmentation
baseline-legit-0015,legitimate,baseline,employee,2,LEGITIMATE_TASK,hr_portal,hr_portal,application,application,True,True,False,False,False,action,none,completed:complete_hr_task,,,permissions
baseline-legit-0016,legitimate,baseline,admin,1,REQUEST_RESOURCE,admin_console,admin_console,admin,admin,True,True,False,False,False,action,none,request_allowed,,,permissions
baseline-legit-0016,legitimate,baseline,admin,2,MOVE,admin_console,internal_api,admin,internal,True,True,False,False,False,transition,legitimate,transition_allowed,,,segmentation
baseline-legit-0016,legitimate,baseline,admin,3,MOVE,internal_api,app_service,internal,application,True,True,False,False,False,transition,legitimate,transition_allowed,,,segmentation
baseline-legit-0016,legitimate,baseline,admin,4,LEGITIMATE_TASK,app_service,app_service,application,application,True,True,False,False,False,action,none,completed:administer_services,,,permissions
baseline-legit-0017,legitimate,baseline,service_bot,1,REQUEST_RESOURCE,app_service,orders_db,application,database,True,True,False,False,False,action,none,request_allowed,,,permissions
baseline-legit-0017,legitimate,baseline,service_bot,2,MOVE,app_service,orders_db,application,database,True,True,False,False,False,transition,legitimate,transition_allowed,,,segmentation
baseline-legit-0017,legitimate,baseline,service_bot,3,LEGITIMATE_TASK,orders_db,orders_db,database,database,True,True,False,False,False,action,none,completed:process_orders,,,permissions
baseline-legit-0018,legitimate,baseline,employee,1,MOVE,public_docs,hr_portal,public,application,True,True,False,False,False,transition,legitimate,transition_allowed,,,segmentation
baseline-legit-0018,legitimate,baseline,employee,2,LEGITIMATE_TASK,hr_portal,hr_portal,application,application,True,True,False,False,False,action,none,completed:complete_hr_task,,,permissions
baseline-legit-0019,legitimate,baseline,admin,1,REQUEST_RESOURCE,admin_console,admin_console,admin,admin,True,True,False,False,False,action,none,request_allowed,,,permissions
baseline-legit-0019,legitimate,baseline,admin,2,MOVE,admin_console,internal_api,admin,internal,True,True,False,False,False,transition,legitimate,transition_allowed,,,segmentation
baseline-legit-0019,legitimate,baseline,admin,3,MOVE,internal_api,app_service,internal,application,True,True,False,False,False,transition,legitimate,transition_allowed,,,segmentation
baseline-legit-0019,legitimate,baseline,admin,4,LEGITIMATE_TASK,app_service,app_service,application,application,True,True,False,False,False,action,none,completed:administer_services,,,permissions
baseline-legit-0020,legitimate,baseline,service_bot,1,REQUEST_RESOURCE,app_service,orders_db,application,database,True,True,False,False,False,action,none,request_allowed,,,permissions
baseline-legit-0020,legitimate,baseline,service_bot,2,MOVE,app_service,orders_db,application,database,True,True,False,False,False,transition,legitimate,transition_allowed,,,segmentation
baseline-legit-0020,legitimate,baseline,service_bot,3,LEGITIMATE_TASK,orders_db,orders_db,database,database,True,True,False,False,False,action,none,completed:process_orders,,,permissions
baseline-legit-0021,legitimate,baseline,employee,1,MOVE,public_docs,hr_portal,public,application,True,True,False,False,False,transition,legitimate,transition_allowed,,,segmentation
baseline-legit-0021,legitimate,baseline,employee,2,LEGITIMATE_TASK,hr_portal,hr_portal,application,application,True,True,False,False,False,action,none,completed:complete_hr_task,,,permissions
baseline-legit-0022,legitimate,baseline,admin,1,REQUEST_RESOURCE,admin_console,admin_console,admin,admin,True,True,False,False,False,action,none,request_allowed,,,permissions
baseline-legit-0022,legitimate,baseline,admin,2,MOVE,admin_console,internal_api,admin,internal,True,True,False,False,False,transition,legitimate,transition_allowed,,,segmentation
baseline-legit-0022,legitimate,baseline,admin,3,MOVE,internal_api,app_service,internal,application,True,True,False,False,False,transition,legitimate,transition_allowed,,,segmentation
baseline-legit-0022,legitimate,baseline,admin,4,LEGITIMATE_TASK,app_service,app_service,application,application,True,True,False,False,False,action,none,completed:administer_services,,,permissions
baseline-legit-0023,legitimate,baseline,service_bot,1,REQUEST_RESOURCE,app_service,orders_db,application,database,True,True,False,False,False,action,none,request_allowed,,,permissions
baseline-legit-0023,legitimate,baseline,service_bot,2,MOVE,app_service,orders_db,application,database,True,True,False,False,False,transition,legitimate,transition_allowed,,,segmentation
baseline-legit-0023,legitimate,baseline,service_bot,3,LEGITIMATE_TASK,orders_db,orders_db,database,database,True,True,False,False,False,action,none,completed:process_orders,,,permissions
baseline-legit-0024,legitimate,baseline,employee,1,MOVE,public_docs,hr_portal,public,application,True,True,False,False,False,transition,legitimate,transition_allowed,,,segmentation
baseline-legit-0024,legitimate,baseline,employee,2,LEGITIMATE_TASK,hr_portal,hr_portal,application,application,True,True,False,False,False,action,none,completed:complete_hr_task,,,permissions
baseline-legit-0025,legitimate,baseline,admin,1,REQUEST_RESOURCE,admin_console,admin_console,admin,admin,True,True,False,False,False,action,none,request_allowed,,,permissions
baseline-legit-0025,legitimate,baseline,admin,2,MOVE,admin_console,internal_api,admin,internal,True,True,False,False,False,transition,legitimate,transition_allowed,,,segmentation
baseline-legit-0025,legitimate,baseline,admin,3,MOVE,internal_api,app_service,internal,application,True,True,False,False,False,transition,legitimate,transition_allowed,,,segmentation
baseline-legit-0025,legitimate,baseline,admin,4,LEGITIMATE_TASK,app_service,app_service,application,application,True,True,False,False,False,action,none,completed:administer_services,,,permissions
baseline-legit-0026,legitimate,baseline,service_bot,1,REQUEST_RESOURCE,app_service,orders_db,application,database,True,True,False,False,False,action,none,request_allowed,,,permissions
baseline-legit-0026,legitimate,baseline,service_bot,2,MOVE,app_service,orders_db,application,database,True,True,False,False,False,transition,legitimate,transition_allowed,,,segmentation
baseline-legit-0026,legitimate,baseline,service_bot,3,LEGITIMATE_TASK,orders_db,orders_db,database,database,True,True,False,False,False,action,none,completed:process_orders,,,permissions
baseline-legit-0027,legitimate,baseline,employee,1,MOVE,public_docs,hr_portal,public,application,True,True,False,False,False,transition,legitimate,transition_allowed,,,segmentation
baseline-legit-0027,legitimate,baseline,employee,2,LEGITIMATE_TASK,hr_portal,hr_portal,application,application,True,True,False,False,False,action,none,completed:complete_hr_task,,,permissions
baseline-legit-0028,legitimate,baseline,admin,1,REQUEST_RESOURCE,admin_console,admin_console,admin,admin,True,True,False,False,False,action,none,request_allowed,,,permissions
baseline-legit-0028,legitimate,baseline,admin,2,MOVE,admin_console,internal_api,admin,internal,True,True,False,False,False,transition,legitimate,transition_allowed,,,segmentation
baseline-legit-0028,legitimate,baseline,admin,3,MOVE,internal_api,app_service,internal,application,True,True,False,False,False,transition,legitimate,transition_allowed,,,segmentation
baseline-legit-0028,legitimate,baseline,admin,4,LEGITIMATE_TASK,app_service,app_service,application,application,True,True,False,False,False,action,none,completed:administer_services,,,permissions
baseline-legit-0029,legitimate,baseline,service_bot,1,REQUEST_RESOURCE,app_service,orders_db,application,database,True,True,False,False,False,action,none,request_allowed,,,permissions
baseline-legit-0029,legitimate,baseline,service_bot,2,MOVE,app_service,orders_db,application,database,True,True,False,False,False,transition,legitimate,transition_allowed,,,segmentation
baseline-legit-0029,legitimate,baseline,service_bot,3,LEGITIMATE_TASK,orders_db,orders_db,database,database,True,True,False,False,False,action,none,completed:process_orders,,,permissions
baseline-legit-0030,legitimate,baseline,employee,1,MOVE,public_docs,hr_portal,public,application,True,True,False,False,False,transition,legitimate,transition_allowed,,,segmentation
baseline-legit-0030,legitimate,baseline,employee,2,LEGITIMATE_TASK,hr_portal,hr_portal,application,application,True,True,False,False,False,action,none,completed:complete_hr_task,,,permissions
baseline-legit-0031,legitimate,baseline,admin,1,REQUEST_RESOURCE,admin_console,admin_console,admin,admin,True,True,False,False,False,action,none,request_allowed,,,permissions
baseline-legit-0031,legitimate,baseline,admin,2,MOVE,admin_console,internal_api,admin,internal,True,True,False,False,False,transition,legitimate,transition_allowed,,,segmentation
baseline-legit-0031,legitimate,baseline,admin,3,MOVE,internal_api,app_service,internal,application,True,True,False,False,False,transition,legitimate,transition_allowed,,,segmentation
baseline-legit-0031,legitimate,baseline,admin,4,LEGITIMATE_TASK,app_service,app_service,application,application,True,True,False,False,False,action,none,completed:administer_services,,,permissions
baseline-legit-0032,legitimate,baseline,service_bot,1,REQUEST_RESOURCE,app_service,orders_db,application,database,True,True,False,False,False,action,none,request_allowed,,,permissions
baseline-legit-0032,legitimate,baseline,service_bot,2,MOVE,app_service,orders_db,application,database,True,True,False,False,False,transition,legitimate,transition_allowed,,,segmentation
baseline-legit-0032,legitimate,baseline,service_bot,3,LEGITIMATE_TASK,orders_db,orders_db,database,database,True,True,False,False,False,action,none,completed:process_orders,,,permissions
baseline-legit-0033,legitimate,baseline,employee,1,MOVE,public_docs,hr_portal,public,application,True,True,False,False,False,transition,legitimate,transition_allowed,,,segmentation
baseline-legit-0033,legitimate,baseline,employee,2,LEGITIMATE_TASK,hr_portal,hr_portal,application,application,True,True,False,False,False,action,none,completed:complete_hr_task,,,permissions
baseline-legit-0034,legitimate,baseline,admin,1,REQUEST_RESOURCE,admin_console,admin_console,admin,admin,True,True,False,False,False,action,none,request_allowed,,,permissions
baseline-legit-0034,legitimate,baseline,admin,2,MOVE,admin_console,internal_api,admin,internal,True,True,False,False,False,transition,legitimate,transition_allowed,,,segmentation
baseline-legit-0034,legitimate,baseline,admin,3,MOVE,internal_api,app_service,internal,application,True,True,False,False,False,transition,legitimate,transition_allowed,,,segmentation
baseline-legit-0034,legitimate,baseline,admin,4,LEGITIMATE_TASK,app_service,app_service,application,application,True,True,False,False,False,action,none,completed:administer_services,,,permissions
baseline-legit-0035,legitimate,baseline,service_bot,1,REQUEST_RESOURCE,app_service,orders_db,application,database,True,True,False,False,False,action,none,request_allowed,,,permissions
baseline-legit-0035,legitimate,baseline,service_bot,2,MOVE,app_service,orders_db,application,database,True,True,False,False,False,transition,legitimate,transition_allowed,,,segmentation
baseline-legit-0035,legitimate,baseline,service_bot,3,LEGITIMATE_TASK,orders_db,orders_db,database,database,True,True,False,False,False,action,none,completed:process_orders,,,permissions
baseline-legit-0036,legitimate,baseline,employee,1,MOVE,public_docs,hr_portal,public,application,True,True,False,False,False,transition,legitimate,transition_allowed,,,segmentation
baseline-legit-0036,legitimate,baseline,employee,2,LEGITIMATE_TASK,hr_portal,hr_portal,application,application,True,True,False,False,False,action,none,completed:complete_hr_task,,,permissions
baseline-legit-0037,legitimate,baseline,admin,1,REQUEST_RESOURCE,admin_console,admin_console,admin,admin,True,True,False,False,False,action,none,request_allowed,,,permissions
baseline-legit-0037,legitimate,baseline,admin,2,MOVE,admin_console,internal_api,admin,internal,True,True,False,False,False,transition,legitimate,transition_allowed,,,segmentation
baseline-legit-0037,legitimate,baseline,admin,3,MOVE,internal_api,app_service,internal,application,True,True,False,False,False,transition,legitimate,transition_allowed,,,segmentation
baseline-legit-0037,legitimate,baseline,admin,4,LEGITIMATE_TASK,app_service,app_service,application,application,True,True,False,False,False,action,none,completed:administer_services,,,permissions
baseline-legit-0038,legitimate,baseline,service_bot,1,REQUEST_RESOURCE,app_service,orders_db,application,database,True,True,False,False,False,action,none,request_allowed,,,permissions
baseline-legit-0038,legitimate,baseline,service_bot,2,MOVE,app_service,orders_db,application,database,True,True,False,False,False,transition,legitimate,transition_allowed,,,segmentation
baseline-legit-0038,legitimate,baseline,service_bot,3,LEGITIMATE_TASK,orders_db,orders_db,database,database,True,True,False,False,False,action,none,completed:process_orders,,,permissions
baseline-legit-0039,legitimate,baseline,employee,1,MOVE,public_docs,hr_portal,public,application,True,True,False,False,False,transition,legitimate,transition_allowed,,,segmentation
baseline-legit-0039,legitimate,baseline,employee,2,LEGITIMATE_TASK,hr_portal,hr_portal,application,application,True,True,False,False,False,action,none,completed:complete_hr_task,,,permissions
baseline-legit-0040,legitimate,baseline,admin,1,REQUEST_RESOURCE,admin_console,admin_console,admin,admin,True,True,False,False,False,action,none,request_allowed,,,permissions
baseline-legit-0040,legitimate,baseline,admin,2,MOVE,admin_console,internal_api,admin,internal,True,True,False,False,False,transition,legitimate,transition_allowed,,,segmentation
baseline-legit-0040,legitimate,baseline,admin,3,MOVE,internal_api,app_service,internal,application,True,True,False,False,False,transition,legitimate,transition_allowed,,,segmentation
baseline-legit-0040,legitimate,baseline,admin,4,LEGITIMATE_TASK,app_service,app_service,application,application,True,True,False,False,False,action,none,completed:administer_services,,,permissions
baseline-legit-0041,legitimate,baseline,service_bot,1,REQUEST_RESOURCE,app_service,orders_db,application,database,True,True,False,False,False,action,none,request_allowed,,,permissions
baseline-legit-0041,legitimate,baseline,service_bot,2,MOVE,app_service,orders_db,application,database,True,True,False,False,False,transition,legitimate,transition_allowed,,,segmentation
baseline-legit-0041,legitimate,baseline,service_bot,3,LEGITIMATE_TASK,orders_db,orders_db,database,database,True,True,False,False,False,action,none,completed:process_orders,,,permissions
baseline-legit-0042,legitimate,baseline,employee,1,MOVE,public_docs,hr_portal,public,application,True,True,False,False,False,transition,legitimate,transition_allowed,,,segmentation
baseline-legit-0042,legitimate,baseline,employee,2,LEGITIMATE_TASK,hr_portal,hr_portal,application,application,True,True,False,False,False,action,none,completed:complete_hr_task,,,permissions
baseline-legit-0043,legitimate,baseline,admin,1,REQUEST_RESOURCE,admin_console,admin_console,admin,admin,True,True,False,False,False,action,none,request_allowed,,,permissions
baseline-legit-0043,legitimate,baseline,admin,2,MOVE,admin_console,internal_api,admin,internal,True,True,False,False,False,transition,legitimate,transition_allowed,,,segmentation
baseline-legit-0043,legitimate,baseline,admin,3,MOVE,internal_api,app_service,internal,application,True,True,False,False,False,transition,legitimate,transition_allowed,,,segmentation
baseline-legit-0043,legitimate,baseline,admin,4,LEGITIMATE_TASK,app_service,app_service,application,application,True,True,False,False,False,action,none,completed:administer_services,,,permissions
baseline-legit-0044,legitimate,baseline,service_bot,1,REQUEST_RESOURCE,app_service,orders_db,application,database,True,True,False,False,False,action,none,request_allowed,,,permissions
baseline-legit-0044,legitimate,baseline,service_bot,2,MOVE,app_service,orders_db,application,database,True,True,False,False,False,transition,legitimate,transition_allowed,,,segmentation
baseline-legit-0044,legitimate,baseline,service_bot,3,LEGITIMATE_TASK,orders_db,orders_db,database,database,True,True,False,False,False,action,none,completed:process_orders,,,permissions
baseline-legit-0045,legitimate,baseline,employee,1,MOVE,public_docs,hr_portal,public,application,True,True,False,False,False,transition,legitimate,transition_allowed,,,segmentation
baseline-legit-0045,legitimate,baseline,employee,2,LEGITIMATE_TASK,hr_portal,hr_portal,application,application,True,True,False,False,False,action,none,completed:complete_hr_task,,,permissions
baseline-legit-0046,legitimate,baseline,admin,1,REQUEST_RESOURCE,admin_console,admin_console,admin,admin,True,True,False,False,False,action,none,request_allowed,,,permissions
baseline-legit-0046,legitimate,baseline,admin,2,MOVE,admin_console,internal_api,admin,internal,True,True,False,False,False,transition,legitimate,transition_allowed,,,segmentation
baseline-legit-0046,legitimate,baseline,admin,3,MOVE,internal_api,app_service,internal,application,True,True,False,False,False,transition,legitimate,transition_allowed,,,segmentation
baseline-legit-0046,legitimate,baseline,admin,4,LEGITIMATE_TASK,app_service,app_service,application,application,True,True,False,False,False,action,none,completed:administer_services,,,permissions
baseline-legit-0047,legitimate,baseline,service_bot,1,REQUEST_RESOURCE,app_service,orders_db,application,database,True,True,False,False,False,action,none,request_allowed,,,permissions
baseline-legit-0047,legitimate,baseline,service_bot,2,MOVE,app_service,orders_db,application,database,True,True,False,False,False,transition,legitimate,transition_allowed,,,segmentation
baseline-legit-0047,legitimate,baseline,service_bot,3,LEGITIMATE_TASK,orders_db,orders_db,database,database,True,True,False,False,False,action,none,completed:process_orders,,,permissions
baseline-legit-0048,legitimate,baseline,employee,1,MOVE,public_docs,hr_portal,public,application,True,True,False,False,False,transition,legitimate,transition_allowed,,,segmentation
baseline-legit-0048,legitimate,baseline,employee,2,LEGITIMATE_TASK,hr_portal,hr_portal,application,application,True,True,False,False,False,action,none,completed:complete_hr_task,,,permissions
baseline-legit-0049,legitimate,baseline,admin,1,REQUEST_RESOURCE,admin_console,admin_console,admin,admin,True,True,False,False,False,action,none,request_allowed,,,permissions
baseline-legit-0049,legitimate,baseline,admin,2,MOVE,admin_console,internal_api,admin,internal,True,True,False,False,False,transition,legitimate,transition_allowed,,,segmentation
baseline-legit-0049,legitimate,baseline,admin,3,MOVE,internal_api,app_service,internal,application,True,True,False,False,False,transition,legitimate,transition_allowed,,,segmentation
baseline-legit-0049,legitimate,baseline,admin,4,LEGITIMATE_TASK,app_service,app_service,application,application,True,True,False,False,False,action,none,completed:administer_services,,,permissions
baseline-legit-0050,legitimate,baseline,service_bot,1,REQUEST_RESOURCE,app_service,orders_db,application,database,True,True,False,False,False,action,none,request_allowed,,,permissions
baseline-legit-0050,legitimate,baseline,service_bot,2,MOVE,app_service,orders_db,application,database,True,True,False,False,False,transition,legitimate,transition_allowed,,,segmentation
baseline-legit-0050,legitimate,baseline,service_bot,3,LEGITIMATE_TASK,orders_db,orders_db,database,database,True,True,False,False,False,action,none,completed:process_orders,,,permissions
baseline-legit-0051,legitimate,baseline,employee,1,MOVE,public_docs,hr_portal,public,application,True,True,False,False,False,transition,legitimate,transition_allowed,,,segmentation
baseline-legit-0051,legitimate,baseline,employee,2,LEGITIMATE_TASK,hr_portal,hr_portal,application,application,True,True,False,False,False,action,none,completed:complete_hr_task,,,permissions
baseline-legit-0052,legitimate,baseline,admin,1,REQUEST_RESOURCE,admin_console,admin_console,admin,admin,True,True,False,False,False,action,none,request_allowed,,,permissions
baseline-legit-0052,legitimate,baseline,admin,2,MOVE,admin_console,internal_api,admin,internal,True,True,False,False,False,transition,legitimate,transition_allowed,,,segmentation
baseline-legit-0052,legitimate,baseline,admin,3,MOVE,internal_api,app_service,internal,application,True,True,False,False,False,transition,legitimate,transition_allowed,,,segmentation
baseline-legit-0052,legitimate,baseline,admin,4,LEGITIMATE_TASK,app_service,app_service,application,application,True,True,False,False,False,action,none,completed:administer_services,,,permissions
baseline-legit-0053,legitimate,baseline,service_bot,1,REQUEST_RESOURCE,app_service,orders_db,application,database,True,True,False,False,False,action,none,request_allowed,,,permissions
baseline-legit-0053,legitimate,baseline,service_bot,2,MOVE,app_service,orders_db,application,database,True,True,False,False,False,transition,legitimate,transition_allowed,,,segmentation
baseline-legit-0053,legitimate,baseline,service_bot,3,LEGITIMATE_TASK,orders_db,orders_db,database,database,True,True,False,False,False,action,none,completed:process_orders,,,permissions
baseline-legit-0054,legitimate,baseline,employee,1,MOVE,public_docs,hr_portal,public,application,True,True,False,False,False,transition,legitimate,transition_allowed,,,segmentation
baseline-legit-0054,legitimate,baseline,employee,2,LEGITIMATE_TASK,hr_portal,hr_portal,application,application,True,True,False,False,False,action,none,completed:complete_hr_task,,,permissions
baseline-legit-0055,legitimate,baseline,admin,1,REQUEST_RESOURCE,admin_console,admin_console,admin,admin,True,True,False,False,False,action,none,request_allowed,,,permissions
baseline-legit-0055,legitimate,baseline,admin,2,MOVE,admin_console,internal_api,admin,internal,True,True,False,False,False,transition,legitimate,transition_allowed,,,segmentation
baseline-legit-0055,legitimate,baseline,admin,3,MOVE,internal_api,app_service,internal,application,True,True,False,False,False,transition,legitimate,transition_allowed,,,segmentation
baseline-legit-0055,legitimate,baseline,admin,4,LEGITIMATE_TASK,app_service,app_service,application,application,True,True,False,False,False,action,none,completed:administer_services,,,permissions
baseline-legit-0056,legitimate,baseline,service_bot,1,REQUEST_RESOURCE,app_service,orders_db,application,database,True,True,False,False,False,action,none,request_allowed,,,permissions
baseline-legit-0056,legitimate,baseline,service_bot,2,MOVE,app_service,orders_db,application,database,True,True,False,False,False,transition,legitimate,transition_allowed,,,segmentation
baseline-legit-0056,legitimate,baseline,service_bot,3,LEGITIMATE_TASK,orders_db,orders_db,database,database,True,True,False,False,False,action,none,completed:process_orders,,,permissions
baseline-legit-0057,legitimate,baseline,employee,1,MOVE,public_docs,hr_portal,public,application,True,True,False,False,False,transition,legitimate,transition_allowed,,,segmentation
baseline-legit-0057,legitimate,baseline,employee,2,LEGITIMATE_TASK,hr_portal,hr_portal,application,application,True,True,False,False,False,action,none,completed:complete_hr_task,,,permissions
baseline-legit-0058,legitimate,baseline,admin,1,REQUEST_RESOURCE,admin_console,admin_console,admin,admin,True,True,False,False,False,action,none,request_allowed,,,permissions
baseline-legit-0058,legitimate,baseline,admin,2,MOVE,admin_console,internal_api,admin,internal,True,True,False,False,False,transition,legitimate,transition_allowed,,,segmentation
baseline-legit-0058,legitimate,baseline,admin,3,MOVE,internal_api,app_service,internal,application,True,True,False,False,False,transition,legitimate,transition_allowed,,,segmentation
baseline-legit-0058,legitimate,baseline,admin,4,LEGITIMATE_TASK,app_service,app_service,application,application,True,True,False,False,False,action,none,completed:administer_services,,,permissions
baseline-legit-0059,legitimate,baseline,service_bot,1,REQUEST_RESOURCE,app_service,orders_db,application,database,True,True,False,False,False,action,none,request_allowed,,,permissions
baseline-legit-0059,legitimate,baseline,service_bot,2,MOVE,app_service,orders_db,application,database,True,True,False,False,False,transition,legitimate,transition_allowed,,,segmentation
baseline-legit-0059,legitimate,baseline,service_bot,3,LEGITIMATE_TASK,orders_db,orders_db,database,database,True,True,False,False,False,action,none,completed:process_orders,,,permissions
baseline-legit-0060,legitimate,baseline,employee,1,MOVE,public_docs,hr_portal,public,application,True,True,False,False,False,transition,legitimate,transition_allowed,,,segmentation
baseline-legit-0060,legitimate,baseline,employee,2,LEGITIMATE_TASK,hr_portal,hr_portal,application,application,True,True,False,False,False,action,none,completed:complete_hr_task,,,permissions
baseline-legit-0061,legitimate,baseline,admin,1,REQUEST_RESOURCE,admin_console,admin_console,admin,admin,True,True,False,False,False,action,none,request_allowed,,,permissions
baseline-legit-0061,legitimate,baseline,admin,2,MOVE,admin_console,internal_api,admin,internal,True,True,False,False,False,transition,legitimate,transition_allowed,,,segmentation
baseline-legit-0061,legitimate,baseline,admin,3,MOVE,internal_api,app_service,internal,application,True,True,False,False,False,transition,legitimate,transition_allowed,,,segmentation
baseline-legit-0061,legitimate,baseline,admin,4,LEGITIMATE_TASK,app_service,app_service,application,application,True,True,False,False,False,action,none,completed:administer_services,,,permissions
baseline-legit-0062,legitimate,baseline,service_bot,1,REQUEST_RESOURCE,app_service,orders_db,application,database,True,True,False,False,False,action,none,request_allowed,,,permissions
baseline-legit-0062,legitimate,baseline,service_bot,2,MOVE,app_service,orders_db,application,database,True,True,False,False,False,transition,legitimate,transition_allowed,,,segmentation
baseline-legit-0062,legitimate,baseline,service_bot,3,LEGITIMATE_TASK,orders_db,orders_db,database,database,True,True,False,False,False,action,none,completed:process_orders,,,permissions
baseline-legit-0063,legitimate,baseline,employee,1,MOVE,public_docs,hr_portal,public,application,True,True,False,False,False,transition,legitimate,transition_allowed,,,segmentation
baseline-legit-0063,legitimate,baseline,employee,2,LEGITIMATE_TASK,hr_portal,hr_portal,application,application,True,True,False,False,False,action,none,completed:complete_hr_task,,,permissions
baseline-legit-0064,legitimate,baseline,admin,1,REQUEST_RESOURCE,admin_console,admin_console,admin,admin,True,True,False,False,False,action,none,request_allowed,,,permissions
baseline-legit-0064,legitimate,baseline,admin,2,MOVE,admin_console,internal_api,admin,internal,True,True,False,False,False,transition,legitimate,transition_allowed,,,segmentation
baseline-legit-0064,legitimate,baseline,admin,3,MOVE,internal_api,app_service,internal,application,True,True,False,False,False,transition,legitimate,transition_allowed,,,segmentation
baseline-legit-0064,legitimate,baseline,admin,4,LEGITIMATE_TASK,app_service,app_service,application,application,True,True,False,False,False,action,none,completed:administer_services,,,permissions
baseline-legit-0065,legitimate,baseline,service_bot,1,REQUEST_RESOURCE,app_service,orders_db,application,database,True,True,False,False,False,action,none,request_allowed,,,permissions
baseline-legit-0065,legitimate,baseline,service_bot,2,MOVE,app_service,orders_db,application,database,True,True,False,False,False,transition,legitimate,transition_allowed,,,segmentation
baseline-legit-0065,legitimate,baseline,service_bot,3,LEGITIMATE_TASK,orders_db,orders_db,database,database,True,True,False,False,False,action,none,completed:process_orders,,,permissions
baseline-legit-0066,legitimate,baseline,employee,1,MOVE,public_docs,hr_portal,public,application,True,True,False,False,False,transition,legitimate,transition_allowed,,,segmentation
baseline-legit-0066,legitimate,baseline,employee,2,LEGITIMATE_TASK,hr_portal,hr_portal,application,application,True,True,False,False,False,action,none,completed:complete_hr_task,,,permissions
baseline-legit-0067,legitimate,baseline,admin,1,REQUEST_RESOURCE,admin_console,admin_console,admin,admin,True,True,False,False,False,action,none,request_allowed,,,permissions
baseline-legit-0067,legitimate,baseline,admin,2,MOVE,admin_console,internal_api,admin,internal,True,True,False,False,False,transition,legitimate,transition_allowed,,,segmentation
baseline-legit-0067,legitimate,baseline,admin,3,MOVE,internal_api,app_service,internal,application,True,True,False,False,False,transition,legitimate,transition_allowed,,,segmentation
baseline-legit-0067,legitimate,baseline,admin,4,LEGITIMATE_TASK,app_service,app_service,application,application,True,True,False,False,False,action,none,completed:administer_services,,,permissions
baseline-legit-0068,legitimate,baseline,service_bot,1,REQUEST_RESOURCE,app_service,orders_db,application,database,True,True,False,False,False,action,none,request_allowed,,,permissions
baseline-legit-0068,legitimate,baseline,service_bot,2,MOVE,app_service,orders_db,application,database,True,True,False,False,False,transition,legitimate,transition_allowed,,,segmentation
baseline-legit-0068,legitimate,baseline,service_bot,3,LEGITIMATE_TASK,orders_db,orders_db,database,database,True,True,False,False,False,action,none,completed:process_orders,,,permissions
baseline-legit-0069,legitimate,baseline,employee,1,MOVE,public_docs,hr_portal,public,application,True,True,False,False,False,transition,legitimate,transition_allowed,,,segmentation
baseline-legit-0069,legitimate,baseline,employee,2,LEGITIMATE_TASK,hr_portal,hr_portal,application,application,True,True,False,False,False,action,none,completed:complete_hr_task,,,permissions
baseline-legit-0070,legitimate,baseline,admin,1,REQUEST_RESOURCE,admin_console,admin_console,admin,admin,True,True,False,False,False,action,none,request_allowed,,,permissions
baseline-legit-0070,legitimate,baseline,admin,2,MOVE,admin_console,internal_api,admin,internal,True,True,False,False,False,transition,legitimate,transition_allowed,,,segmentation
baseline-legit-0070,legitimate,baseline,admin,3,MOVE,internal_api,app_service,internal,application,True,True,False,False,False,transition,legitimate,transition_allowed,,,segmentation
baseline-legit-0070,legitimate,baseline,admin,4,LEGITIMATE_TASK,app_service,app_service,application,application,True,True,False,False,False,action,none,completed:administer_services,,,permissions
baseline-legit-0071,legitimate,baseline,service_bot,1,REQUEST_RESOURCE,app_service,orders_db,application,database,True,True,False,False,False,action,none,request_allowed,,,permissions
baseline-legit-0071,legitimate,baseline,service_bot,2,MOVE,app_service,orders_db,application,database,True,True,False,False,False,transition,legitimate,transition_allowed,,,segmentation
baseline-legit-0071,legitimate,baseline,service_bot,3,LEGITIMATE_TASK,orders_db,orders_db,database,database,True,True,False,False,False,action,none,completed:process_orders,,,permissions
baseline-legit-0072,legitimate,baseline,employee,1,MOVE,public_docs,hr_portal,public,application,True,True,False,False,False,transition,legitimate,transition_allowed,,,segmentation
baseline-legit-0072,legitimate,baseline,employee,2,LEGITIMATE_TASK,hr_portal,hr_portal,application,application,True,True,False,False,False,action,none,completed:complete_hr_task,,,permissions
baseline-legit-0073,legitimate,baseline,admin,1,REQUEST_RESOURCE,admin_console,admin_console,admin,admin,True,True,False,False,False,action,none,request_allowed,,,permissions
baseline-legit-0073,legitimate,baseline,admin,2,MOVE,admin_console,internal_api,admin,internal,True,True,False,False,False,transition,legitimate,transition_allowed,,,segmentation
baseline-legit-0073,legitimate,baseline,admin,3,MOVE,internal_api,app_service,internal,application,True,True,False,False,False,transition,legitimate,transition_allowed,,,segmentation
baseline-legit-0073,legitimate,baseline,admin,4,LEGITIMATE_TASK,app_service,app_service,application,application,True,True,False,False,False,action,none,completed:administer_services,,,permissions
baseline-legit-0074,legitimate,baseline,service_bot,1,REQUEST_RESOURCE,app_service,orders_db,application,database,True,True,False,False,False,action,none,request_allowed,,,permissions
baseline-legit-0074,legitimate,baseline,service_bot,2,MOVE,app_service,orders_db,application,database,True,True,False,False,False,transition,legitimate,transition_allowed,,,segmentation
baseline-legit-0074,legitimate,baseline,service_bot,3,LEGITIMATE_TASK,orders_db,orders_db,database,database,True,True,False,False,False,action,none,completed:process_orders,,,permissions
baseline-legit-0075,legitimate,baseline,employee,1,MOVE,public_docs,hr_portal,public,application,True,True,False,False,False,transition,legitimate,transition_allowed,,,segmentation
baseline-legit-0075,legitimate,baseline,employee,2,LEGITIMATE_TASK,hr_portal,hr_portal,application,application,True,True,False,False,False,action,none,completed:complete_hr_task,,,permissions
baseline-legit-0076,legitimate,baseline,admin,1,REQUEST_RESOURCE,admin_console,admin_console,admin,admin,True,True,False,False,False,action,none,request_allowed,,,permissions
baseline-legit-0076,legitimate,baseline,admin,2,MOVE,admin_console,internal_api,admin,internal,True,True,False,False,False,transition,legitimate,transition_allowed,,,segmentation
baseline-legit-0076,legitimate,baseline,admin,3,MOVE,internal_api,app_service,internal,application,True,True,False,False,False,transition,legitimate,transition_allowed,,,segmentation
baseline-legit-0076,legitimate,baseline,admin,4,LEGITIMATE_TASK,app_service,app_service,application,application,True,True,False,False,False,action,none,completed:administer_services,,,permissions
baseline-legit-0077,legitimate,baseline,service_bot,1,REQUEST_RESOURCE,app_service,orders_db,application,database,True,True,False,False,False,action,none,request_allowed,,,permissions
baseline-legit-0077,legitimate,baseline,service_bot,2,MOVE,app_service,orders_db,application,database,True,True,False,False,False,transition,legitimate,transition_allowed,,,segmentation
baseline-legit-0077,legitimate,baseline,service_bot,3,LEGITIMATE_TASK,orders_db,orders_db,database,database,True,True,False,False,False,action,none,completed:process_orders,,,permissions
baseline-legit-0078,legitimate,baseline,employee,1,MOVE,public_docs,hr_portal,public,application,True,True,False,False,False,transition,legitimate,transition_allowed,,,segmentation
baseline-legit-0078,legitimate,baseline,employee,2,LEGITIMATE_TASK,hr_portal,hr_portal,application,application,True,True,False,False,False,action,none,completed:complete_hr_task,,,permissions
baseline-legit-0079,legitimate,baseline,admin,1,REQUEST_RESOURCE,admin_console,admin_console,admin,admin,True,True,False,False,False,action,none,request_allowed,,,permissions
baseline-legit-0079,legitimate,baseline,admin,2,MOVE,admin_console,internal_api,admin,internal,True,True,False,False,False,transition,legitimate,transition_allowed,,,segmentation
baseline-legit-0079,legitimate,baseline,admin,3,MOVE,internal_api,app_service,internal,application,True,True,False,False,False,transition,legitimate,transition_allowed,,,segmentation
baseline-legit-0079,legitimate,baseline,admin,4,LEGITIMATE_TASK,app_service,app_service,application,application,True,True,False,False,False,action,none,completed:administer_services,,,permissions
baseline-legit-0080,legitimate,baseline,service_bot,1,REQUEST_RESOURCE,app_service,orders_db,application,database,True,True,False,False,False,action,none,request_allowed,,,permissions
baseline-legit-0080,legitimate,baseline,service_bot,2,MOVE,app_service,orders_db,application,database,True,True,False,False,False,transition,legitimate,transition_allowed,,,segmentation
baseline-legit-0080,legitimate,baseline,service_bot,3,LEGITIMATE_TASK,orders_db,orders_db,database,database,True,True,False,False,False,action,none,completed:process_orders,,,permissions
baseline-legit-0081,legitimate,baseline,employee,1,MOVE,public_docs,hr_portal,public,application,True,True,False,False,False,transition,legitimate,transition_allowed,,,segmentation
baseline-legit-0081,legitimate,baseline,employee,2,LEGITIMATE_TASK,hr_portal,hr_portal,application,application,True,True,False,False,False,action,none,completed:complete_hr_task,,,permissions
baseline-legit-0082,legitimate,baseline,admin,1,REQUEST_RESOURCE,admin_console,admin_console,admin,admin,True,True,False,False,False,action,none,request_allowed,,,permissions
baseline-legit-0082,legitimate,baseline,admin,2,MOVE,admin_console,internal_api,admin,internal,True,True,False,False,False,transition,legitimate,transition_allowed,,,segmentation
baseline-legit-0082,legitimate,baseline,admin,3,MOVE,internal_api,app_service,internal,application,True,True,False,False,False,transition,legitimate,transition_allowed,,,segmentation
baseline-legit-0082,legitimate,baseline,admin,4,LEGITIMATE_TASK,app_service,app_service,application,application,True,True,False,False,False,action,none,completed:administer_services,,,permissions
baseline-legit-0083,legitimate,baseline,service_bot,1,REQUEST_RESOURCE,app_service,orders_db,application,database,True,True,False,False,False,action,none,request_allowed,,,permissions
baseline-legit-0083,legitimate,baseline,service_bot,2,MOVE,app_service,orders_db,application,database,True,True,False,False,False,transition,legitimate,transition_allowed,,,segmentation
baseline-legit-0083,legitimate,baseline,service_bot,3,LEGITIMATE_TASK,orders_db,orders_db,database,database,True,True,False,False,False,action,none,completed:process_orders,,,permissions
baseline-legit-0084,legitimate,baseline,employee,1,MOVE,public_docs,hr_portal,public,application,True,True,False,False,False,transition,legitimate,transition_allowed,,,segmentation
baseline-legit-0084,legitimate,baseline,employee,2,LEGITIMATE_TASK,hr_portal,hr_portal,application,application,True,True,False,False,False,action,none,completed:complete_hr_task,,,permissions
baseline-legit-0085,legitimate,baseline,admin,1,REQUEST_RESOURCE,admin_console,admin_console,admin,admin,True,True,False,False,False,action,none,request_allowed,,,permissions
baseline-legit-0085,legitimate,baseline,admin,2,MOVE,admin_console,internal_api,admin,internal,True,True,False,False,False,transition,legitimate,transition_allowed,,,segmentation
baseline-legit-0085,legitimate,baseline,admin,3,MOVE,internal_api,app_service,internal,application,True,True,False,False,False,transition,legitimate,transition_allowed,,,segmentation
baseline-legit-0085,legitimate,baseline,admin,4,LEGITIMATE_TASK,app_service,app_service,application,application,True,True,False,False,False,action,none,completed:administer_services,,,permissions
baseline-legit-0086,legitimate,baseline,service_bot,1,REQUEST_RESOURCE,app_service,orders_db,application,database,True,True,False,False,False,action,none,request_allowed,,,permissions
baseline-legit-0086,legitimate,baseline,service_bot,2,MOVE,app_service,orders_db,application,database,True,True,False,False,False,transition,legitimate,transition_allowed,,,segmentation
baseline-legit-0086,legitimate,baseline,service_bot,3,LEGITIMATE_TASK,orders_db,orders_db,database,database,True,True,False,False,False,action,none,completed:process_orders,,,permissions
baseline-legit-0087,legitimate,baseline,employee,1,MOVE,public_docs,hr_portal,public,application,True,True,False,False,False,transition,legitimate,transition_allowed,,,segmentation
baseline-legit-0087,legitimate,baseline,employee,2,LEGITIMATE_TASK,hr_portal,hr_portal,application,application,True,True,False,False,False,action,none,completed:complete_hr_task,,,permissions
baseline-legit-0088,legitimate,baseline,admin,1,REQUEST_RESOURCE,admin_console,admin_console,admin,admin,True,True,False,False,False,action,none,request_allowed,,,permissions
baseline-legit-0088,legitimate,baseline,admin,2,MOVE,admin_console,internal_api,admin,internal,True,True,False,False,False,transition,legitimate,transition_allowed,,,segmentation
baseline-legit-0088,legitimate,baseline,admin,3,MOVE,internal_api,app_service,internal,application,True,True,False,False,False,transition,legitimate,transition_allowed,,,segmentation
baseline-legit-0088,legitimate,baseline,admin,4,LEGITIMATE_TASK,app_service,app_service,application,application,True,True,False,False,False,action,none,completed:administer_services,,,permissions
baseline-legit-0089,legitimate,baseline,service_bot,1,REQUEST_RESOURCE,app_service,orders_db,application,database,True,True,False,False,False,action,none,request_allowed,,,permissions
baseline-legit-0089,legitimate,baseline,service_bot,2,MOVE,app_service,orders_db,application,database,True,True,False,False,False,transition,legitimate,transition_allowed,,,segmentation
baseline-legit-0089,legitimate,baseline,service_bot,3,LEGITIMATE_TASK,orders_db,orders_db,database,database,True,True,False,False,False,action,none,completed:process_orders,,,permissions
baseline-legit-0090,legitimate,baseline,employee,1,MOVE,public_docs,hr_portal,public,application,True,True,False,False,False,transition,legitimate,transition_allowed,,,segmentation
baseline-legit-0090,legitimate,baseline,employee,2,LEGITIMATE_TASK,hr_portal,hr_portal,application,application,True,True,False,False,False,action,none,completed:complete_hr_task,,,permissions
baseline-legit-0091,legitimate,baseline,admin,1,REQUEST_RESOURCE,admin_console,admin_console,admin,admin,True,True,False,False,False,action,none,request_allowed,,,permissions
baseline-legit-0091,legitimate,baseline,admin,2,MOVE,admin_console,internal_api,admin,internal,True,True,False,False,False,transition,legitimate,transition_allowed,,,segmentation
baseline-legit-0091,legitimate,baseline,admin,3,MOVE,internal_api,app_service,internal,application,True,True,False,False,False,transition,legitimate,transition_allowed,,,segmentation
baseline-legit-0091,legitimate,baseline,admin,4,LEGITIMATE_TASK,app_service,app_service,application,application,True,True,False,False,False,action,none,completed:administer_services,,,permissions
baseline-legit-0092,legitimate,baseline,service_bot,1,REQUEST_RESOURCE,app_service,orders_db,application,database,True,True,False,False,False,action,none,request_allowed,,,permissions
baseline-legit-0092,legitimate,baseline,service_bot,2,MOVE,app_service,orders_db,application,database,True,True,False,False,False,transition,legitimate,transition_allowed,,,segmentation
baseline-legit-0092,legitimate,baseline,service_bot,3,LEGITIMATE_TASK,orders_db,orders_db,database,database,True,True,False,False,False,action,none,completed:process_orders,,,permissions
baseline-legit-0093,legitimate,baseline,employee,1,MOVE,public_docs,hr_portal,public,application,True,True,False,False,False,transition,legitimate,transition_allowed,,,segmentation
baseline-legit-0093,legitimate,baseline,employee,2,LEGITIMATE_TASK,hr_portal,hr_portal,application,application,True,True,False,False,False,action,none,completed:complete_hr_task,,,permissions
baseline-legit-0094,legitimate,baseline,admin,1,REQUEST_RESOURCE,admin_console,admin_console,admin,admin,True,True,False,False,False,action,none,request_allowed,,,permissions
baseline-legit-0094,legitimate,baseline,admin,2,MOVE,admin_console,internal_api,admin,internal,True,True,False,False,False,transition,legitimate,transition_allowed,,,segmentation
baseline-legit-0094,legitimate,baseline,admin,3,MOVE,internal_api,app_service,internal,application,True,True,False,False,False,transition,legitimate,transition_allowed,,,segmentation
baseline-legit-0094,legitimate,baseline,admin,4,LEGITIMATE_TASK,app_service,app_service,application,application,True,True,False,False,False,action,none,completed:administer_services,,,permissions
baseline-legit-0095,legitimate,baseline,service_bot,1,REQUEST_RESOURCE,app_service,orders_db,application,database,True,True,False,False,False,action,none,request_allowed,,,permissions
baseline-legit-0095,legitimate,baseline,service_bot,2,MOVE,app_service,orders_db,application,database,True,True,False,False,False,transition,legitimate,transition_allowed,,,segmentation
baseline-legit-0095,legitimate,baseline,service_bot,3,LEGITIMATE_TASK,orders_db,orders_db,database,database,True,True,False,False,False,action,none,completed:process_orders,,,permissions
baseline-legit-0096,legitimate,baseline,employee,1,MOVE,public_docs,hr_portal,public,application,True,True,False,False,False,transition,legitimate,transition_allowed,,,segmentation
baseline-legit-0096,legitimate,baseline,employee,2,LEGITIMATE_TASK,hr_portal,hr_portal,application,application,True,True,False,False,False,action,none,completed:complete_hr_task,,,permissions
baseline-legit-0097,legitimate,baseline,admin,1,REQUEST_RESOURCE,admin_console,admin_console,admin,admin,True,True,False,False,False,action,none,request_allowed,,,permissions
baseline-legit-0097,legitimate,baseline,admin,2,MOVE,admin_console,internal_api,admin,internal,True,True,False,False,False,transition,legitimate,transition_allowed,,,segmentation
baseline-legit-0097,legitimate,baseline,admin,3,MOVE,internal_api,app_service,internal,application,True,True,False,False,False,transition,legitimate,transition_allowed,,,segmentation
baseline-legit-0097,legitimate,baseline,admin,4,LEGITIMATE_TASK,app_service,app_service,application,application,True,True,False,False,False,action,none,completed:administer_services,,,permissions
baseline-legit-0098,legitimate,baseline,service_bot,1,REQUEST_RESOURCE,app_service,orders_db,application,database,True,True,False,False,False,action,none,request_allowed,,,permissions
baseline-legit-0098,legitimate,baseline,service_bot,2,MOVE,app_service,orders_db,application,database,True,True,False,False,False,transition,legitimate,transition_allowed,,,segmentation
baseline-legit-0098,legitimate,baseline,service_bot,3,LEGITIMATE_TASK,orders_db,orders_db,database,database,True,True,False,False,False,action,none,completed:process_orders,,,permissions
baseline-legit-0099,legitimate,baseline,employee,1,MOVE,public_docs,hr_portal,public,application,True,True,False,False,False,transition,legitimate,transition_allowed,,,segmentation
baseline-legit-0099,legitimate,baseline,employee,2,LEGITIMATE_TASK,hr_portal,hr_portal,application,application,True,True,False,False,False,action,none,completed:complete_hr_task,,,permissions
protected-attack-0000,attack,protected,compromised,1,READ,public_docs,finance_db,public,database,False,False,True,False,False,action,none,least_privilege_block,,,permissions
protected-attack-0000,attack,protected,compromised,2,READ,public_docs,credential_vault,public,admin,False,False,True,False,False,action,none,least_privilege_block,,,permissions
protected-attack-0000,attack,protected,compromised,3,DISCOVER,public_docs,source_repo,public,internal,False,False,True,True,False,action,none,hidden_resource,3,,permissions
protected-attack-0000,attack,protected,compromised,4,DISCOVER,public_docs,internal_api,public,internal,False,False,True,True,False,action,none,hidden_resource,3,,permissions
protected-attack-0000,attack,protected,compromised,5,ACCESS_CREDENTIAL,public_docs,credential_vault,public,admin,False,False,True,True,True,action,none,least_privilege_block,3,5,permissions
protected-attack-0001,attack,protected,curious,1,MOVE,public_docs,hr_portal,public,application,True,True,False,False,False,transition,lateral,transition_allowed,,,segmentation
protected-attack-0001,attack,protected,curious,2,ACCESS_CREDENTIAL,hr_portal,credential_vault,application,admin,False,False,True,False,False,action,none,least_privilege_block,,,permissions
protected-attack-0001,attack,protected,curious,3,LEGITIMATE_TASK,hr_portal,hr_portal,application,application,True,True,False,False,False,action,none,completed:complete_hr_task,,,permissions
protected-attack-0001,attack,protected,curious,4,MOVE,hr_portal,source_repo,application,internal,True,True,True,True,False,transition,lateral,transition_allowed,4,,segmentation
protected-attack-0001,attack,protected,curious,5,READ,source_repo,finance_db,internal,database,False,False,True,True,False,action,none,least_privilege_block,4,,permissions
protected-attack-0001,attack,protected,curious,6,READ,source_repo,admin_console,internal,admin,False,False,True,True,True,action,none,least_privilege_block,4,6,permissions
protected-attack-0002,attack,protected,compromised,1,ACCESS_CREDENTIAL,public_docs,credential_vault,public,admin,False,False,True,False,False,action,none,least_privilege_block,,,permissions
protected-attack-0002,attack,protected,compromised,2,DISCOVER,public_docs,admin_console,public,admin,False,False,True,False,False,action,none,hidden_resource,,,permissions
protected-attack-0002,attack,protected,compromised,3,DISCOVER,public_docs,orders_db,public,database,False,False,True,True,False,action,none,hidden_resource,3,,permissions
protected-attack-0002,attack,protected,compromised,4,MOVE,public_docs,customer_pii,public,sensitive,False,False,True,True,False,transition,lateral,blocked_by_segmentation:public->sensitive,3,,segmentation
protected-attack-0002,attack,protected,compromised,5,READ,public_docs,customer_pii,public,sensitive,False,False,True,True,True,action,none,least_privilege_block,3,5,permissions
protected-attack-0003,attack,protected,curious,1,REQUEST_RESOURCE,public_docs,public_docs,public,public,True,True,False,False,False,action,none,request_allowed,,,permissions
protected-attack-0003,attack,protected,curious,2,ACCESS_CREDENTIAL,public_docs,credential_vault,public,admin,False,False,True,False,False,action,none,least_privilege_block,,,permissions
protected-attack-0003,attack,protected,curious,3,LEGITIMATE_TASK,public_docs,source_repo,public,internal,False,False,True,False,False,action,none,least_privilege_block,,,permissions
protected-attack-0003,attack,protected,curious,4,DISCOVER,public_docs,ops_runbooks,public,internal,False,False,True,True,False,action,none,hidden_resource,4,,permissions
protected-attack-0003,attack,protected,curious,5,ACCESS_CREDENTIAL,public_docs,credential_vault,public,admin,False,False,True,True,False,action,none,least_privilege_block,4,,permissions
protected-attack-0003,attack,protected,curious,6,DISCOVER,public_docs,credential_vault,public,admin,False,False,True,True,True,action,none,hidden_resource,4,6,permissions
protected-attack-0004,attack,protected,compromised,1,ACCESS_CREDENTIAL,public_docs,credential_vault,public,admin,False,False,True,False,False,action,none,least_privilege_block,,,permissions
protected-attack-0004,attack,protected,compromised,2,EXECUTE,public_docs,source_repo,public,internal,False,False,True,False,False,action,none,least_privilege_block,,,permissions
protected-attack-0004,attack,protected,compromised,3,READ,public_docs,admin_console,public,admin,False,False,True,True,False,action,none,least_privilege_block,3,,permissions
protected-attack-0004,attack,protected,compromised,4,MOVE,public_docs,finance_db,public,database,False,False,True,True,False,transition,lateral,blocked_by_segmentation:public->database,3,,segmentation
protected-attack-0004,attack,protected,compromised,5,ACCESS_CREDENTIAL,public_docs,credential_vault,public,admin,False,False,True,True,True,action,none,least_privilege_block,3,5,permissions
protected-attack-0005,attack,protected,curious,1,READ,public_docs,public_docs,public,public,True,True,False,False,False,action,none,credential_authorized,,,permissions
protected-attack-0005,attack,protected,curious,2,READ,public_docs,customer_pii,public,sensitive,False,False,True,False,False,action,none,least_privilege_block,,,permissions
protected-attack-0005,attack,protected,curious,3,LEGITIMATE_TASK,public_docs,credential_vault,public,admin,False,False,True,False,False,action,none,least_privilege_block,,,permissions
protected-attack-0005,attack,protected,curious,4,DISCOVER,public_docs,ops_runbooks,public,internal,False,False,True,True,False,action,none,hidden_resource,4,,permissions
protected-attack-0005,attack,protected,curious,5,DISCOVER,public_docs,credential_vault,public,admin,False,False,True,True,False,action,none,hidden_resource,4,,permissions
protected-attack-0005,attack,protected,curious,6,READ,public_docs,public_docs,public,public,True,True,False,True,True,action,none,credential_authorized,4,6,permissions
protected-attack-0006,attack,protected,compromised,1,DISCOVER,public_docs,employee_records,public,database,False,False,True,False,False,action,none,hidden_resource,,,permissions
protected-attack-0006,attack,protected,compromised,2,ACCESS_CREDENTIAL,public_docs,credential_vault,public,admin,False,False,True,False,False,action,none,least_privilege_block,,,permissions
protected-attack-0006,attack,protected,compromised,3,MOVE,public_docs,credential_vault,public,admin,False,False,True,True,False,transition,lateral,blocked_by_segmentation:public->admin,3,,segmentation
protected-attack-0006,attack,protected,compromised,4,READ,public_docs,admin_console,public,admin,False,False,True,True,False,action,none,least_privilege_block,3,,permissions
protected-attack-0006,attack,protected,compromised,5,REQUEST_RESOURCE,public_docs,public_docs,public,public,True,True,False,True,True,action,none,request_allowed,3,5,permissions
protected-attack-0007,attack,protected,curious,1,DISCOVER,public_docs,customer_pii,public,sensitive,False,False,True,False,False,action,none,hidden_resource,,,permissions
protected-attack-0007,attack,protected,curious,2,MOVE,public_docs,hr_portal,public,application,True,True,False,False,False,transition,lateral,transition_allowed,,,segmentation
protected-attack-0007,attack,protected,curious,3,DISCOVER,hr_portal,finance_db,application,database,False,False,True,True,False,action,none,hidden_resource,3,,permissions
protected-attack-0007,attack,protected,curious,4,LEGITIMATE_TASK,hr_portal,hr_portal,application,application,True,True,False,True,False,action,none,completed:complete_hr_task,3,,permissions
protected-attack-0007,attack,protected,curious,5,MOVE,hr_portal,source_repo,application,internal,True,True,True,True,True,transition,lateral,transition_allowed,3,5,segmentation
protected-attack-0008,attack,protected,compromised,1,ACCESS_CREDENTIAL,public_docs,credential_vault,public,admin,False,False,True,False,False,action,none,least_privilege_block,,,permissions
protected-attack-0008,attack,protected,compromised,2,DISCOVER,public_docs,internal_api,public,internal,False,False,True,False,False,action,none,hidden_resource,,,permissions
protected-attack-0008,attack,protected,compromised,3,MOVE,public_docs,admin_console,public,admin,False,False,True,True,False,transition,lateral,blocked_by_segmentation:public->admin,3,,segmentation
protected-attack-0008,attack,protected,compromised,4,EXECUTE,public_docs,admin_console,public,admin,False,False,True,True,False,action,none,least_privilege_block,3,,permissions
protected-attack-0008,attack,protected,compromised,5,MOVE,public_docs,admin_console,public,admin,False,False,True,True,True,transition,lateral,blocked_by_segmentation:public->admin,3,5,segmentation
protected-attack-0009,attack,protected,curious,1,ACCESS_CREDENTIAL,public_docs,credential_vault,public,admin,False,False,True,False,False,action,none,least_privilege_block,,,permissions
protected-attack-0009,attack,protected,curious,2,REQUEST_RESOURCE,public_docs,public_docs,public,public,True,True,False,False,False,action,none,request_allowed,,,permissions
protected-attack-0009,attack,protected,curious,3,DISCOVER,public_docs,app_service,public,application,True,True,False,True,False,action,none,new_resource_discovered,3,,permissions
protected-attack-0009,attack,protected,curious,4,LEGITIMATE_TASK,public_docs,public_docs,public,public,True,True,False,True,False,action,none,completed:complete_hr_task,3,,permissions
protected-attack-0009,attack,protected,curious,5,REQUEST_RESOURCE,public_docs,public_docs,public,public,True,True,False,True,True,action,none,request_allowed,3,5,permissions
protected-attack-0010,attack,protected,compromised,1,ACCESS_CREDENTIAL,public_docs,credential_vault,public,admin,False,False,True,False,False,action,none,least_privilege_block,,,permissions
protected-attack-0010,attack,protected,compromised,2,ACCESS_CREDENTIAL,public_docs,credential_vault,public,admin,False,False,True,False,False,action,none,least_privilege_block,,,permissions
protected-attack-0010,attack,protected,compromised,3,DISCOVER,public_docs,credential_vault,public,admin,False,False,True,True,False,action,none,hidden_resource,3,,permissions
protected-attack-0010,attack,protected,compromised,4,MOVE,public_docs,customer_pii,public,sensitive,False,False,True,True,False,transition,lateral,blocked_by_segmentation:public->sensitive,3,,segmentation
protected-attack-0010,attack,protected,compromised,5,ACCESS_CREDENTIAL,public_docs,credential_vault,public,admin,False,False,True,True,True,action,none,least_privilege_block,3,5,permissions
protected-attack-0011,attack,protected,curious,1,DISCOVER,public_docs,employee_records,public,database,False,False,True,False,False,action,none,hidden_resource,,,permissions
protected-attack-0011,attack,protected,curious,2,DISCOVER,public_docs,source_repo,public,internal,False,False,True,False,False,action,none,hidden_resource,,,permissions
protected-attack-0011,attack,protected,curious,3,READ,public_docs,credential_vault,public,admin,False,False,True,True,False,action,none,least_privilege_block,3,,permissions
protected-attack-0011,attack,protected,curious,4,READ,public_docs,admin_console,public,admin,False,False,True,True,False,action,none,least_privilege_block,3,,permissions
protected-attack-0011,attack,protected,curious,5,DISCOVER,public_docs,employee_records,public,database,False,False,True,True,True,action,none,hidden_resource,3,5,permissions
protected-attack-0012,attack,protected,compromised,1,DISCOVER,public_docs,app_service,public,application,True,True,False,False,False,action,none,new_resource_discovered,,,permissions
protected-attack-0012,attack,protected,compromised,2,ACCESS_CREDENTIAL,public_docs,credential_vault,public,admin,False,False,True,False,False,action,none,least_privilege_block,,,permissions
protected-attack-0012,attack,protected,compromised,3,ACCESS_CREDENTIAL,public_docs,credential_vault,public,admin,False,False,True,False,False,action,none,least_privilege_block,,,permissions
protected-attack-0012,attack,protected,compromised,4,DISCOVER,public_docs,internal_api,public,internal,False,False,True,True,False,action,none,hidden_resource,4,,permissions
protected-attack-0012,attack,protected,compromised,5,DISCOVER,public_docs,customer_pii,public,sensitive,False,False,True,True,False,action,none,hidden_resource,4,,permissions
protected-attack-0012,attack,protected,compromised,6,MOVE,public_docs,admin_console,public,admin,False,False,True,True,True,transition,lateral,blocked_by_segmentation:public->admin,4,6,segmentation
protected-attack-0013,attack,protected,curious,1,REQUEST_RESOURCE,public_docs,admin_console,public,admin,False,False,True,False,False,action,none,request_denied,,,permissions
protected-attack-0013,attack,protected,curious,2,LEGITIMATE_TASK,public_docs,public_docs,public,public,True,True,False,False,False,action,none,completed:complete_hr_task,,,permissions
protected-attack-0013,attack,protected,curious,3,DISCOVER,public_docs,credential_vault,public,admin,False,False,True,True,False,action,none,hidden_resource,3,,permissions
protected-attack-0013,attack,protected,curious,4,ACCESS_CREDENTIAL,public_docs,credential_vault,public,admin,False,False,True,True,False,action,none,least_privilege_block,3,,permissions
protected-attack-0013,attack,protected,curious,5,REQUEST_RESOURCE,public_docs,finance_db,public,database,True,True,False,True,True,action,none,request_allowed,3,5,permissions
protected-attack-0014,attack,protected,compromised,1,ACCESS_CREDENTIAL,public_docs,credential_vault,public,admin,False,False,True,False,False,action,none,least_privilege_block,,,permissions
protected-attack-0014,attack,protected,compromised,2,DISCOVER,public_docs,customer_pii,public,sensitive,False,False,True,False,False,action,none,hidden_resource,,,permissions
protected-attack-0014,attack,protected,compromised,3,DISCOVER,public_docs,source_repo,public,internal,False,False,True,True,False,action,none,hidden_resource,3,,permissions
protected-attack-0014,attack,protected,compromised,4,ACCESS_CREDENTIAL,public_docs,credential_vault,public,admin,False,False,True,True,False,action,none,least_privilege_block,3,,permissions
protected-attack-0014,attack,protected,compromised,5,READ,public_docs,finance_db,public,database,False,False,True,True,True,action,none,least_privilege_block,3,5,permissions
protected-attack-0015,attack,protected,curious,1,MOVE,public_docs,hr_portal,public,application,True,True,False,False,False,transition,lateral,transition_allowed,,,segmentation
protected-attack-0015,attack,protected,curious,2,DISCOVER,hr_portal,source_repo,application,internal,False,False,True,False,False,action,none,hidden_resource,,,permissions
protected-attack-0015,attack,protected,curious,3,MOVE,hr_portal,source_repo,application,internal,True,True,True,False,False,transition,lateral,transition_allowed,,,segmentation
protected-attack-0015,attack,protected,curious,4,DISCOVER,source_repo,credential_vault,internal,admin,False,False,True,True,False,action,none,hidden_resource,4,,permissions
protected-attack-0015,attack,protected,curious,5,READ,source_repo,hr_portal,internal,application,True,True,False,True,False,action,none,credential_authorized,4,,permissions
protected-attack-0015,attack,protected,curious,6,MOVE,source_repo,finance_db,internal,database,True,True,True,True,True,transition,lateral,transition_allowed,4,6,segmentation
protected-attack-0016,attack,protected,compromised,1,MOVE,public_docs,finance_db,public,database,False,False,True,False,False,transition,lateral,blocked_by_segmentation:public->database,,,segmentation
protected-attack-0016,attack,protected,compromised,2,ACCESS_CREDENTIAL,public_docs,credential_vault,public,admin,False,False,True,False,False,action,none,least_privilege_block,,,permissions
protected-attack-0016,attack,protected,compromised,3,REQUEST_RESOURCE,public_docs,finance_db,public,database,True,True,False,True,False,action,none,request_allowed,3,,permissions
protected-attack-0016,attack,protected,compromised,4,READ,public_docs,source_repo,public,internal,False,False,True,True,False,action,none,least_privilege_block,3,,permissions
protected-attack-0016,attack,protected,compromised,5,READ,public_docs,customer_pii,public,sensitive,False,False,True,True,True,action,none,least_privilege_block,3,5,permissions
protected-attack-0017,attack,protected,curious,1,READ,public_docs,source_repo,public,internal,False,False,True,False,False,action,none,least_privilege_block,,,permissions
protected-attack-0017,attack,protected,curious,2,DISCOVER,public_docs,internal_api,public,internal,False,False,True,False,False,action,none,hidden_resource,,,permissions
protected-attack-0017,attack,protected,curious,3,ACCESS_CREDENTIAL,public_docs,credential_vault,public,admin,False,False,True,True,False,action,none,least_privilege_block,3,,permissions
protected-attack-0017,attack,protected,curious,4,MOVE,public_docs,hr_portal,public,application,True,True,False,True,False,transition,lateral,transition_allowed,3,,segmentation
protected-attack-0017,attack,protected,curious,5,MOVE,hr_portal,hr_portal,application,application,True,True,False,True,True,transition,none,transition_allowed,3,5,segmentation
protected-attack-0018,attack,protected,compromised,1,READ,public_docs,public_docs,public,public,True,True,False,False,False,action,none,credential_authorized,,,permissions
protected-attack-0018,attack,protected,compromised,2,MOVE,public_docs,credential_vault,public,admin,False,False,True,False,False,transition,lateral,blocked_by_segmentation:public->admin,,,segmentation
protected-attack-0018,attack,protected,compromised,3,READ,public_docs,finance_db,public,database,False,False,True,False,False,action,none,least_privilege_block,,,permissions
protected-attack-0018,attack,protected,compromised,4,READ,public_docs,source_repo,public,internal,False,False,True,True,False,action,none,least_privilege_block,4,,permissions
protected-attack-0018,attack,protected,compromised,5,MOVE,public_docs,source_repo,public,internal,False,False,True,True,False,transition,lateral,blocked_by_segmentation:public->internal,4,,segmentation
protected-attack-0018,attack,protected,compromised,6,READ,public_docs,admin_console,public,admin,False,False,True,True,True,action,none,least_privilege_block,4,6,permissions
protected-attack-0019,attack,protected,curious,1,DISCOVER,public_docs,finance_db,public,database,False,False,True,False,False,action,none,hidden_resource,,,permissions
protected-attack-0019,attack,protected,curious,2,DISCOVER,public_docs,customer_pii,public,sensitive,False,False,True,False,False,action,none,hidden_resource,,,permissions
protected-attack-0019,attack,protected,curious,3,READ,public_docs,customer_pii,public,sensitive,False,False,True,True,False,action,none,least_privilege_block,3,,permissions
protected-attack-0019,attack,protected,curious,4,DISCOVER,public_docs,employee_records,public,database,False,False,True,True,False,action,none,hidden_resource,3,,permissions
protected-attack-0019,attack,protected,curious,5,MOVE,public_docs,hr_portal,public,application,True,True,False,True,True,transition,lateral,transition_allowed,3,5,segmentation
protected-attack-0020,attack,protected,compromised,1,DISCOVER,public_docs,source_repo,public,internal,False,False,True,False,False,action,none,hidden_resource,,,permissions
protected-attack-0020,attack,protected,compromised,2,MOVE,public_docs,source_repo,public,internal,False,False,True,False,False,transition,lateral,blocked_by_segmentation:public->internal,,,segmentation
protected-attack-0020,attack,protected,compromised,3,ACCESS_CREDENTIAL,public_docs,credential_vault,public,admin,False,False,True,True,False,action,none,least_privilege_block,3,,permissions
protected-attack-0020,attack,protected,compromised,4,DISCOVER,public_docs,internal_api,public,internal,False,False,True,True,False,action,none,hidden_resource,3,,permissions
protected-attack-0020,attack,protected,compromised,5,ACCESS_CREDENTIAL,public_docs,credential_vault,public,admin,False,False,True,True,True,action,none,least_privilege_block,3,5,permissions
protected-attack-0021,attack,protected,curious,1,READ,public_docs,finance_db,public,database,False,False,True,False,False,action,none,least_privilege_block,,,permissions
protected-attack-0021,attack,protected,curious,2,DISCOVER,public_docs,customer_pii,public,sensitive,False,False,True,False,False,action,none,hidden_resource,,,permissions
protected-attack-0021,attack,protected,curious,3,DISCOVER,public_docs,finance_db,public,database,False,False,True,True,False,action,none,hidden_resource,3,,permissions
protected-attack-0021,attack,protected,curious,4,MOVE,public_docs,hr_portal,public,application,True,True,False,True,False,transition,lateral,transition_allowed,3,,segmentation
protected-attack-0021,attack,protected,curious,5,MOVE,hr_portal,source_repo,application,internal,True,True,True,True,True,transition,lateral,transition_allowed,3,5,segmentation
protected-attack-0022,attack,protected,compromised,1,READ,public_docs,admin_console,public,admin,False,False,True,False,False,action,none,least_privilege_block,,,permissions
protected-attack-0022,attack,protected,compromised,2,DISCOVER,public_docs,source_repo,public,internal,False,False,True,False,False,action,none,hidden_resource,,,permissions
protected-attack-0022,attack,protected,compromised,3,ACCESS_CREDENTIAL,public_docs,credential_vault,public,admin,False,False,True,True,False,action,none,least_privilege_block,3,,permissions
protected-attack-0022,attack,protected,compromised,4,READ,public_docs,credential_vault,public,admin,False,False,True,True,False,action,none,least_privilege_block,3,,permissions
protected-attack-0022,attack,protected,compromised,5,DISCOVER,public_docs,admin_console,public,admin,False,False,True,True,True,action,none,hidden_resource,3,5,permissions
protected-attack-0023,attack,protected,curious,1,MOVE,public_docs,hr_portal,public,application,True,True,False,False,False,transition,lateral,transition_allowed,,,segmentation
protected-attack-0023,attack,protected,curious,2,MOVE,hr_portal,hr_portal,application,application,True,True,False,False,False,transition,none,transition_allowed,,,segmentation
protected-attack-0023,attack,protected,curious,3,READ,hr_portal,hr_portal,application,application,True,True,False,False,False,action,none,credential_authorized,,,permissions
protected-attack-0023,attack,protected,curious,4,ACCESS_CREDENTIAL,hr_portal,credential_vault,application,admin,False,False,True,False,False,action,none,least_privilege_block,,,permissions
protected-attack-0023,attack,protected,curious,5,READ,hr_portal,admin_console,application,admin,False,False,True,False,False,action,none,least_privilege_block,,,permissions
protected-attack-0023,attack,protected,curious,6,READ,hr_portal,finance_db,application,database,False,False,True,True,False,action,none,least_privilege_block,6,,permissions
protected-attack-0023,attack,protected,curious,7,REQUEST_RESOURCE,hr_portal,hr_portal,application,application,True,True,False,True,False,action,none,request_allowed,6,,permissions
protected-attack-0023,attack,protected,curious,8,MOVE,hr_portal,hr_portal,application,application,True,True,False,True,True,transition,none,transition_allowed,6,8,segmentation
protected-attack-0024,attack,protected,compromised,1,ACCESS_CREDENTIAL,public_docs,credential_vault,public,admin,False,False,True,False,False,action,none,least_privilege_block,,,permissions
protected-attack-0024,attack,protected,compromised,2,DISCOVER,public_docs,customer_pii,public,sensitive,False,False,True,False,False,action,none,hidden_resource,,,permissions
protected-attack-0024,attack,protected,compromised,3,ACCESS_CREDENTIAL,public_docs,credential_vault,public,admin,False,False,True,True,False,action,none,least_privilege_block,3,,permissions
protected-attack-0024,attack,protected,compromised,4,MOVE,public_docs,customer_pii,public,sensitive,False,False,True,True,False,transition,lateral,blocked_by_segmentation:public->sensitive,3,,segmentation
protected-attack-0024,attack,protected,compromised,5,ACCESS_CREDENTIAL,public_docs,credential_vault,public,admin,False,False,True,True,True,action,none,least_privilege_block,3,5,permissions
protected-attack-0025,attack,protected,curious,1,MOVE,public_docs,hr_portal,public,application,True,True,False,False,False,transition,lateral,transition_allowed,,,segmentation
protected-attack-0025,attack,protected,curious,2,DISCOVER,hr_portal,source_repo,application,internal,False,False,True,False,False,action,none,hidden_resource,,,permissions
protected-attack-0025,attack,protected,curious,3,MOVE,hr_portal,source_repo,application,internal,True,True,True,False,False,transition,lateral,transition_allowed,,,segmentation
protected-attack-0025,attack,protected,curious,4,DISCOVER,source_repo,employee_records,internal,database,False,False,True,True,False,action,none,hidden_resource,4,,permissions
protected-attack-0025,attack,protected,curious,5,READ,source_repo,hr_portal,internal,application,True,True,False,True,False,action,none,credential_authorized,4,,permissions
protected-attack-0025,attack,protected,curious,6,MOVE,source_repo,source_repo,internal,internal,True,True,False,True,True,transition,none,transition_allowed,4,6,segmentation
protected-attack-0026,attack,protected,compromised,1,MOVE,public_docs,credential_vault,public,admin,False,False,True,False,False,transition,lateral,blocked_by_segmentation:public->admin,,,segmentation
protected-attack-0026,attack,protected,compromised,2,MOVE,public_docs,source_repo,public,internal,False,False,True,False,False,transition,lateral,blocked_by_segmentation:public->internal,,,segmentation
protected-attack-0026,attack,protected,compromised,3,DISCOVER,public_docs,ops_runbooks,public,internal,False,False,True,True,False,action,none,hidden_resource,3,,permissions
protected-attack-0026,attack,protected,compromised,4,ACCESS_CREDENTIAL,public_docs,credential_vault,public,admin,False,False,True,True,False,action,none,least_privilege_block,3,,permissions
protected-attack-0026,attack,protected,compromised,5,MOVE,public_docs,credential_vault,public,admin,False,False,True,True,True,transition,lateral,blocked_by_segmentation:public->admin,3,5,segmentation
protected-attack-0027,attack,protected,curious,1,LEGITIMATE_TASK,public_docs,source_repo,public,internal,False,False,True,False,False,action,none,least_privilege_block,,,permissions
protected-attack-0027,attack,protected,curious,2,REQUEST_RESOURCE,public_docs,public_docs,public,public,True,True,False,False,False,action,none,request_allowed,,,permissions
protected-attack-0027,attack,protected,curious,3,MOVE,public_docs,hr_portal,public,application,True,True,False,True,False,transition,lateral,transition_allowed,3,,segmentation
protected-attack-0027,attack,protected,curious,4,DISCOVER,hr_portal,orders_db,application,database,False,False,True,True,False,action,none,hidden_resource,3,,permissions
protected-attack-0027,attack,protected,curious,5,MOVE,hr_portal,source_repo,application,internal,True,True,True,True,True,transition,lateral,transition_allowed,3,5,segmentation
protected-attack-0028,attack,protected,compromised,1,MOVE,public_docs,admin_console,public,admin,False,False,True,False,False,transition,lateral,blocked_by_segmentation:public->admin,,,segmentation
protected-attack-0028,attack,protected,compromised,2,READ,public_docs,credential_vault,public,admin,False,False,True,False,False,action,none,least_privilege_block,,,permissions
protected-attack-0028,attack,protected,compromised,3,MOVE,public_docs,source_repo,public,internal,False,False,True,True,False,transition,lateral,blocked_by_segmentation:public->internal,3,,segmentation
protected-attack-0028,attack,protected,compromised,4,MOVE,public_docs,source_repo,public,internal,False,False,True,True,False,transition,lateral,blocked_by_segmentation:public->internal,3,,segmentation
protected-attack-0028,attack,protected,compromised,5,ACCESS_CREDENTIAL,public_docs,credential_vault,public,admin,False,False,True,True,True,action,none,least_privilege_block,3,5,permissions
protected-attack-0029,attack,protected,curious,1,DISCOVER,public_docs,internal_api,public,internal,False,False,True,False,False,action,none,hidden_resource,,,permissions
protected-attack-0029,attack,protected,curious,2,ACCESS_CREDENTIAL,public_docs,credential_vault,public,admin,False,False,True,False,False,action,none,least_privilege_block,,,permissions
protected-attack-0029,attack,protected,curious,3,MOVE,public_docs,hr_portal,public,application,True,True,False,True,False,transition,lateral,transition_allowed,3,,segmentation
protected-attack-0029,attack,protected,curious,4,READ,hr_portal,hr_portal,application,application,True,True,False,True,False,action,none,credential_authorized,3,,permissions
protected-attack-0029,attack,protected,curious,5,REQUEST_RESOURCE,hr_portal,source_repo,application,internal,False,False,True,True,True,action,none,request_denied,3,5,permissions
protected-attack-0030,attack,protected,compromised,1,MOVE,public_docs,source_repo,public,internal,False,False,True,False,False,transition,lateral,blocked_by_segmentation:public->internal,,,segmentation
protected-attack-0030,attack,protected,compromised,2,DISCOVER,public_docs,ops_runbooks,public,internal,False,False,True,False,False,action,none,hidden_resource,,,permissions
protected-attack-0030,attack,protected,compromised,3,ACCESS_CREDENTIAL,public_docs,credential_vault,public,admin,False,False,True,True,False,action,none,least_privilege_block,3,,permissions
protected-attack-0030,attack,protected,compromised,4,MOVE,public_docs,source_repo,public,internal,False,False,True,True,False,transition,lateral,blocked_by_segmentation:public->internal,3,,segmentation
protected-attack-0030,attack,protected,compromised,5,DISCOVER,public_docs,customer_pii,public,sensitive,False,False,True,True,True,action,none,hidden_resource,3,5,permissions
protected-attack-0031,attack,protected,curious,1,MOVE,public_docs,hr_portal,public,application,True,True,False,False,False,transition,lateral,transition_allowed,,,segmentation
protected-attack-0031,attack,protected,curious,2,ACCESS_CREDENTIAL,hr_portal,credential_vault,application,admin,False,False,True,False,False,action,none,least_privilege_block,,,permissions
protected-attack-0031,attack,protected,curious,3,MOVE,hr_portal,hr_portal,application,application,True,True,False,False,False,transition,none,transition_allowed,,,segmentation
protected-attack-0031,attack,protected,curious,4,REQUEST_RESOURCE,hr_portal,hr_portal,application,application,True,True,False,True,False,action,none,request_allowed,4,,permissions
protected-attack-0031,attack,protected,curious,5,MOVE,hr_portal,source_repo,application,internal,True,True,True,True,False,transition,lateral,transition_allowed,4,,segmentation
protected-attack-0031,attack,protected,curious,6,DISCOVER,source_repo,app_service,internal,application,True,True,False,True,True,action,none,new_resource_discovered,4,6,permissions
protected-attack-0032,attack,protected,compromised,1,DISCOVER,public_docs,source_repo,public,internal,False,False,True,False,False,action,none,hidden_resource,,,permissions
protected-attack-0032,attack,protected,compromised,2,DISCOVER,public_docs,orders_db,public,database,False,False,True,False,False,action,none,hidden_resource,,,permissions
protected-attack-0032,attack,protected,compromised,3,ACCESS_CREDENTIAL,public_docs,credential_vault,public,admin,False,False,True,True,False,action,none,least_privilege_block,3,,permissions
protected-attack-0032,attack,protected,compromised,4,EXECUTE,public_docs,admin_console,public,admin,False,False,True,True,False,action,none,least_privilege_block,3,,permissions
protected-attack-0032,attack,protected,compromised,5,DISCOVER,public_docs,internal_api,public,internal,False,False,True,True,True,action,none,hidden_resource,3,5,permissions
protected-attack-0033,attack,protected,curious,1,DISCOVER,public_docs,customer_pii,public,sensitive,False,False,True,False,False,action,none,hidden_resource,,,permissions
protected-attack-0033,attack,protected,curious,2,MOVE,public_docs,hr_portal,public,application,True,True,False,False,False,transition,lateral,transition_allowed,,,segmentation
protected-attack-0033,attack,protected,curious,3,MOVE,hr_portal,source_repo,application,internal,True,True,True,True,False,transition,lateral,transition_allowed,3,,segmentation
protected-attack-0033,attack,protected,curious,4,DISCOVER,source_repo,internal_api,internal,internal,False,False,True,True,False,action,none,hidden_resource,3,,permissions
protected-attack-0033,attack,protected,curious,5,DISCOVER,source_repo,ops_runbooks,internal,internal,False,False,True,True,True,action,none,hidden_resource,3,5,permissions
protected-attack-0034,attack,protected,compromised,1,DISCOVER,public_docs,finance_db,public,database,False,False,True,False,False,action,none,hidden_resource,,,permissions
protected-attack-0034,attack,protected,compromised,2,MOVE,public_docs,credential_vault,public,admin,False,False,True,False,False,transition,lateral,blocked_by_segmentation:public->admin,,,segmentation
protected-attack-0034,attack,protected,compromised,3,DISCOVER,public_docs,app_service,public,application,True,True,False,True,False,action,none,new_resource_discovered,3,,permissions
protected-attack-0034,attack,protected,compromised,4,READ,public_docs,credential_vault,public,admin,False,False,True,True,False,action,none,least_privilege_block,3,,permissions
protected-attack-0034,attack,protected,compromised,5,EXECUTE,public_docs,credential_vault,public,admin,False,False,True,True,True,action,none,least_privilege_block,3,5,permissions
protected-attack-0035,attack,protected,curious,1,ACCESS_CREDENTIAL,public_docs,credential_vault,public,admin,False,False,True,False,False,action,none,least_privilege_block,,,permissions
protected-attack-0035,attack,protected,curious,2,LEGITIMATE_TASK,public_docs,public_docs,public,public,True,True,False,False,False,action,none,completed:complete_hr_task,,,permissions
protected-attack-0035,attack,protected,curious,3,READ,public_docs,admin_console,public,admin,False,False,True,True,False,action,none,least_privilege_block,3,,permissions
protected-attack-0035,attack,protected,curious,4,READ,public_docs,public_docs,public,public,True,True,False,True,False,action,none,credential_authorized,3,,permissions
protected-attack-0035,attack,protected,curious,5,READ,public_docs,public_docs,public,public,True,True,False,True,True,action,none,credential_authorized,3,5,permissions
protected-attack-0036,attack,protected,compromised,1,DISCOVER,public_docs,internal_api,public,internal,False,False,True,False,False,action,none,hidden_resource,,,permissions
protected-attack-0036,attack,protected,compromised,2,ACCESS_CREDENTIAL,public_docs,credential_vault,public,admin,False,False,True,False,False,action,none,least_privilege_block,,,permissions
protected-attack-0036,attack,protected,compromised,3,DISCOVER,public_docs,ops_runbooks,public,internal,False,False,True,True,False,action,none,hidden_resource,3,,permissions
protected-attack-0036,attack,protected,compromised,4,ACCESS_CREDENTIAL,public_docs,credential_vault,public,admin,False,False,True,True,False,action,none,least_privilege_block,3,,permissions
protected-attack-0036,attack,protected,compromised,5,DISCOVER,public_docs,customer_pii,public,sensitive,False,False,True,True,True,action,none,hidden_resource,3,5,permissions
protected-attack-0037,attack,protected,curious,1,REQUEST_RESOURCE,public_docs,finance_db,public,database,True,True,False,False,False,action,none,request_allowed,,,permissions
protected-attack-0037,attack,protected,curious,2,MOVE,public_docs,hr_portal,public,application,True,True,False,False,False,transition,lateral,transition_allowed,,,segmentation
protected-attack-0037,attack,protected,curious,3,DISCOVER,hr_portal,internal_api,application,internal,False,False,True,False,False,action,none,hidden_resource,,,permissions
protected-attack-0037,attack,protected,curious,4,MOVE,hr_portal,source_repo,application,internal,True,True,True,False,False,transition,lateral,transition_allowed,,,segmentation
protected-attack-0037,attack,protected,curious,5,REQUEST_RESOURCE,source_repo,customer_pii,internal,sensitive,True,True,False,True,False,action,none,request_allowed,5,,permissions
protected-attack-0037,attack,protected,curious,6,LEGITIMATE_TASK,source_repo,finance_db,internal,database,False,False,True,True,False,action,none,least_privilege_block,5,,permissions
protected-attack-0037,attack,protected,curious,7,REQUEST_RESOURCE,source_repo,finance_db,internal,database,True,True,False,True,True,action,none,request_allowed,5,7,permissions
protected-attack-0038,attack,protected,compromised,1,ACCESS_CREDENTIAL,public_docs,credential_vault,public,admin,False,False,True,False,False,action,none,least_privilege_block,,,permissions
protected-attack-0038,attack,protected,compromised,2,MOVE,public_docs,source_repo,public,internal,False,False,True,False,False,transition,lateral,blocked_by_segmentation:public->internal,,,segmentation
protected-attack-0038,attack,protected,compromised,3,REQUEST_RESOURCE,public_docs,public_docs,public,public,True,True,False,True,False,action,none,request_allowed,3,,permissions
protected-attack-0038,attack,protected,compromised,4,ACCESS_CREDENTIAL,public_docs,credential_vault,public,admin,False,False,True,True,False,action,none,least_privilege_block,3,,permissions
protected-attack-0038,attack,protected,compromised,5,MOVE,public_docs,admin_console,public,admin,False,False,True,True,True,transition,lateral,blocked_by_segmentation:public->admin,3,5,segmentation
protected-attack-0039,attack,protected,curious,1,DISCOVER,public_docs,ops_runbooks,public,internal,False,False,True,False,False,action,none,hidden_resource,,,permissions
protected-attack-0039,attack,protected,curious,2,MOVE,public_docs,hr_portal,public,application,True,True,False,False,False,transition,lateral,transition_allowed,,,segmentation
protected-attack-0039,attack,protected,curious,3,DISCOVER,hr_portal,finance_db,application,database,False,False,True,True,False,action,none,hidden_resource,3,,permissions
protected-attack-0039,attack,protected,curious,4,DISCOVER,hr_portal,app_service,application,application,True,True,False,True,False,action,none,new_resource_discovered,3,,permissions
protected-attack-0039,attack,protected,curious,5,ACCESS_CREDENTIAL,hr_portal,credential_vault,application,admin,False,False,True,True,True,action,none,least_privilege_block,3,5,permissions
protected-attack-0040,attack,protected,compromised,1,DISCOVER,public_docs,employee_records,public,database,False,False,True,False,False,action,none,hidden_resource,,,permissions
protected-attack-0040,attack,protected,compromised,2,READ,public_docs,admin_console,public,admin,False,False,True,False,False,action,none,least_privilege_block,,,permissions
protected-attack-0040,attack,protected,compromised,3,ACCESS_CREDENTIAL,public_docs,credential_vault,public,admin,False,False,True,True,False,action,none,least_privilege_block,3,,permissions
protected-attack-0040,attack,protected,compromised,4,EXECUTE,public_docs,source_repo,public,internal,False,False,True,True,False,action,none,least_privilege_block,3,,permissions
protected-attack-0040,attack,protected,compromised,5,ACCESS_CREDENTIAL,public_docs,credential_vault,public,admin,False,False,True,True,True,action,none,least_privilege_block,3,5,permissions
protected-attack-0041,attack,protected,curious,1,DISCOVER,public_docs,credential_vault,public,admin,False,False,True,False,False,action,none,hidden_resource,,,permissions
protected-attack-0041,attack,protected,curious,2,DISCOVER,public_docs,source_repo,public,internal,False,False,True,False,False,action,none,hidden_resource,,,permissions
protected-attack-0041,attack,protected,curious,3,READ,public_docs,credential_vault,public,admin,False,False,True,True,False,action,none,least_privilege_block,3,,permissions
protected-attack-0041,attack,protected,curious,4,READ,public_docs,admin_console,public,admin,False,False,True,True,False,action,none,least_privilege_block,3,,permissions
protected-attack-0041,attack,protected,curious,5,MOVE,public_docs,hr_portal,public,application,True,True,False,True,True,transition,lateral,transition_allowed,3,5,segmentation
protected-attack-0042,attack,protected,compromised,1,DISCOVER,public_docs,source_repo,public,internal,False,False,True,False,False,action,none,hidden_resource,,,permissions
protected-attack-0042,attack,protected,compromised,2,ACCESS_CREDENTIAL,public_docs,credential_vault,public,admin,False,False,True,False,False,action,none,least_privilege_block,,,permissions
protected-attack-0042,attack,protected,compromised,3,EXECUTE,public_docs,customer_pii,public,sensitive,False,False,True,True,False,action,none,least_privilege_block,3,,permissions
protected-attack-0042,attack,protected,compromised,4,DISCOVER,public_docs,credential_vault,public,admin,False,False,True,True,False,action,none,hidden_resource,3,,permissions
protected-attack-0042,attack,protected,compromised,5,DISCOVER,public_docs,employee_records,public,database,False,False,True,True,True,action,none,hidden_resource,3,5,permissions
protected-attack-0043,attack,protected,curious,1,REQUEST_RESOURCE,public_docs,admin_console,public,admin,False,False,True,False,False,action,none,request_denied,,,permissions
protected-attack-0043,attack,protected,curious,2,MOVE,public_docs,hr_portal,public,application,True,True,False,False,False,transition,lateral,transition_allowed,,,segmentation
protected-attack-0043,attack,protected,curious,3,DISCOVER,hr_portal,app_service,application,application,True,True,False,True,False,action,none,new_resource_discovered,3,,permissions
protected-attack-0043,attack,protected,curious,4,READ,hr_portal,source_repo,application,internal,False,False,True,True,False,action,none,least_privilege_block,3,,permissions
protected-attack-0043,attack,protected,curious,5,READ,hr_portal,hr_portal,application,application,True,True,False,True,True,action,none,credential_authorized,3,5,permissions
protected-attack-0044,attack,protected,compromised,1,READ,public_docs,public_docs,public,public,True,True,False,False,False,action,none,credential_authorized,,,permissions
protected-attack-0044,attack,protected,compromised,2,DISCOVER,public_docs,orders_db,public,database,False,False,True,False,False,action,none,hidden_resource,,,permissions
protected-attack-0044,attack,protected,compromised,3,EXECUTE,public_docs,source_repo,public,internal,False,False,True,False,False,action,none,least_privilege_block,,,permissions
protected-attack-0044,attack,protected,compromised,4,REQUEST_RESOURCE,public_docs,finance_db,public,database,True,True,False,True,False,action,none,request_allowed,4,,permissions
protected-attack-0044,attack,protected,compromised,5,READ,public_docs,source_repo,public,internal,False,False,True,True,False,action,none,least_privilege_block,4,,permissions
protected-attack-0044,attack,protected,compromised,6,DISCOVER,public_docs,orders_db,public,database,False,False,True,True,True,action,none,hidden_resource,4,6,permissions
protected-attack-0045,attack,protected,curious,1,READ,public_docs,customer_pii,public,sensitive,False,False,True,False,False,action,none,least_privilege_block,,,permissions
protected-attack-0045,attack,protected,curious,2,DISCOVER,public_docs,credential_vault,public,admin,False,False,True,False,False,action,none,hidden_resource,,,permissions
protected-attack-0045,attack,protected,curious,3,MOVE,public_docs,hr_portal,public,application,True,True,False,True,False,transition,lateral,transition_allowed,3,,segmentation
protected-attack-0045,attack,protected,curious,4,LEGITIMATE_TASK,hr_portal,source_repo,application,internal,False,False,True,True,False,action,none,least_privilege_block,3,,permissions
protected-attack-0045,attack,protected,curious,5,DISCOVER,hr_portal,internal_api,application,internal,False,False,True,True,True,action,none,hidden_resource,3,5,permissions
protected-attack-0046,attack,protected,compromised,1,DISCOVER,public_docs,source_repo,public,internal,False,False,True,False,False,action,none,hidden_resource,,,permissions
protected-attack-0046,attack,protected,compromised,2,MOVE,public_docs,customer_pii,public,sensitive,False,False,True,False,False,transition,lateral,blocked_by_segmentation:public->sensitive,,,segmentation
protected-attack-0046,attack,protected,compromised,3,READ,public_docs,public_docs,public,public,True,True,False,True,False,action,none,credential_authorized,3,,permissions
protected-attack-0046,attack,protected,compromised,4,READ,public_docs,source_repo,public,internal,False,False,True,True,False,action,none,least_privilege_block,3,,permissions
protected-attack-0046,attack,protected,compromised,5,DISCOVER,public_docs,employee_records,public,database,False,False,True,True,True,action,none,hidden_resource,3,5,permissions
protected-attack-0047,attack,protected,curious,1,ACCESS_CREDENTIAL,public_docs,credential_vault,public,admin,False,False,True,False,False,action,none,least_privilege_block,,,permissions
protected-attack-0047,attack,protected,curious,2,DISCOVER,public_docs,hr_portal,public,application,True,True,False,False,False,action,none,new_resource_discovered,,,permissions
protected-attack-0047,attack,protected,curious,3,READ,public_docs,hr_portal,public,application,True,True,False,True,False,action,none,credential_authorized,3,,permissions
protected-attack-0047,attack,protected,curious,4,ACCESS_CREDENTIAL,public_docs,credential_vault,public,admin,False,False,True,True,False,action,none,least_privilege_block,3,,permissions
protected-attack-0047,attack,protected,curious,5,READ,public_docs,finance_db,public,database,False,False,True,True,True,action,none,least_privilege_block,3,5,permissions
protected-attack-0048,attack,protected,compromised,1,ACCESS_CREDENTIAL,public_docs,credential_vault,public,admin,False,False,True,False,False,action,none,least_privilege_block,,,permissions
protected-attack-0048,attack,protected,compromised,2,REQUEST_RESOURCE,public_docs,admin_console,public,admin,True,True,False,False,False,action,none,request_allowed,,,permissions
protected-attack-0048,attack,protected,compromised,3,ACCESS_CREDENTIAL,public_docs,credential_vault,public,admin,False,False,True,True,False,action,none,least_privilege_block,3,,permissions
protected-attack-0048,attack,protected,compromised,4,ACCESS_CREDENTIAL,public_docs,credential_vault,public,admin,False,False,True,True,False,action,none,least_privilege_block,3,,permissions
protected-attack-0048,attack,protected,compromised,5,ACCESS_CREDENTIAL,public_docs,credential_vault,public,admin,False,False,True,True,True,action,none,least_privilege_block,3,5,permissions
protected-attack-0049,attack,protected,curious,1,MOVE,public_docs,hr_portal,public,application,True,True,False,False,False,transition,lateral,transition_allowed,,,segmentation
protected-attack-0049,attack,protected,curious,2,LEGITIMATE_TASK,hr_portal,hr_portal,application,application,True,True,False,False,False,action,none,completed:complete_hr_task,,,permissions
protected-attack-0049,attack,protected,curious,3,READ,hr_portal,hr_portal,application,application,True,True,False,False,False,action,none,credential_authorized,,,permissions
protected-attack-0049,attack,protected,curious,4,MOVE,hr_portal,source_repo,application,internal,True,True,True,False,False,transition,lateral,transition_allowed,,,segmentation
protected-attack-0049,attack,protected,curious,5,DISCOVER,source_repo,orders_db,internal,database,False,False,True,False,False,action,none,hidden_resource,,,permissions
protected-attack-0049,attack,protected,curious,6,READ,source_repo,hr_portal,internal,application,True,True,False,True,False,action,none,credential_authorized,6,,permissions
protected-attack-0049,attack,protected,curious,7,DISCOVER,source_repo,app_service,internal,application,True,True,False,True,False,action,none,new_resource_discovered,6,,permissions
protected-attack-0049,attack,protected,curious,8,DISCOVER,source_repo,ops_runbooks,internal,internal,False,False,True,True,True,action,none,hidden_resource,6,8,permissions
protected-attack-0050,attack,protected,compromised,1,DISCOVER,public_docs,customer_pii,public,sensitive,False,False,True,False,False,action,none,hidden_resource,,,permissions
protected-attack-0050,attack,protected,compromised,2,DISCOVER,public_docs,ops_runbooks,public,internal,False,False,True,False,False,action,none,hidden_resource,,,permissions
protected-attack-0050,attack,protected,compromised,3,MOVE,public_docs,admin_console,public,admin,False,False,True,True,False,transition,lateral,blocked_by_segmentation:public->admin,3,,segmentation
protected-attack-0050,attack,protected,compromised,4,DISCOVER,public_docs,app_service,public,application,True,True,False,True,False,action,none,new_resource_discovered,3,,permissions
protected-attack-0050,attack,protected,compromised,5,READ,public_docs,credential_vault,public,admin,False,False,True,True,True,action,none,least_privilege_block,3,5,permissions
protected-attack-0051,attack,protected,curious,1,REQUEST_RESOURCE,public_docs,public_docs,public,public,True,True,False,False,False,action,none,request_allowed,,,permissions
protected-attack-0051,attack,protected,curious,2,READ,public_docs,public_docs,public,public,True,True,False,False,False,action,none,credential_authorized,,,permissions
protected-attack-0051,attack,protected,curious,3,READ,public_docs,public_docs,public,public,True,True,False,False,False,action,none,credential_authorized,,,permissions
protected-attack-0051,attack,protected,curious,4,READ,public_docs,customer_pii,public,sensitive,False,False,True,False,False,action,none,least_privilege_block,,,permissions
protected-attack-0051,attack,protected,curious,5,READ,public_docs,public_docs,public,public,True,True,False,False,False,action,none,credential_authorized,,,permissions
protected-attack-0051,attack,protected,curious,6,READ,public_docs,public_docs,public,public,True,True,False,True,False,action,none,credential_authorized,6,,permissions
protected-attack-0051,attack,protected,curious,7,DISCOVER,public_docs,admin_console,public,admin,False,False,True,True,False,action,none,hidden_resource,6,,permissions
protected-attack-0051,attack,protected,curious,8,MOVE,public_docs,hr_portal,public,application,True,True,False,True,True,transition,lateral,transition_allowed,6,8,segmentation
protected-attack-0052,attack,protected,compromised,1,ACCESS_CREDENTIAL,public_docs,credential_vault,public,admin,False,False,True,False,False,action,none,least_privilege_block,,,permissions
protected-attack-0052,attack,protected,compromised,2,REQUEST_RESOURCE,public_docs,public_docs,public,public,True,True,False,False,False,action,none,request_allowed,,,permissions
protected-attack-0052,attack,protected,compromised,3,DISCOVER,public_docs,credential_vault,public,admin,False,False,True,True,False,action,none,hidden_resource,3,,permissions
protected-attack-0052,attack,protected,compromised,4,REQUEST_RESOURCE,public_docs,public_docs,public,public,True,True,False,True,False,action,none,request_allowed,3,,permissions
protected-attack-0052,attack,protected,compromised,5,DISCOVER,public_docs,orders_db,public,database,False,False,True,True,True,action,none,hidden_resource,3,5,permissions
protected-attack-0053,attack,protected,curious,1,REQUEST_RESOURCE,public_docs,admin_console,public,admin,False,False,True,False,False,action,none,request_denied,,,permissions
protected-attack-0053,attack,protected,curious,2,DISCOVER,public_docs,customer_pii,public,sensitive,False,False,True,False,False,action,none,hidden_resource,,,permissions
protected-attack-0053,attack,protected,curious,3,REQUEST_RESOURCE,public_docs,credential_vault,public,admin,True,True,False,True,False,action,none,request_allowed,3,,permissions
protected-attack-0053,attack,protected,curious,4,DISCOVER,public_docs,internal_api,public,internal,False,False,True,True,False,action,none,hidden_resource,3,,permissions
protected-attack-0053,attack,protected,curious,5,DISCOVER,public_docs,hr_portal,public,application,True,True,False,True,True,action,none,new_resource_discovered,3,5,permissions
protected-attack-0054,attack,protected,compromised,1,READ,public_docs,source_repo,public,internal,False,False,True,False,False,action,none,least_privilege_block,,,permissions
protected-attack-0054,attack,protected,compromised,2,MOVE,public_docs,finance_db,public,database,False,False,True,False,False,transition,lateral,blocked_by_segmentation:public->database,,,segmentation
protected-attack-0054,attack,protected,compromised,3,READ,public_docs,admin_console,public,admin,False,False,True,True,False,action,none,least_privilege_block,3,,permissions
protected-attack-0054,attack,protected,compromised,4,DISCOVER,public_docs,orders_db,public,database,False,False,True,True,False,action,none,hidden_resource,3,,permissions
protected-attack-0054,attack,protected,compromised,5,MOVE,public_docs,customer_pii,public,sensitive,False,False,True,True,True,transition,lateral,blocked_by_segmentation:public->sensitive,3,5,segmentation
protected-attack-0055,attack,protected,curious,1,ACCESS_CREDENTIAL,public_docs,credential_vault,public,admin,False,False,True,False,False,action,none,least_privilege_block,,,permissions
protected-attack-0055,attack,protected,curious,2,ACCESS_CREDENTIAL,public_docs,credential_vault,public,admin,False,False,True,False,False,action,none,least_privilege_block,,,permissions
protected-attack-0055,attack,protected,curious,3,ACCESS_CREDENTIAL,public_docs,credential_vault,public,admin,False,False,True,True,False,action,none,least_privilege_block,3,,permissions
protected-attack-0055,attack,protected,curious,4,READ,public_docs,admin_console,public,admin,False,False,True,True,False,action,none,least_privilege_block,3,,permissions
protected-attack-0055,attack,protected,curious,5,ACCESS_CREDENTIAL,public_docs,credential_vault,public,admin,False,False,True,True,True,action,none,least_privilege_block,3,5,permissions
protected-attack-0056,attack,protected,compromised,1,MOVE,public_docs,source_repo,public,internal,False,False,True,False,False,transition,lateral,blocked_by_segmentation:public->internal,,,segmentation
protected-attack-0056,attack,protected,compromised,2,MOVE,public_docs,customer_pii,public,sensitive,False,False,True,False,False,transition,lateral,blocked_by_segmentation:public->sensitive,,,segmentation
protected-attack-0056,attack,protected,compromised,3,MOVE,public_docs,source_repo,public,internal,False,False,True,True,False,transition,lateral,blocked_by_segmentation:public->internal,3,,segmentation
protected-attack-0056,attack,protected,compromised,4,MOVE,public_docs,finance_db,public,database,False,False,True,True,False,transition,lateral,blocked_by_segmentation:public->database,3,,segmentation
protected-attack-0056,attack,protected,compromised,5,READ,public_docs,customer_pii,public,sensitive,False,False,True,True,True,action,none,least_privilege_block,3,5,permissions
protected-attack-0057,attack,protected,curious,1,LEGITIMATE_TASK,public_docs,customer_pii,public,sensitive,False,False,True,False,False,action,none,least_privilege_block,,,permissions
protected-attack-0057,attack,protected,curious,2,READ,public_docs,public_docs,public,public,True,True,False,False,False,action,none,credential_authorized,,,permissions
protected-attack-0057,attack,protected,curious,3,LEGITIMATE_TASK,public_docs,public_docs,public,public,True,True,False,True,False,action,none,completed:complete_hr_task,3,,permissions
protected-attack-0057,attack,protected,curious,4,DISCOVER,public_docs,customer_pii,public,sensitive,False,False,True,True,False,action,none,hidden_resource,3,,permissions
protected-attack-0057,attack,protected,curious,5,READ,public_docs,public_docs,public,public,True,True,False,True,True,action,none,credential_authorized,3,5,permissions
protected-attack-0058,attack,protected,compromised,1,MOVE,public_docs,customer_pii,public,sensitive,False,False,True,False,False,transition,lateral,blocked_by_segmentation:public->sensitive,,,segmentation
protected-attack-0058,attack,protected,compromised,2,MOVE,public_docs,source_repo,public,internal,False,False,True,False,False,transition,lateral,blocked_by_segmentation:public->internal,,,segmentation
protected-attack-0058,attack,protected,compromised,3,REQUEST_RESOURCE,public_docs,finance_db,public,database,True,True,False,True,False,action,none,request_allowed,3,,permissions
protected-attack-0058,attack,protected,compromised,4,DISCOVER,public_docs,customer_pii,public,sensitive,False,False,True,True,False,action,none,hidden_resource,3,,permissions
protected-attack-0058,attack,protected,compromised,5,MOVE,public_docs,source_repo,public,internal,False,False,True,True,True,transition,lateral,blocked_by_segmentation:public->internal,3,5,segmentation
protected-attack-0059,attack,protected,curious,1,MOVE,public_docs,hr_portal,public,application,True,True,False,False,False,transition,lateral,transition_allowed,,,segmentation
protected-attack-0059,attack,protected,curious,2,DISCOVER,hr_portal,credential_vault,application,admin,False,False,True,False,False,action,none,hidden_resource,,,permissions
protected-attack-0059,attack,protected,curious,3,DISCOVER,hr_portal,finance_db,application,database,False,False,True,False,False,action,none,hidden_resource,,,permissions
protected-attack-0059,attack,protected,curious,4,LEGITIMATE_TASK,hr_portal,finance_db,application,database,False,False,True,True,False,action,none,least_privilege_block,4,,permissions
protected-attack-0059,attack,protected,curious,5,DISCOVER,hr_portal,customer_pii,application,sensitive,False,False,True,True,False,action,none,hidden_resource,4,,permissions
protected-attack-0059,attack,protected,curious,6,REQUEST_RESOURCE,hr_portal,finance_db,application,database,True,True,False,True,True,action,none,request_allowed,4,6,permissions
protected-attack-0060,attack,protected,compromised,1,ACCESS_CREDENTIAL,public_docs,credential_vault,public,admin,False,False,True,False,False,action,none,least_privilege_block,,,permissions
protected-attack-0060,attack,protected,compromised,2,MOVE,public_docs,source_repo,public,internal,False,False,True,False,False,transition,lateral,blocked_by_segmentation:public->internal,,,segmentation
protected-attack-0060,attack,protected,compromised,3,MOVE,public_docs,credential_vault,public,admin,False,False,True,True,False,transition,lateral,blocked_by_segmentation:public->admin,3,,segmentation
protected-attack-0060,attack,protected,compromised,4,READ,public_docs,source_repo,public,internal,False,False,True,True,False,action,none,least_privilege_block,3,,permissions
protected-attack-0060,attack,protected,compromised,5,MOVE,public_docs,source_repo,public,internal,False,False,True,True,True,transition,lateral,blocked_by_segmentation:public->internal,3,5,segmentation
protected-attack-0061,attack,protected,curious,1,ACCESS_CREDENTIAL,public_docs,credential_vault,public,admin,False,False,True,False,False,action,none,least_privilege_block,,,permissions
protected-attack-0061,attack,protected,curious,2,MOVE,public_docs,hr_portal,public,application,True,True,False,False,False,transition,lateral,transition_allowed,,,segmentation
protected-attack-0061,attack,protected,curious,3,READ,hr_portal,hr_portal,application,application,True,True,False,True,False,action,none,credential_authorized,3,,permissions
protected-attack-0061,attack,protected,curious,4,READ,hr_portal,admin_console,application,admin,False,False,True,True,False,action,none,least_privilege_block,3,,permissions
protected-attack-0061,attack,protected,curious,5,REQUEST_RESOURCE,hr_portal,hr_portal,application,application,True,True,False,True,True,action,none,request_allowed,3,5,permissions
protected-attack-0062,attack,protected,compromised,1,MOVE,public_docs,admin_console,public,admin,False,False,True,False,False,transition,lateral,blocked_by_segmentation:public->admin,,,segmentation
protected-attack-0062,attack,protected,compromised,2,MOVE,public_docs,admin_console,public,admin,False,False,True,False,False,transition,lateral,blocked_by_segmentation:public->admin,,,segmentation
protected-attack-0062,attack,protected,compromised,3,MOVE,public_docs,customer_pii,public,sensitive,False,False,True,True,False,transition,lateral,blocked_by_segmentation:public->sensitive,3,,segmentation
protected-attack-0062,attack,protected,compromised,4,DISCOVER,public_docs,employee_records,public,database,False,False,True,True,False,action,none,hidden_resource,3,,permissions
protected-attack-0062,attack,protected,compromised,5,REQUEST_RESOURCE,public_docs,admin_console,public,admin,True,True,False,True,True,action,none,request_allowed,3,5,permissions
protected-attack-0063,attack,protected,curious,1,REQUEST_RESOURCE,public_docs,credential_vault,public,admin,True,True,False,False,False,action,none,request_allowed,,,permissions
protected-attack-0063,attack,protected,curious,2,DISCOVER,public_docs,orders_db,public,database,False,False,True,False,False,action,none,hidden_resource,,,permissions
protected-attack-0063,attack,protected,curious,3,REQUEST_RESOURCE,public_docs,credential_vault,public,admin,True,True,False,False,False,action,none,request_allowed,,,permissions
protected-attack-0063,attack,protected,curious,4,READ,public_docs,credential_vault,public,admin,False,False,True,True,False,action,none,least_privilege_block,4,,permissions
protected-attack-0063,attack,protected,curious,5,MOVE,public_docs,hr_portal,public,application,True,True,False,True,False,transition,lateral,transition_allowed,4,,segmentation
protected-attack-0063,attack,protected,curious,6,READ,hr_portal,source_repo,application,internal,False,False,True,True,True,action,none,least_privilege_block,4,6,permissions
protected-attack-0064,attack,protected,compromised,1,REQUEST_RESOURCE,public_docs,source_repo,public,internal,True,True,False,False,False,action,none,request_allowed,,,permissions
protected-attack-0064,attack,protected,compromised,2,DISCOVER,public_docs,app_service,public,application,True,True,False,False,False,action,none,new_resource_discovered,,,permissions
protected-attack-0064,attack,protected,compromised,3,READ,public_docs,credential_vault,public,admin,False,False,True,False,False,action,none,least_privilege_block,,,permissions
protected-attack-0064,attack,protected,compromised,4,MOVE,public_docs,admin_console,public,admin,False,False,True,False,False,transition,lateral,blocked_by_segmentation:public->admin,,,segmentation
protected-attack-0064,attack,protected,compromised,5,MOVE,public_docs,source_repo,public,internal,False,False,True,True,False,transition,lateral,blocked_by_segmentation:public->internal,5,,segmentation
protected-attack-0064,attack,protected,compromised,6,MOVE,public_docs,admin_console,public,admin,False,False,True,True,False,transition,lateral,blocked_by_segmentation:public->admin,5,,segmentation
protected-attack-0064,attack,protected,compromised,7,ACCESS_CREDENTIAL,public_docs,credential_vault,public,admin,False,False,True,True,True,action,none,least_privilege_block,5,7,permissions
protected-attack-0065,attack,protected,curious,1,DISCOVER,public_docs,internal_api,public,internal,False,False,True,False,False,action,none,hidden_resource,,,permissions
protected-attack-0065,attack,protected,curious,2,ACCESS_CREDENTIAL,public_docs,credential_vault,public,admin,False,False,True,False,False,action,none,least_privilege_block,,,permissions
protected-attack-0065,attack,protected,curious,3,DISCOVER,public_docs,customer_pii,public,sensitive,False,False,True,True,False,action,none,hidden_resource,3,,permissions
protected-attack-0065,attack,protected,curious,4,MOVE,public_docs,hr_portal,public,application,True,True,False,True,False,transition,lateral,transition_allowed,3,,segmentation
protected-attack-0065,attack,protected,curious,5,LEGITIMATE_TASK,hr_portal,hr_portal,application,application,True,True,False,True,True,action,none,completed:complete_hr_task,3,5,permissions
protected-attack-0066,attack,protected,compromised,1,ACCESS_CREDENTIAL,public_docs,credential_vault,public,admin,False,False,True,False,False,action,none,least_privilege_block,,,permissions
protected-attack-0066,attack,protected,compromised,2,DISCOVER,public_docs,source_repo,public,internal,False,False,True,False,False,action,none,hidden_resource,,,permissions
protected-attack-0066,attack,protected,compromised,3,ACCESS_CREDENTIAL,public_docs,credential_vault,public,admin,False,False,True,True,False,action,none,least_privilege_block,3,,permissions
protected-attack-0066,attack,protected,compromised,4,DISCOVER,public_docs,finance_db,public,database,False,False,True,True,False,action,none,hidden_resource,3,,permissions
protected-attack-0066,attack,protected,compromised,5,READ,public_docs,credential_vault,public,admin,False,False,True,True,True,action,none,least_privilege_block,3,5,permissions
protected-attack-0067,attack,protected,curious,1,MOVE,public_docs,hr_portal,public,application,True,True,False,False,False,transition,lateral,transition_allowed,,,segmentation
protected-attack-0067,attack,protected,curious,2,MOVE,hr_portal,source_repo,application,internal,True,True,True,False,False,transition,lateral,transition_allowed,,,segmentation
protected-attack-0067,attack,protected,curious,3,READ,source_repo,hr_portal,internal,application,True,True,False,False,False,action,none,credential_authorized,,,permissions
protected-attack-0067,attack,protected,curious,4,READ,source_repo,hr_portal,internal,application,True,True,False,True,False,action,none,credential_authorized,4,,permissions
protected-attack-0067,attack,protected,curious,5,READ,source_repo,hr_portal,internal,application,True,True,False,True,False,action,none,credential_authorized,4,,permissions
protected-attack-0067,attack,protected,curious,6,DISCOVER,source_repo,orders_db,internal,database,False,False,True,True,True,action,none,hidden_resource,4,6,permissions
protected-attack-0068,attack,protected,compromised,1,DISCOVER,public_docs,finance_db,public,database,False,False,True,False,False,action,none,hidden_resource,,,permissions
protected-attack-0068,attack,protected,compromised,2,READ,public_docs,admin_console,public,admin,False,False,True,False,False,action,none,least_privilege_block,,,permissions
protected-attack-0068,attack,protected,compromised,3,EXECUTE,public_docs,admin_console,public,admin,False,False,True,True,False,action,none,least_privilege_block,3,,permissions
protected-attack-0068,attack,protected,compromised,4,DISCOVER,public_docs,customer_pii,public,sensitive,False,False,True,True,False,action,none,hidden_resource,3,,permissions
protected-attack-0068,attack,protected,compromised,5,ACCESS_CREDENTIAL,public_docs,credential_vault,public,admin,False,False,True,True,True,action,none,least_privilege_block,3,5,permissions
protected-attack-0069,attack,protected,curious,1,READ,public_docs,public_docs,public,public,True,True,False,False,False,action,none,credential_authorized,,,permissions
protected-attack-0069,attack,protected,curious,2,ACCESS_CREDENTIAL,public_docs,credential_vault,public,admin,False,False,True,False,False,action,none,least_privilege_block,,,permissions
protected-attack-0069,attack,protected,curious,3,MOVE,public_docs,hr_portal,public,application,True,True,False,False,False,transition,lateral,transition_allowed,,,segmentation
protected-attack-0069,attack,protected,curious,4,READ,hr_portal,hr_portal,application,application,True,True,False,True,False,action,none,credential_authorized,4,,permissions
protected-attack-0069,attack,protected,curious,5,MOVE,hr_portal,source_repo,application,internal,True,True,True,True,False,transition,lateral,transition_allowed,4,,segmentation
protected-attack-0069,attack,protected,curious,6,DISCOVER,source_repo,employee_records,internal,database,False,False,True,True,True,action,none,hidden_resource,4,6,permissions
protected-attack-0070,attack,protected,compromised,1,MOVE,public_docs,source_repo,public,internal,False,False,True,False,False,transition,lateral,blocked_by_segmentation:public->internal,,,segmentation
protected-attack-0070,attack,protected,compromised,2,DISCOVER,public_docs,finance_db,public,database,False,False,True,False,False,action,none,hidden_resource,,,permissions
protected-attack-0070,attack,protected,compromised,3,DISCOVER,public_docs,hr_portal,public,application,True,True,False,True,False,action,none,new_resource_discovered,3,,permissions
protected-attack-0070,attack,protected,compromised,4,READ,public_docs,public_docs,public,public,True,True,False,True,False,action,none,credential_authorized,3,,permissions
protected-attack-0070,attack,protected,compromised,5,DISCOVER,public_docs,employee_records,public,database,False,False,True,True,True,action,none,hidden_resource,3,5,permissions
protected-attack-0071,attack,protected,curious,1,DISCOVER,public_docs,customer_pii,public,sensitive,False,False,True,False,False,action,none,hidden_resource,,,permissions
protected-attack-0071,attack,protected,curious,2,DISCOVER,public_docs,employee_records,public,database,False,False,True,False,False,action,none,hidden_resource,,,permissions
protected-attack-0071,attack,protected,curious,3,MOVE,public_docs,hr_portal,public,application,True,True,False,True,False,transition,lateral,transition_allowed,3,,segmentation
protected-attack-0071,attack,protected,curious,4,MOVE,hr_portal,source_repo,application,internal,True,True,True,True,False,transition,lateral,transition_allowed,3,,segmentation
protected-attack-0071,attack,protected,curious,5,MOVE,source_repo,source_repo,internal,internal,True,True,False,True,True,transition,none,transition_allowed,3,5,segmentation
protected-attack-0072,attack,protected,compromised,1,READ,public_docs,public_docs,public,public,True,True,False,False,False,action,none,credential_authorized,,,permissions
protected-attack-0072,attack,protected,compromised,2,MOVE,public_docs,admin_console,public,admin,False,False,True,False,False,transition,lateral,blocked_by_segmentation:public->admin,,,segmentation
protected-attack-0072,attack,protected,compromised,3,MOVE,public_docs,customer_pii,public,sensitive,False,False,True,False,False,transition,lateral,blocked_by_segmentation:public->sensitive,,,segmentation
protected-attack-0072,attack,protected,compromised,4,ACCESS_CREDENTIAL,public_docs,credential_vault,public,admin,False,False,True,True,False,action,none,least_privilege_block,4,,permissions
protected-attack-0072,attack,protected,compromised,5,ACCESS_CREDENTIAL,public_docs,credential_vault,public,admin,False,False,True,True,False,action,none,least_privilege_block,4,,permissions
protected-attack-0072,attack,protected,compromised,6,DISCOVER,public_docs,admin_console,public,admin,False,False,True,True,True,action,none,hidden_resource,4,6,permissions
protected-attack-0073,attack,protected,curious,1,REQUEST_RESOURCE,public_docs,customer_pii,public,sensitive,True,True,False,False,False,action,none,request_allowed,,,permissions
protected-attack-0073,attack,protected,curious,2,MOVE,public_docs,hr_portal,public,application,True,True,False,False,False,transition,lateral,transition_allowed,,,segmentation
protected-attack-0073,attack,protected,curious,3,MOVE,hr_portal,hr_portal,application,application,True,True,False,False,False,transition,none,transition_allowed,,,segmentation
protected-attack-0073,attack,protected,curious,4,DISCOVER,hr_portal,source_repo,application,internal,False,False,True,False,False,action,none,hidden_resource,,,permissions
protected-attack-0073,attack,protected,curious,5,MOVE,hr_portal,hr_portal,application,application,True,True,False,False,False,transition,none,transition_allowed,,,segmentation
protected-attack-0073,attack,protected,curious,6,READ,hr_portal,admin_console,application,admin,False,False,True,True,False,action,none,least_privilege_block,6,,permissions
protected-attack-0073,attack,protected,curious,7,DISCOVER,hr_portal,source_repo,application,internal,False,False,True,True,False,action,none,hidden_resource,6,,permissions
protected-attack-0073,attack,protected,curious,8,DISCOVER,hr_portal,source_repo,application,internal,False,False,True,True,True,action,none,hidden_resource,6,8,permissions
protected-attack-0074,attack,protected,compromised,1,EXECUTE,public_docs,source_repo,public,internal,False,False,True,False,False,action,none,least_privilege_block,,,permissions
protected-attack-0074,attack,protected,compromised,2,MOVE,public_docs,customer_pii,public,sensitive,False,False,True,False,False,transition,lateral,blocked_by_segmentation:public->sensitive,,,segmentation
protected-attack-0074,attack,protected,compromised,3,ACCESS_CREDENTIAL,public_docs,credential_vault,public,admin,False,False,True,True,False,action,none,least_privilege_block,3,,permissions
protected-attack-0074,attack,protected,compromised,4,REQUEST_RESOURCE,public_docs,public_docs,public,public,True,True,False,True,False,action,none,request_allowed,3,,permissions
protected-attack-0074,attack,protected,compromised,5,READ,public_docs,admin_console,public,admin,False,False,True,True,True,action,none,least_privilege_block,3,5,permissions
protected-attack-0075,attack,protected,curious,1,MOVE,public_docs,hr_portal,public,application,True,True,False,False,False,transition,lateral,transition_allowed,,,segmentation
protected-attack-0075,attack,protected,curious,2,READ,hr_portal,hr_portal,application,application,True,True,False,False,False,action,none,credential_authorized,,,permissions
protected-attack-0075,attack,protected,curious,3,MOVE,hr_portal,source_repo,application,internal,True,True,True,False,False,transition,lateral,transition_allowed,,,segmentation
protected-attack-0075,attack,protected,curious,4,LEGITIMATE_TASK,source_repo,hr_portal,internal,application,True,True,False,False,False,action,none,completed:complete_hr_task,,,permissions
protected-attack-0075,attack,protected,curious,5,LEGITIMATE_TASK,source_repo,source_repo,internal,internal,False,False,True,True,False,action,none,least_privilege_block,5,,permissions
protected-attack-0075,attack,protected,curious,6,ACCESS_CREDENTIAL,source_repo,credential_vault,internal,admin,False,False,True,True,False,action,none,least_privilege_block,5,,permissions
protected-attack-0075,attack,protected,curious,7,DISCOVER,source_repo,customer_pii,internal,sensitive,False,False,True,True,True,action,none,hidden_resource,5,7,permissions
protected-attack-0076,attack,protected,compromised,1,ACCESS_CREDENTIAL,public_docs,credential_vault,public,admin,False,False,True,False,False,action,none,least_privilege_block,,,permissions
protected-attack-0076,attack,protected,compromised,2,READ,public_docs,credential_vault,public,admin,False,False,True,False,False,action,none,least_privilege_block,,,permissions
protected-attack-0076,attack,protected,compromised,3,DISCOVER,public_docs,app_service,public,application,True,True,False,True,False,action,none,new_resource_discovered,3,,permissions
protected-attack-0076,attack,protected,compromised,4,DISCOVER,public_docs,employee_records,public,database,False,False,True,True,False,action,none,hidden_resource,3,,permissions
protected-attack-0076,attack,protected,compromised,5,MOVE,public_docs,credential_vault,public,admin,False,False,True,True,True,transition,lateral,blocked_by_segmentation:public->admin,3,5,segmentation
protected-attack-0077,attack,protected,curious,1,DISCOVER,public_docs,internal_api,public,internal,False,False,True,False,False,action,none,hidden_resource,,,permissions
protected-attack-0077,attack,protected,curious,2,DISCOVER,public_docs,source_repo,public,internal,False,False,True,False,False,action,none,hidden_resource,,,permissions
protected-attack-0077,attack,protected,curious,3,LEGITIMATE_TASK,public_docs,public_docs,public,public,True,True,False,True,False,action,none,completed:complete_hr_task,3,,permissions
protected-attack-0077,attack,protected,curious,4,REQUEST_RESOURCE,public_docs,public_docs,public,public,True,True,False,True,False,action,none,request_allowed,3,,permissions
protected-attack-0077,attack,protected,curious,5,ACCESS_CREDENTIAL,public_docs,credential_vault,public,admin,False,False,True,True,True,action,none,least_privilege_block,3,5,permissions
protected-attack-0078,attack,protected,compromised,1,EXECUTE,public_docs,public_docs,public,public,True,True,False,False,False,action,none,credential_authorized,,,permissions
protected-attack-0078,attack,protected,compromised,2,DISCOVER,public_docs,customer_pii,public,sensitive,False,False,True,False,False,action,none,hidden_resource,,,permissions
protected-attack-0078,attack,protected,compromised,3,READ,public_docs,credential_vault,public,admin,False,False,True,False,False,action,none,least_privilege_block,,,permissions
protected-attack-0078,attack,protected,compromised,4,DISCOVER,public_docs,orders_db,public,database,False,False,True,True,False,action,none,hidden_resource,4,,permissions
protected-attack-0078,attack,protected,compromised,5,DISCOVER,public_docs,ops_runbooks,public,internal,False,False,True,True,False,action,none,hidden_resource,4,,permissions
protected-attack-0078,attack,protected,compromised,6,MOVE,public_docs,finance_db,public,database,False,False,True,True,True,transition,lateral,blocked_by_segmentation:public->database,4,6,segmentation
protected-attack-0079,attack,protected,curious,1,DISCOVER,public_docs,ops_runbooks,public,internal,False,False,True,False,False,action,none,hidden_resource,,,permissions
protected-attack-0079,attack,protected,curious,2,READ,public_docs,finance_db,public,database,False,False,True,False,False,action,none,least_privilege_block,,,permissions
protected-attack-0079,attack,protected,curious,3,MOVE,public_docs,hr_portal,public,application,True,True,False,True,False,transition,lateral,transition_allowed,3,,segmentation
protected-attack-0079,attack,protected,curious,4,READ,hr_portal,hr_portal,application,application,True,True,False,True,False,action,none,credential_authorized,3,,permissions
protected-attack-0079,attack,protected,curious,5,LEGITIMATE_TASK,hr_portal,admin_console,application,admin,False,False,True,True,True,action,none,least_privilege_block,3,5,permissions
protected-attack-0080,attack,protected,compromised,1,MOVE,public_docs,finance_db,public,database,False,False,True,False,False,transition,lateral,blocked_by_segmentation:public->database,,,segmentation
protected-attack-0080,attack,protected,compromised,2,MOVE,public_docs,finance_db,public,database,False,False,True,False,False,transition,lateral,blocked_by_segmentation:public->database,,,segmentation
protected-attack-0080,attack,protected,compromised,3,REQUEST_RESOURCE,public_docs,customer_pii,public,sensitive,True,True,False,True,False,action,none,request_allowed,3,,permissions
protected-attack-0080,attack,protected,compromised,4,ACCESS_CREDENTIAL,public_docs,credential_vault,public,admin,False,False,True,True,False,action,none,least_privilege_block,3,,permissions
protected-attack-0080,attack,protected,compromised,5,EXECUTE,public_docs,admin_console,public,admin,False,False,True,True,True,action,none,least_privilege_block,3,5,permissions
protected-attack-0081,attack,protected,curious,1,READ,public_docs,public_docs,public,public,True,True,False,False,False,action,none,credential_authorized,,,permissions
protected-attack-0081,attack,protected,curious,2,ACCESS_CREDENTIAL,public_docs,credential_vault,public,admin,False,False,True,False,False,action,none,least_privilege_block,,,permissions
protected-attack-0081,attack,protected,curious,3,LEGITIMATE_TASK,public_docs,credential_vault,public,admin,False,False,True,False,False,action,none,least_privilege_block,,,permissions
protected-attack-0081,attack,protected,curious,4,MOVE,public_docs,hr_portal,public,application,True,True,False,True,False,transition,lateral,transition_allowed,4,,segmentation
protected-attack-0081,attack,protected,curious,5,READ,hr_portal,finance_db,application,database,False,False,True,True,False,action,none,least_privilege_block,4,,permissions
protected-attack-0081,attack,protected,curious,6,MOVE,hr_portal,source_repo,application,internal,True,True,True,True,True,transition,lateral,transition_allowed,4,6,segmentation
protected-attack-0082,attack,protected,compromised,1,ACCESS_CREDENTIAL,public_docs,credential_vault,public,admin,False,False,True,False,False,action,none,least_privilege_block,,,permissions
protected-attack-0082,attack,protected,compromised,2,ACCESS_CREDENTIAL,public_docs,credential_vault,public,admin,False,False,True,False,False,action,none,least_privilege_block,,,permissions
protected-attack-0082,attack,protected,compromised,3,MOVE,public_docs,finance_db,public,database,False,False,True,True,False,transition,lateral,blocked_by_segmentation:public->database,3,,segmentation
protected-attack-0082,attack,protected,compromised,4,ACCESS_CREDENTIAL,public_docs,credential_vault,public,admin,False,False,True,True,False,action,none,least_privilege_block,3,,permissions
protected-attack-0082,attack,protected,compromised,5,DISCOVER,public_docs,internal_api,public,internal,False,False,True,True,True,action,none,hidden_resource,3,5,permissions
protected-attack-0083,attack,protected,curious,1,READ,public_docs,credential_vault,public,admin,False,False,True,False,False,action,none,least_privilege_block,,,permissions
protected-attack-0083,attack,protected,curious,2,DISCOVER,public_docs,finance_db,public,database,False,False,True,False,False,action,none,hidden_resource,,,permissions
protected-attack-0083,attack,protected,curious,3,READ,public_docs,finance_db,public,database,False,False,True,True,False,action,none,least_privilege_block,3,,permissions
protected-attack-0083,attack,protected,curious,4,ACCESS_CREDENTIAL,public_docs,credential_vault,public,admin,False,False,True,True,False,action,none,least_privilege_block,3,,permissions
protected-attack-0083,attack,protected,curious,5,DISCOVER,public_docs,hr_portal,public,application,True,True,False,True,True,action,none,new_resource_discovered,3,5,permissions
protected-attack-0084,attack,protected,compromised,1,DISCOVER,public_docs,customer_pii,public,sensitive,False,False,True,False,False,action,none,hidden_resource,,,permissions
protected-attack-0084,attack,protected,compromised,2,ACCESS_CREDENTIAL,public_docs,credential_vault,public,admin,False,False,True,False,False,action,none,least_privilege_block,,,permissions
protected-attack-0084,attack,protected,compromised,3,ACCESS_CREDENTIAL,public_docs,credential_vault,public,admin,False,False,True,True,False,action,none,least_privilege_block,3,,permissions
protected-attack-0084,attack,protected,compromised,4,DISCOVER,public_docs,orders_db,public,database,False,False,True,True,False,action,none,hidden_resource,3,,permissions
protected-attack-0084,attack,protected,compromised,5,MOVE,public_docs,source_repo,public,internal,False,False,True,True,True,transition,lateral,blocked_by_segmentation:public->internal,3,5,segmentation
protected-attack-0085,attack,protected,curious,1,DISCOVER,public_docs,source_repo,public,internal,False,False,True,False,False,action,none,hidden_resource,,,permissions
protected-attack-0085,attack,protected,curious,2,MOVE,public_docs,hr_portal,public,application,True,True,False,False,False,transition,lateral,transition_allowed,,,segmentation
protected-attack-0085,attack,protected,curious,3,MOVE,hr_portal,source_repo,application,internal,True,True,True,True,False,transition,lateral,transition_allowed,3,,segmentation
protected-attack-0085,attack,protected,curious,4,DISCOVER,source_repo,finance_db,internal,database,False,False,True,True,False,action,none,hidden_resource,3,,permissions
protected-attack-0085,attack,protected,curious,5,MOVE,source_repo,source_repo,internal,internal,True,True,False,True,True,transition,none,transition_allowed,3,5,segmentation
protected-attack-0086,attack,protected,compromised,1,DISCOVER,public_docs,customer_pii,public,sensitive,False,False,True,False,False,action,none,hidden_resource,,,permissions
protected-attack-0086,attack,protected,compromised,2,DISCOVER,public_docs,employee_records,public,database,False,False,True,False,False,action,none,hidden_resource,,,permissions
protected-attack-0086,attack,protected,compromised,3,DISCOVER,public_docs,credential_vault,public,admin,False,False,True,True,False,action,none,hidden_resource,3,,permissions
protected-attack-0086,attack,protected,compromised,4,DISCOVER,public_docs,customer_pii,public,sensitive,False,False,True,True,False,action,none,hidden_resource,3,,permissions
protected-attack-0086,attack,protected,compromised,5,READ,public_docs,public_docs,public,public,True,True,False,True,True,action,none,credential_authorized,3,5,permissions
protected-attack-0087,attack,protected,curious,1,DISCOVER,public_docs,hr_portal,public,application,True,True,False,False,False,action,none,new_resource_discovered,,,permissions
protected-attack-0087,attack,protected,curious,2,ACCESS_CREDENTIAL,public_docs,credential_vault,public,admin,False,False,True,False,False,action,none,least_privilege_block,,,permissions
protected-attack-0087,attack,protected,curious,3,DISCOVER,public_docs,finance_db,public,database,False,False,True,False,False,action,none,hidden_resource,,,permissions
protected-attack-0087,attack,protected,curious,4,DISCOVER,public_docs,ops_runbooks,public,internal,False,False,True,True,False,action,none,hidden_resource,4,,permissions
protected-attack-0087,attack,protected,curious,5,DISCOVER,public_docs,admin_console,public,admin,False,False,True,True,False,action,none,hidden_resource,4,,permissions
protected-attack-0087,attack,protected,curious,6,DISCOVER,public_docs,admin_console,public,admin,False,False,True,True,True,action,none,hidden_resource,4,6,permissions
protected-attack-0088,attack,protected,compromised,1,DISCOVER,public_docs,hr_portal,public,application,True,True,False,False,False,action,none,new_resource_discovered,,,permissions
protected-attack-0088,attack,protected,compromised,2,MOVE,public_docs,customer_pii,public,sensitive,False,False,True,False,False,transition,lateral,blocked_by_segmentation:public->sensitive,,,segmentation
protected-attack-0088,attack,protected,compromised,3,MOVE,public_docs,credential_vault,public,admin,False,False,True,False,False,transition,lateral,blocked_by_segmentation:public->admin,,,segmentation
protected-attack-0088,attack,protected,compromised,4,READ,public_docs,source_repo,public,internal,False,False,True,True,False,action,none,least_privilege_block,4,,permissions
protected-attack-0088,attack,protected,compromised,5,ACCESS_CREDENTIAL,public_docs,credential_vault,public,admin,False,False,True,True,False,action,none,least_privilege_block,4,,permissions
protected-attack-0088,attack,protected,compromised,6,DISCOVER,public_docs,internal_api,public,internal,False,False,True,True,True,action,none,hidden_resource,4,6,permissions
protected-attack-0089,attack,protected,curious,1,DISCOVER,public_docs,source_repo,public,internal,False,False,True,False,False,action,none,hidden_resource,,,permissions
protected-attack-0089,attack,protected,curious,2,LEGITIMATE_TASK,public_docs,public_docs,public,public,True,True,False,False,False,action,none,completed:complete_hr_task,,,permissions
protected-attack-0089,attack,protected,curious,3,MOVE,public_docs,hr_portal,public,application,True,True,False,True,False,transition,lateral,transition_allowed,3,,segmentation
protected-attack-0089,attack,protected,curious,4,LEGITIMATE_TASK,hr_portal,finance_db,application,database,False,False,True,True,False,action,none,least_privilege_block,3,,permissions
protected-attack-0089,attack,protected,curious,5,LEGITIMATE_TASK,hr_portal,hr_portal,application,application,True,True,False,True,True,action,none,completed:complete_hr_task,3,5,permissions
protected-attack-0090,attack,protected,compromised,1,MOVE,public_docs,source_repo,public,internal,False,False,True,False,False,transition,lateral,blocked_by_segmentation:public->internal,,,segmentation
protected-attack-0090,attack,protected,compromised,2,DISCOVER,public_docs,app_service,public,application,True,True,False,False,False,action,none,new_resource_discovered,,,permissions
protected-attack-0090,attack,protected,compromised,3,MOVE,public_docs,credential_vault,public,admin,False,False,True,True,False,transition,lateral,blocked_by_segmentation:public->admin,3,,segmentation
protected-attack-0090,attack,protected,compromised,4,READ,public_docs,app_service,public,application,False,False,True,True,False,action,none,least_privilege_block,3,,permissions
protected-attack-0090,attack,protected,compromised,5,DISCOVER,public_docs,employee_records,public,database,False,False,True,True,True,action,none,hidden_resource,3,5,permissions
protected-attack-0091,attack,protected,curious,1,MOVE,public_docs,hr_portal,public,application,True,True,False,False,False,transition,lateral,transition_allowed,,,segmentation
protected-attack-0091,attack,protected,curious,2,LEGITIMATE_TASK,hr_portal,hr_portal,application,application,True,True,False,False,False,action,none,completed:complete_hr_task,,,permissions
protected-attack-0091,attack,protected,curious,3,MOVE,hr_portal,source_repo,application,internal,True,True,True,False,False,transition,lateral,transition_allowed,,,segmentation
protected-attack-0091,attack,protected,curious,4,READ,source_repo,credential_vault,internal,admin,False,False,True,False,False,action,none,least_privilege_block,,,permissions
protected-attack-0091,attack,protected,curious,5,READ,source_repo,hr_portal,internal,application,True,True,False,True,False,action,none,credential_authorized,5,,permissions
protected-attack-0091,attack,protected,curious,6,MOVE,source_repo,finance_db,internal,database,True,True,True,True,False,transition,lateral,transition_allowed,5,,segmentation
protected-attack-0091,attack,protected,curious,7,DISCOVER,finance_db,app_service,database,application,True,True,False,True,True,action,none,new_resource_discovered,5,7,permissions
protected-attack-0092,attack,protected,compromised,1,MOVE,public_docs,customer_pii,public,sensitive,False,False,True,False,False,transition,lateral,blocked_by_segmentation:public->sensitive,,,segmentation
protected-attack-0092,attack,protected,compromised,2,MOVE,public_docs,admin_console,public,admin,False,False,True,False,False,transition,lateral,blocked_by_segmentation:public->admin,,,segmentation
protected-attack-0092,attack,protected,compromised,3,MOVE,public_docs,finance_db,public,database,False,False,True,True,False,transition,lateral,blocked_by_segmentation:public->database,3,,segmentation
protected-attack-0092,attack,protected,compromised,4,DISCOVER,public_docs,ops_runbooks,public,internal,False,False,True,True,False,action,none,hidden_resource,3,,permissions
protected-attack-0092,attack,protected,compromised,5,READ,public_docs,source_repo,public,internal,False,False,True,True,True,action,none,least_privilege_block,3,5,permissions
protected-attack-0093,attack,protected,curious,1,READ,public_docs,credential_vault,public,admin,False,False,True,False,False,action,none,least_privilege_block,,,permissions
protected-attack-0093,attack,protected,curious,2,DISCOVER,public_docs,admin_console,public,admin,False,False,True,False,False,action,none,hidden_resource,,,permissions
protected-attack-0093,attack,protected,curious,3,READ,public_docs,source_repo,public,internal,False,False,True,True,False,action,none,least_privilege_block,3,,permissions
protected-attack-0093,attack,protected,curious,4,LEGITIMATE_TASK,public_docs,public_docs,public,public,True,True,False,True,False,action,none,completed:complete_hr_task,3,,permissions
protected-attack-0093,attack,protected,curious,5,LEGITIMATE_TASK,public_docs,source_repo,public,internal,False,False,True,True,True,action,none,least_privilege_block,3,5,permissions
protected-attack-0094,attack,protected,compromised,1,MOVE,public_docs,finance_db,public,database,False,False,True,False,False,transition,lateral,blocked_by_segmentation:public->database,,,segmentation
protected-attack-0094,attack,protected,compromised,2,MOVE,public_docs,admin_console,public,admin,False,False,True,False,False,transition,lateral,blocked_by_segmentation:public->admin,,,segmentation
protected-attack-0094,attack,protected,compromised,3,ACCESS_CREDENTIAL,public_docs,credential_vault,public,admin,False,False,True,True,False,action,none,least_privilege_block,3,,permissions
protected-attack-0094,attack,protected,compromised,4,DISCOVER,public_docs,customer_pii,public,sensitive,False,False,True,True,False,action,none,hidden_resource,3,,permissions
protected-attack-0094,attack,protected,compromised,5,EXECUTE,public_docs,public_docs,public,public,True,True,False,True,True,action,none,credential_authorized,3,5,permissions
protected-attack-0095,attack,protected,curious,1,REQUEST_RESOURCE,public_docs,public_docs,public,public,True,True,False,False,False,action,none,request_allowed,,,permissions
protected-attack-0095,attack,protected,curious,2,READ,public_docs,customer_pii,public,sensitive,False,False,True,False,False,action,none,least_privilege_block,,,permissions
protected-attack-0095,attack,protected,curious,3,READ,public_docs,credential_vault,public,admin,False,False,True,False,False,action,none,least_privilege_block,,,permissions
protected-attack-0095,attack,protected,curious,4,REQUEST_RESOURCE,public_docs,credential_vault,public,admin,True,True,False,True,False,action,none,request_allowed,4,,permissions
protected-attack-0095,attack,protected,curious,5,DISCOVER,public_docs,admin_console,public,admin,False,False,True,True,False,action,none,hidden_resource,4,,permissions
protected-attack-0095,attack,protected,curious,6,MOVE,public_docs,hr_portal,public,application,True,True,False,True,True,transition,lateral,transition_allowed,4,6,segmentation
protected-attack-0096,attack,protected,compromised,1,DISCOVER,public_docs,source_repo,public,internal,False,False,True,False,False,action,none,hidden_resource,,,permissions
protected-attack-0096,attack,protected,compromised,2,MOVE,public_docs,customer_pii,public,sensitive,False,False,True,False,False,transition,lateral,blocked_by_segmentation:public->sensitive,,,segmentation
protected-attack-0096,attack,protected,compromised,3,MOVE,public_docs,credential_vault,public,admin,False,False,True,True,False,transition,lateral,blocked_by_segmentation:public->admin,3,,segmentation
protected-attack-0096,attack,protected,compromised,4,READ,public_docs,credential_vault,public,admin,False,False,True,True,False,action,none,least_privilege_block,3,,permissions
protected-attack-0096,attack,protected,compromised,5,MOVE,public_docs,source_repo,public,internal,False,False,True,True,True,transition,lateral,blocked_by_segmentation:public->internal,3,5,segmentation
protected-attack-0097,attack,protected,curious,1,LEGITIMATE_TASK,public_docs,admin_console,public,admin,False,False,True,False,False,action,none,least_privilege_block,,,permissions
protected-attack-0097,attack,protected,curious,2,ACCESS_CREDENTIAL,public_docs,credential_vault,public,admin,False,False,True,False,False,action,none,least_privilege_block,,,permissions
protected-attack-0097,attack,protected,curious,3,LEGITIMATE_TASK,public_docs,public_docs,public,public,True,True,False,True,False,action,none,completed:complete_hr_task,3,,permissions
protected-attack-0097,attack,protected,curious,4,MOVE,public_docs,hr_portal,public,application,True,True,False,True,False,transition,lateral,transition_allowed,3,,segmentation
protected-attack-0097,attack,protected,curious,5,MOVE,hr_portal,source_repo,application,internal,True,True,True,True,True,transition,lateral,transition_allowed,3,5,segmentation
protected-attack-0098,attack,protected,compromised,1,MOVE,public_docs,finance_db,public,database,False,False,True,False,False,transition,lateral,blocked_by_segmentation:public->database,,,segmentation
protected-attack-0098,attack,protected,compromised,2,READ,public_docs,finance_db,public,database,False,False,True,False,False,action,none,least_privilege_block,,,permissions
protected-attack-0098,attack,protected,compromised,3,DISCOVER,public_docs,employee_records,public,database,False,False,True,True,False,action,none,hidden_resource,3,,permissions
protected-attack-0098,attack,protected,compromised,4,REQUEST_RESOURCE,public_docs,public_docs,public,public,True,True,False,True,False,action,none,request_allowed,3,,permissions
protected-attack-0098,attack,protected,compromised,5,DISCOVER,public_docs,credential_vault,public,admin,False,False,True,True,True,action,none,hidden_resource,3,5,permissions
protected-attack-0099,attack,protected,curious,1,READ,public_docs,public_docs,public,public,True,True,False,False,False,action,none,credential_authorized,,,permissions
protected-attack-0099,attack,protected,curious,2,MOVE,public_docs,hr_portal,public,application,True,True,False,False,False,transition,lateral,transition_allowed,,,segmentation
protected-attack-0099,attack,protected,curious,3,REQUEST_RESOURCE,hr_portal,admin_console,application,admin,False,False,True,False,False,action,none,request_denied,,,permissions
protected-attack-0099,attack,protected,curious,4,MOVE,hr_portal,hr_portal,application,application,True,True,False,False,False,transition,none,transition_allowed,,,segmentation
protected-attack-0099,attack,protected,curious,5,READ,hr_portal,hr_portal,application,application,True,True,False,True,False,action,none,credential_authorized,5,,permissions
protected-attack-0099,attack,protected,curious,6,READ,hr_portal,hr_portal,application,application,True,True,False,True,False,action,none,credential_authorized,5,,permissions
protected-attack-0099,attack,protected,curious,7,LEGITIMATE_TASK,hr_portal,hr_portal,application,application,True,True,False,True,True,action,none,completed:complete_hr_task,5,7,permissions
protected-legit-0000,legitimate,protected,employee,1,REQUEST_RESOURCE,public_docs,hr_portal,public,application,True,True,False,False,False,action,none,request_allowed,,,permissions
protected-legit-0000,legitimate,protected,employee,2,MOVE,public_docs,hr_portal,public,application,True,True,False,False,False,transition,legitimate,transition_allowed,,,segmentation
protected-legit-0000,legitimate,protected,employee,3,LEGITIMATE_TASK,hr_portal,hr_portal,application,application,True,True,False,False,False,action,none,completed:complete_hr_task,,,permissions
protected-legit-0001,legitimate,protected,admin,1,REQUEST_RESOURCE,admin_console,ops_runbooks,admin,internal,True,True,False,False,False,action,none,request_allowed,,,permissions
protected-legit-0001,legitimate,protected,admin,2,REQUEST_RESOURCE,admin_console,app_service,admin,application,True,True,False,False,False,action,none,request_allowed,,,permissions
protected-legit-0001,legitimate,protected,admin,3,MOVE,admin_console,app_service,admin,application,True,True,False,False,False,transition,legitimate,transition_allowed,,,segmentation
protected-legit-0001,legitimate,protected,admin,4,LEGITIMATE_TASK,app_service,app_service,application,application,True,True,False,False,False,action,none,completed:administer_services,,,permissions
protected-legit-0002,legitimate,protected,service_bot,1,REQUEST_RESOURCE,app_service,internal_api,application,internal,True,True,False,False,False,action,none,request_allowed,,,permissions
protected-legit-0002,legitimate,protected,service_bot,2,REQUEST_RESOURCE,app_service,orders_db,application,database,True,True,False,False,False,action,none,request_allowed,,,permissions
protected-legit-0002,legitimate,protected,service_bot,3,MOVE,app_service,internal_api,application,internal,True,True,False,False,False,transition,legitimate,transition_allowed,,,segmentation
protected-legit-0002,legitimate,protected,service_bot,4,MOVE,internal_api,orders_db,internal,database,True,True,False,False,False,transition,legitimate,transition_allowed,,,segmentation
protected-legit-0002,legitimate,protected,service_bot,5,LEGITIMATE_TASK,orders_db,orders_db,database,database,True,True,False,False,False,action,none,completed:process_orders,,,permissions
protected-legit-0003,legitimate,protected,employee,1,REQUEST_RESOURCE,public_docs,hr_portal,public,application,True,True,False,False,False,action,none,request_allowed,,,permissions
protected-legit-0003,legitimate,protected,employee,2,MOVE,public_docs,hr_portal,public,application,True,True,False,False,False,transition,legitimate,transition_allowed,,,segmentation
protected-legit-0003,legitimate,protected,employee,3,LEGITIMATE_TASK,hr_portal,hr_portal,application,application,True,True,False,False,False,action,none,completed:complete_hr_task,,,permissions
protected-legit-0004,legitimate,protected,admin,1,REQUEST_RESOURCE,admin_console,ops_runbooks,admin,internal,True,True,False,False,False,action,none,request_allowed,,,permissions
protected-legit-0004,legitimate,protected,admin,2,REQUEST_RESOURCE,admin_console,app_service,admin,application,True,True,False,False,False,action,none,request_allowed,,,permissions
protected-legit-0004,legitimate,protected,admin,3,MOVE,admin_console,app_service,admin,application,True,True,False,False,False,transition,legitimate,transition_allowed,,,segmentation
protected-legit-0004,legitimate,protected,admin,4,LEGITIMATE_TASK,app_service,app_service,application,application,True,True,False,False,False,action,none,completed:administer_services,,,permissions
protected-legit-0005,legitimate,protected,service_bot,1,REQUEST_RESOURCE,app_service,internal_api,application,internal,True,True,False,False,False,action,none,request_allowed,,,permissions
protected-legit-0005,legitimate,protected,service_bot,2,REQUEST_RESOURCE,app_service,orders_db,application,database,True,True,False,False,False,action,none,request_allowed,,,permissions
protected-legit-0005,legitimate,protected,service_bot,3,MOVE,app_service,internal_api,application,internal,True,True,False,False,False,transition,legitimate,transition_allowed,,,segmentation
protected-legit-0005,legitimate,protected,service_bot,4,MOVE,internal_api,orders_db,internal,database,True,True,False,False,False,transition,legitimate,transition_allowed,,,segmentation
protected-legit-0005,legitimate,protected,service_bot,5,LEGITIMATE_TASK,orders_db,orders_db,database,database,True,True,False,False,False,action,none,completed:process_orders,,,permissions
protected-legit-0006,legitimate,protected,employee,1,REQUEST_RESOURCE,public_docs,hr_portal,public,application,True,True,False,False,False,action,none,request_allowed,,,permissions
protected-legit-0006,legitimate,protected,employee,2,MOVE,public_docs,hr_portal,public,application,True,True,False,False,False,transition,legitimate,transition_allowed,,,segmentation
protected-legit-0006,legitimate,protected,employee,3,LEGITIMATE_TASK,hr_portal,hr_portal,application,application,True,True,False,False,False,action,none,completed:complete_hr_task,,,permissions
protected-legit-0007,legitimate,protected,admin,1,REQUEST_RESOURCE,admin_console,ops_runbooks,admin,internal,True,True,False,False,False,action,none,request_allowed,,,permissions
protected-legit-0007,legitimate,protected,admin,2,REQUEST_RESOURCE,admin_console,app_service,admin,application,True,True,False,False,False,action,none,request_allowed,,,permissions
protected-legit-0007,legitimate,protected,admin,3,MOVE,admin_console,app_service,admin,application,True,True,False,False,False,transition,legitimate,transition_allowed,,,segmentation
protected-legit-0007,legitimate,protected,admin,4,LEGITIMATE_TASK,app_service,app_service,application,application,True,True,False,False,False,action,none,completed:administer_services,,,permissions
protected-legit-0008,legitimate,protected,service_bot,1,REQUEST_RESOURCE,app_service,internal_api,application,internal,True,True,False,False,False,action,none,request_allowed,,,permissions
protected-legit-0008,legitimate,protected,service_bot,2,REQUEST_RESOURCE,app_service,orders_db,application,database,True,True,False,False,False,action,none,request_allowed,,,permissions
protected-legit-0008,legitimate,protected,service_bot,3,MOVE,app_service,internal_api,application,internal,True,True,False,False,False,transition,legitimate,transition_allowed,,,segmentation
protected-legit-0008,legitimate,protected,service_bot,4,MOVE,internal_api,orders_db,internal,database,True,True,False,False,False,transition,legitimate,transition_allowed,,,segmentation
protected-legit-0008,legitimate,protected,service_bot,5,LEGITIMATE_TASK,orders_db,orders_db,database,database,True,True,False,False,False,action,none,completed:process_orders,,,permissions
protected-legit-0009,legitimate,protected,employee,1,REQUEST_RESOURCE,public_docs,hr_portal,public,application,True,True,False,False,False,action,none,request_allowed,,,permissions
protected-legit-0009,legitimate,protected,employee,2,MOVE,public_docs,hr_portal,public,application,True,True,False,False,False,transition,legitimate,transition_allowed,,,segmentation
protected-legit-0009,legitimate,protected,employee,3,LEGITIMATE_TASK,hr_portal,hr_portal,application,application,True,True,False,False,False,action,none,completed:complete_hr_task,,,permissions
protected-legit-0010,legitimate,protected,admin,1,REQUEST_RESOURCE,admin_console,ops_runbooks,admin,internal,True,True,False,False,False,action,none,request_allowed,,,permissions
protected-legit-0010,legitimate,protected,admin,2,REQUEST_RESOURCE,admin_console,app_service,admin,application,True,True,False,False,False,action,none,request_allowed,,,permissions
protected-legit-0010,legitimate,protected,admin,3,MOVE,admin_console,app_service,admin,application,True,True,False,False,False,transition,legitimate,transition_allowed,,,segmentation
protected-legit-0010,legitimate,protected,admin,4,LEGITIMATE_TASK,app_service,app_service,application,application,True,True,False,False,False,action,none,completed:administer_services,,,permissions
protected-legit-0011,legitimate,protected,service_bot,1,REQUEST_RESOURCE,app_service,internal_api,application,internal,True,True,False,False,False,action,none,request_allowed,,,permissions
protected-legit-0011,legitimate,protected,service_bot,2,REQUEST_RESOURCE,app_service,orders_db,application,database,True,True,False,False,False,action,none,request_allowed,,,permissions
protected-legit-0011,legitimate,protected,service_bot,3,MOVE,app_service,internal_api,application,internal,True,True,False,False,False,transition,legitimate,transition_allowed,,,segmentation
protected-legit-0011,legitimate,protected,service_bot,4,MOVE,internal_api,orders_db,internal,database,True,True,False,False,False,transition,legitimate,transition_allowed,,,segmentation
protected-legit-0011,legitimate,protected,service_bot,5,LEGITIMATE_TASK,orders_db,orders_db,database,database,True,True,False,False,False,action,none,completed:process_orders,,,permissions
protected-legit-0012,legitimate,protected,employee,1,REQUEST_RESOURCE,public_docs,hr_portal,public,application,True,True,False,False,False,action,none,request_allowed,,,permissions
protected-legit-0012,legitimate,protected,employee,2,MOVE,public_docs,hr_portal,public,application,True,True,False,False,False,transition,legitimate,transition_allowed,,,segmentation
protected-legit-0012,legitimate,protected,employee,3,LEGITIMATE_TASK,hr_portal,hr_portal,application,application,True,True,False,False,False,action,none,completed:complete_hr_task,,,permissions
protected-legit-0013,legitimate,protected,admin,1,REQUEST_RESOURCE,admin_console,ops_runbooks,admin,internal,True,True,False,False,False,action,none,request_allowed,,,permissions
protected-legit-0013,legitimate,protected,admin,2,REQUEST_RESOURCE,admin_console,app_service,admin,application,True,True,False,False,False,action,none,request_allowed,,,permissions
protected-legit-0013,legitimate,protected,admin,3,MOVE,admin_console,app_service,admin,application,True,True,False,False,False,transition,legitimate,transition_allowed,,,segmentation
protected-legit-0013,legitimate,protected,admin,4,LEGITIMATE_TASK,app_service,app_service,application,application,True,True,False,False,False,action,none,completed:administer_services,,,permissions
protected-legit-0014,legitimate,protected,service_bot,1,REQUEST_RESOURCE,app_service,internal_api,application,internal,True,True,False,False,False,action,none,request_allowed,,,permissions
protected-legit-0014,legitimate,protected,service_bot,2,REQUEST_RESOURCE,app_service,orders_db,application,database,True,True,False,False,False,action,none,request_allowed,,,permissions
protected-legit-0014,legitimate,protected,service_bot,3,MOVE,app_service,internal_api,application,internal,True,True,False,False,False,transition,legitimate,transition_allowed,,,segmentation
protected-legit-0014,legitimate,protected,service_bot,4,MOVE,internal_api,orders_db,internal,database,True,True,False,False,False,transition,legitimate,transition_allowed,,,segmentation
protected-legit-0014,legitimate,protected,service_bot,5,LEGITIMATE_TASK,orders_db,orders_db,database,database,True,True,False,False,False,action,none,completed:process_orders,,,permissions
protected-legit-0015,legitimate,protected,employee,1,REQUEST_RESOURCE,public_docs,hr_portal,public,application,True,True,False,False,False,action,none,request_allowed,,,permissions
protected-legit-0015,legitimate,protected,employee,2,MOVE,public_docs,hr_portal,public,application,True,True,False,False,False,transition,legitimate,transition_allowed,,,segmentation
protected-legit-0015,legitimate,protected,employee,3,LEGITIMATE_TASK,hr_portal,hr_portal,application,application,True,True,False,False,False,action,none,completed:complete_hr_task,,,permissions
protected-legit-0016,legitimate,protected,admin,1,REQUEST_RESOURCE,admin_console,ops_runbooks,admin,internal,True,True,False,False,False,action,none,request_allowed,,,permissions
protected-legit-0016,legitimate,protected,admin,2,REQUEST_RESOURCE,admin_console,app_service,admin,application,True,True,False,False,False,action,none,request_allowed,,,permissions
protected-legit-0016,legitimate,protected,admin,3,MOVE,admin_console,app_service,admin,application,True,True,False,False,False,transition,legitimate,transition_allowed,,,segmentation
protected-legit-0016,legitimate,protected,admin,4,LEGITIMATE_TASK,app_service,app_service,application,application,True,True,False,False,False,action,none,completed:administer_services,,,permissions
protected-legit-0017,legitimate,protected,service_bot,1,REQUEST_RESOURCE,app_service,internal_api,application,internal,True,True,False,False,False,action,none,request_allowed,,,permissions
protected-legit-0017,legitimate,protected,service_bot,2,REQUEST_RESOURCE,app_service,orders_db,application,database,True,True,False,False,False,action,none,request_allowed,,,permissions
protected-legit-0017,legitimate,protected,service_bot,3,MOVE,app_service,internal_api,application,internal,True,True,False,False,False,transition,legitimate,transition_allowed,,,segmentation
protected-legit-0017,legitimate,protected,service_bot,4,MOVE,internal_api,orders_db,internal,database,True,True,False,False,False,transition,legitimate,transition_allowed,,,segmentation
protected-legit-0017,legitimate,protected,service_bot,5,LEGITIMATE_TASK,orders_db,orders_db,database,database,True,True,False,False,False,action,none,completed:process_orders,,,permissions
protected-legit-0018,legitimate,protected,employee,1,REQUEST_RESOURCE,public_docs,hr_portal,public,application,True,True,False,False,False,action,none,request_allowed,,,permissions
protected-legit-0018,legitimate,protected,employee,2,MOVE,public_docs,hr_portal,public,application,True,True,False,False,False,transition,legitimate,transition_allowed,,,segmentation
protected-legit-0018,legitimate,protected,employee,3,LEGITIMATE_TASK,hr_portal,hr_portal,application,application,True,True,False,False,False,action,none,completed:complete_hr_task,,,permissions
protected-legit-0019,legitimate,protected,admin,1,REQUEST_RESOURCE,admin_console,ops_runbooks,admin,internal,True,True,False,False,False,action,none,request_allowed,,,permissions
protected-legit-0019,legitimate,protected,admin,2,REQUEST_RESOURCE,admin_console,app_service,admin,application,True,True,False,False,False,action,none,request_allowed,,,permissions
protected-legit-0019,legitimate,protected,admin,3,MOVE,admin_console,app_service,admin,application,True,True,False,False,False,transition,legitimate,transition_allowed,,,segmentation
protected-legit-0019,legitimate,protected,admin,4,LEGITIMATE_TASK,app_service,app_service,application,application,True,True,False,False,False,action,none,completed:administer_services,,,permissions
protected-legit-0020,legitimate,protected,service_bot,1,REQUEST_RESOURCE,app_service,internal_api,application,internal,True,True,False,False,False,action,none,request_allowed,,,permissions
protected-legit-0020,legitimate,protected,service_bot,2,REQUEST_RESOURCE,app_service,orders_db,application,database,True,True,False,False,False,action,none,request_allowed,,,permissions
protected-legit-0020,legitimate,protected,service_bot,3,MOVE,app_service,internal_api,application,internal,True,True,False,False,False,transition,legitimate,transition_allowed,,,segmentation
protected-legit-0020,legitimate,protected,service_bot,4,MOVE,internal_api,orders_db,internal,database,True,True,False,False,False,transition,legitimate,transition_allowed,,,segmentation
protected-legit-0020,legitimate,protected,service_bot,5,LEGITIMATE_TASK,orders_db,orders_db,database,database,True,True,False,False,False,action,none,completed:process_orders,,,permissions
protected-legit-0021,legitimate,protected,employee,1,REQUEST_RESOURCE,public_docs,hr_portal,public,application,True,True,False,False,False,action,none,request_allowed,,,permissions
protected-legit-0021,legitimate,protected,employee,2,MOVE,public_docs,hr_portal,public,application,True,True,False,False,False,transition,legitimate,transition_allowed,,,segmentation
protected-legit-0021,legitimate,protected,employee,3,LEGITIMATE_TASK,hr_portal,hr_portal,application,application,True,True,False,False,False,action,none,completed:complete_hr_task,,,permissions
protected-legit-0022,legitimate,protected,admin,1,REQUEST_RESOURCE,admin_console,ops_runbooks,admin,internal,True,True,False,False,False,action,none,request_allowed,,,permissions
protected-legit-0022,legitimate,protected,admin,2,REQUEST_RESOURCE,admin_console,app_service,admin,application,True,True,False,False,False,action,none,request_allowed,,,permissions
protected-legit-0022,legitimate,protected,admin,3,MOVE,admin_console,app_service,admin,application,True,True,False,False,False,transition,legitimate,transition_allowed,,,segmentation
protected-legit-0022,legitimate,protected,admin,4,LEGITIMATE_TASK,app_service,app_service,application,application,True,True,False,False,False,action,none,completed:administer_services,,,permissions
protected-legit-0023,legitimate,protected,service_bot,1,REQUEST_RESOURCE,app_service,internal_api,application,internal,True,True,False,False,False,action,none,request_allowed,,,permissions
protected-legit-0023,legitimate,protected,service_bot,2,REQUEST_RESOURCE,app_service,orders_db,application,database,True,True,False,False,False,action,none,request_allowed,,,permissions
protected-legit-0023,legitimate,protected,service_bot,3,MOVE,app_service,internal_api,application,internal,True,True,False,False,False,transition,legitimate,transition_allowed,,,segmentation
protected-legit-0023,legitimate,protected,service_bot,4,MOVE,internal_api,orders_db,internal,database,True,True,False,False,False,transition,legitimate,transition_allowed,,,segmentation
protected-legit-0023,legitimate,protected,service_bot,5,LEGITIMATE_TASK,orders_db,orders_db,database,database,True,True,False,False,False,action,none,completed:process_orders,,,permissions
protected-legit-0024,legitimate,protected,employee,1,REQUEST_RESOURCE,public_docs,hr_portal,public,application,True,True,False,False,False,action,none,request_allowed,,,permissions
protected-legit-0024,legitimate,protected,employee,2,MOVE,public_docs,hr_portal,public,application,True,True,False,False,False,transition,legitimate,transition_allowed,,,segmentation
protected-legit-0024,legitimate,protected,employee,3,LEGITIMATE_TASK,hr_portal,hr_portal,application,application,True,True,False,False,False,action,none,completed:complete_hr_task,,,permissions
protected-legit-0025,legitimate,protected,admin,1,REQUEST_RESOURCE,admin_console,ops_runbooks,admin,internal,True,True,False,False,False,action,none,request_allowed,,,permissions
protected-legit-0025,legitimate,protected,admin,2,REQUEST_RESOURCE,admin_console,app_service,admin,application,True,True,False,False,False,action,none,request_allowed,,,permissions
protected-legit-0025,legitimate,protected,admin,3,MOVE,admin_console,app_service,admin,application,True,True,False,False,False,transition,legitimate,transition_allowed,,,segmentation
protected-legit-0025,legitimate,protected,admin,4,LEGITIMATE_TASK,app_service,app_service,application,application,True,True,False,False,False,action,none,completed:administer_services,,,permissions
protected-legit-0026,legitimate,protected,service_bot,1,REQUEST_RESOURCE,app_service,internal_api,application,internal,True,True,False,False,False,action,none,request_allowed,,,permissions
protected-legit-0026,legitimate,protected,service_bot,2,REQUEST_RESOURCE,app_service,orders_db,application,database,True,True,False,False,False,action,none,request_allowed,,,permissions
protected-legit-0026,legitimate,protected,service_bot,3,MOVE,app_service,internal_api,application,internal,True,True,False,False,False,transition,legitimate,transition_allowed,,,segmentation
protected-legit-0026,legitimate,protected,service_bot,4,MOVE,internal_api,orders_db,internal,database,True,True,False,False,False,transition,legitimate,transition_allowed,,,segmentation
protected-legit-0026,legitimate,protected,service_bot,5,LEGITIMATE_TASK,orders_db,orders_db,database,database,True,True,False,False,False,action,none,completed:process_orders,,,permissions
protected-legit-0027,legitimate,protected,employee,1,REQUEST_RESOURCE,public_docs,hr_portal,public,application,True,True,False,False,False,action,none,request_allowed,,,permissions
protected-legit-0027,legitimate,protected,employee,2,MOVE,public_docs,hr_portal,public,application,True,True,False,False,False,transition,legitimate,transition_allowed,,,segmentation
protected-legit-0027,legitimate,protected,employee,3,LEGITIMATE_TASK,hr_portal,hr_portal,application,application,True,True,False,False,False,action,none,completed:complete_hr_task,,,permissions
protected-legit-0028,legitimate,protected,admin,1,REQUEST_RESOURCE,admin_console,ops_runbooks,admin,internal,True,True,False,False,False,action,none,request_allowed,,,permissions
protected-legit-0028,legitimate,protected,admin,2,REQUEST_RESOURCE,admin_console,app_service,admin,application,True,True,False,False,False,action,none,request_allowed,,,permissions
protected-legit-0028,legitimate,protected,admin,3,MOVE,admin_console,app_service,admin,application,True,True,False,False,False,transition,legitimate,transition_allowed,,,segmentation
protected-legit-0028,legitimate,protected,admin,4,LEGITIMATE_TASK,app_service,app_service,application,application,True,True,False,False,False,action,none,completed:administer_services,,,permissions
protected-legit-0029,legitimate,protected,service_bot,1,REQUEST_RESOURCE,app_service,internal_api,application,internal,True,True,False,False,False,action,none,request_allowed,,,permissions
protected-legit-0029,legitimate,protected,service_bot,2,REQUEST_RESOURCE,app_service,orders_db,application,database,True,True,False,False,False,action,none,request_allowed,,,permissions
protected-legit-0029,legitimate,protected,service_bot,3,MOVE,app_service,internal_api,application,internal,True,True,False,False,False,transition,legitimate,transition_allowed,,,segmentation
protected-legit-0029,legitimate,protected,service_bot,4,MOVE,internal_api,orders_db,internal,database,True,True,False,False,False,transition,legitimate,transition_allowed,,,segmentation
protected-legit-0029,legitimate,protected,service_bot,5,LEGITIMATE_TASK,orders_db,orders_db,database,database,True,True,False,False,False,action,none,completed:process_orders,,,permissions
protected-legit-0030,legitimate,protected,employee,1,REQUEST_RESOURCE,public_docs,hr_portal,public,application,True,True,False,False,False,action,none,request_allowed,,,permissions
protected-legit-0030,legitimate,protected,employee,2,MOVE,public_docs,hr_portal,public,application,True,True,False,False,False,transition,legitimate,transition_allowed,,,segmentation
protected-legit-0030,legitimate,protected,employee,3,LEGITIMATE_TASK,hr_portal,hr_portal,application,application,True,True,False,False,False,action,none,completed:complete_hr_task,,,permissions
protected-legit-0031,legitimate,protected,admin,1,REQUEST_RESOURCE,admin_console,ops_runbooks,admin,internal,True,True,False,False,False,action,none,request_allowed,,,permissions
protected-legit-0031,legitimate,protected,admin,2,REQUEST_RESOURCE,admin_console,app_service,admin,application,True,True,False,False,False,action,none,request_allowed,,,permissions
protected-legit-0031,legitimate,protected,admin,3,MOVE,admin_console,app_service,admin,application,True,True,False,False,False,transition,legitimate,transition_allowed,,,segmentation
protected-legit-0031,legitimate,protected,admin,4,LEGITIMATE_TASK,app_service,app_service,application,application,True,True,False,False,False,action,none,completed:administer_services,,,permissions
protected-legit-0032,legitimate,protected,service_bot,1,REQUEST_RESOURCE,app_service,internal_api,application,internal,True,True,False,False,False,action,none,request_allowed,,,permissions
protected-legit-0032,legitimate,protected,service_bot,2,REQUEST_RESOURCE,app_service,orders_db,application,database,True,True,False,False,False,action,none,request_allowed,,,permissions
protected-legit-0032,legitimate,protected,service_bot,3,MOVE,app_service,internal_api,application,internal,True,True,False,False,False,transition,legitimate,transition_allowed,,,segmentation
protected-legit-0032,legitimate,protected,service_bot,4,MOVE,internal_api,orders_db,internal,database,True,True,False,False,False,transition,legitimate,transition_allowed,,,segmentation
protected-legit-0032,legitimate,protected,service_bot,5,LEGITIMATE_TASK,orders_db,orders_db,database,database,True,True,False,False,False,action,none,completed:process_orders,,,permissions
protected-legit-0033,legitimate,protected,employee,1,REQUEST_RESOURCE,public_docs,hr_portal,public,application,True,True,False,False,False,action,none,request_allowed,,,permissions
protected-legit-0033,legitimate,protected,employee,2,MOVE,public_docs,hr_portal,public,application,True,True,False,False,False,transition,legitimate,transition_allowed,,,segmentation
protected-legit-0033,legitimate,protected,employee,3,LEGITIMATE_TASK,hr_portal,hr_portal,application,application,True,True,False,False,False,action,none,completed:complete_hr_task,,,permissions
protected-legit-0034,legitimate,protected,admin,1,REQUEST_RESOURCE,admin_console,ops_runbooks,admin,internal,True,True,False,False,False,action,none,request_allowed,,,permissions
protected-legit-0034,legitimate,protected,admin,2,REQUEST_RESOURCE,admin_console,app_service,admin,application,True,True,False,False,False,action,none,request_allowed,,,permissions
protected-legit-0034,legitimate,protected,admin,3,MOVE,admin_console,app_service,admin,application,True,True,False,False,False,transition,legitimate,transition_allowed,,,segmentation
protected-legit-0034,legitimate,protected,admin,4,LEGITIMATE_TASK,app_service,app_service,application,application,True,True,False,False,False,action,none,completed:administer_services,,,permissions
protected-legit-0035,legitimate,protected,service_bot,1,REQUEST_RESOURCE,app_service,internal_api,application,internal,True,True,False,False,False,action,none,request_allowed,,,permissions
protected-legit-0035,legitimate,protected,service_bot,2,REQUEST_RESOURCE,app_service,orders_db,application,database,True,True,False,False,False,action,none,request_allowed,,,permissions
protected-legit-0035,legitimate,protected,service_bot,3,MOVE,app_service,internal_api,application,internal,True,True,False,False,False,transition,legitimate,transition_allowed,,,segmentation
protected-legit-0035,legitimate,protected,service_bot,4,MOVE,internal_api,orders_db,internal,database,True,True,False,False,False,transition,legitimate,transition_allowed,,,segmentation
protected-legit-0035,legitimate,protected,service_bot,5,LEGITIMATE_TASK,orders_db,orders_db,database,database,True,True,False,False,False,action,none,completed:process_orders,,,permissions
protected-legit-0036,legitimate,protected,employee,1,REQUEST_RESOURCE,public_docs,hr_portal,public,application,True,True,False,False,False,action,none,request_allowed,,,permissions
protected-legit-0036,legitimate,protected,employee,2,MOVE,public_docs,hr_portal,public,application,True,True,False,False,False,transition,legitimate,transition_allowed,,,segmentation
protected-legit-0036,legitimate,protected,employee,3,LEGITIMATE_TASK,hr_portal,hr_portal,application,application,True,True,False,False,False,action,none,completed:complete_hr_task,,,permissions
protected-legit-0037,legitimate,protected,admin,1,REQUEST_RESOURCE,admin_console,ops_runbooks,admin,internal,True,True,False,False,False,action,none,request_allowed,,,permissions
protected-legit-0037,legitimate,protected,admin,2,REQUEST_RESOURCE,admin_console,app_service,admin,application,True,True,False,False,False,action,none,request_allowed,,,permissions
protected-legit-0037,legitimate,protected,admin,3,MOVE,admin_console,app_service,admin,application,True,True,False,False,False,transition,legitimate,transition_allowed,,,segmentation
protected-legit-0037,legitimate,protected,admin,4,LEGITIMATE_TASK,app_service,app_service,application,application,True,True,False,False,False,action,none,completed:administer_services,,,permissions
protected-legit-0038,legitimate,protected,service_bot,1,REQUEST_RESOURCE,app_service,internal_api,application,internal,True,True,False,False,False,action,none,request_allowed,,,permissions
protected-legit-0038,legitimate,protected,service_bot,2,REQUEST_RESOURCE,app_service,orders_db,application,database,True,True,False,False,False,action,none,request_allowed,,,permissions
protected-legit-0038,legitimate,protected,service_bot,3,MOVE,app_service,internal_api,application,internal,True,True,False,False,False,transition,legitimate,transition_allowed,,,segmentation
protected-legit-0038,legitimate,protected,service_bot,4,MOVE,internal_api,orders_db,internal,database,True,True,False,False,False,transition,legitimate,transition_allowed,,,segmentation
protected-legit-0038,legitimate,protected,service_bot,5,LEGITIMATE_TASK,orders_db,orders_db,database,database,True,True,False,False,False,action,none,completed:process_orders,,,permissions
protected-legit-0039,legitimate,protected,employee,1,REQUEST_RESOURCE,public_docs,hr_portal,public,application,True,True,False,False,False,action,none,request_allowed,,,permissions
protected-legit-0039,legitimate,protected,employee,2,MOVE,public_docs,hr_portal,public,application,True,True,False,False,False,transition,legitimate,transition_allowed,,,segmentation
protected-legit-0039,legitimate,protected,employee,3,LEGITIMATE_TASK,hr_portal,hr_portal,application,application,True,True,False,False,False,action,none,completed:complete_hr_task,,,permissions
protected-legit-0040,legitimate,protected,admin,1,REQUEST_RESOURCE,admin_console,ops_runbooks,admin,internal,True,True,False,False,False,action,none,request_allowed,,,permissions
protected-legit-0040,legitimate,protected,admin,2,REQUEST_RESOURCE,admin_console,app_service,admin,application,True,True,False,False,False,action,none,request_allowed,,,permissions
protected-legit-0040,legitimate,protected,admin,3,MOVE,admin_console,app_service,admin,application,True,True,False,False,False,transition,legitimate,transition_allowed,,,segmentation
protected-legit-0040,legitimate,protected,admin,4,LEGITIMATE_TASK,app_service,app_service,application,application,True,True,False,False,False,action,none,completed:administer_services,,,permissions
protected-legit-0041,legitimate,protected,service_bot,1,REQUEST_RESOURCE,app_service,internal_api,application,internal,True,True,False,False,False,action,none,request_allowed,,,permissions
protected-legit-0041,legitimate,protected,service_bot,2,REQUEST_RESOURCE,app_service,orders_db,application,database,True,True,False,False,False,action,none,request_allowed,,,permissions
protected-legit-0041,legitimate,protected,service_bot,3,MOVE,app_service,internal_api,application,internal,True,True,False,False,False,transition,legitimate,transition_allowed,,,segmentation
protected-legit-0041,legitimate,protected,service_bot,4,MOVE,internal_api,orders_db,internal,database,True,True,False,False,False,transition,legitimate,transition_allowed,,,segmentation
protected-legit-0041,legitimate,protected,service_bot,5,LEGITIMATE_TASK,orders_db,orders_db,database,database,True,True,False,False,False,action,none,completed:process_orders,,,permissions
protected-legit-0042,legitimate,protected,employee,1,REQUEST_RESOURCE,public_docs,hr_portal,public,application,True,True,False,False,False,action,none,request_allowed,,,permissions
protected-legit-0042,legitimate,protected,employee,2,MOVE,public_docs,hr_portal,public,application,True,True,False,False,False,transition,legitimate,transition_allowed,,,segmentation
protected-legit-0042,legitimate,protected,employee,3,LEGITIMATE_TASK,hr_portal,hr_portal,application,application,True,True,False,False,False,action,none,completed:complete_hr_task,,,permissions
protected-legit-0043,legitimate,protected,admin,1,REQUEST_RESOURCE,admin_console,ops_runbooks,admin,internal,True,True,False,False,False,action,none,request_allowed,,,permissions
protected-legit-0043,legitimate,protected,admin,2,REQUEST_RESOURCE,admin_console,app_service,admin,application,True,True,False,False,False,action,none,request_allowed,,,permissions
protected-legit-0043,legitimate,protected,admin,3,MOVE,admin_console,app_service,admin,application,True,True,False,False,False,transition,legitimate,transition_allowed,,,segmentation
protected-legit-0043,legitimate,protected,admin,4,LEGITIMATE_TASK,app_service,app_service,application,application,True,True,False,False,False,action,none,completed:administer_services,,,permissions
protected-legit-0044,legitimate,protected,service_bot,1,REQUEST_RESOURCE,app_service,internal_api,application,internal,True,True,False,False,False,action,none,request_allowed,,,permissions
protected-legit-0044,legitimate,protected,service_bot,2,REQUEST_RESOURCE,app_service,orders_db,application,database,True,True,False,False,False,action,none,request_allowed,,,permissions
protected-legit-0044,legitimate,protected,service_bot,3,MOVE,app_service,internal_api,application,internal,True,True,False,False,False,transition,legitimate,transition_allowed,,,segmentation
protected-legit-0044,legitimate,protected,service_bot,4,MOVE,internal_api,orders_db,internal,database,True,True,False,False,False,transition,legitimate,transition_allowed,,,segmentation
protected-legit-0044,legitimate,protected,service_bot,5,LEGITIMATE_TASK,orders_db,orders_db,database,database,True,True,False,False,False,action,none,completed:process_orders,,,permissions
protected-legit-0045,legitimate,protected,employee,1,REQUEST_RESOURCE,public_docs,hr_portal,public,application,True,True,False,False,False,action,none,request_allowed,,,permissions
protected-legit-0045,legitimate,protected,employee,2,MOVE,public_docs,hr_portal,public,application,True,True,False,False,False,transition,legitimate,transition_allowed,,,segmentation
protected-legit-0045,legitimate,protected,employee,3,LEGITIMATE_TASK,hr_portal,hr_portal,application,application,True,True,False,False,False,action,none,completed:complete_hr_task,,,permissions
protected-legit-0046,legitimate,protected,admin,1,REQUEST_RESOURCE,admin_console,ops_runbooks,admin,internal,True,True,False,False,False,action,none,request_allowed,,,permissions
protected-legit-0046,legitimate,protected,admin,2,REQUEST_RESOURCE,admin_console,app_service,admin,application,True,True,False,False,False,action,none,request_allowed,,,permissions
protected-legit-0046,legitimate,protected,admin,3,MOVE,admin_console,app_service,admin,application,True,True,False,False,False,transition,legitimate,transition_allowed,,,segmentation
protected-legit-0046,legitimate,protected,admin,4,LEGITIMATE_TASK,app_service,app_service,application,application,True,True,False,False,False,action,none,completed:administer_services,,,permissions
protected-legit-0047,legitimate,protected,service_bot,1,REQUEST_RESOURCE,app_service,internal_api,application,internal,True,True,False,False,False,action,none,request_allowed,,,permissions
protected-legit-0047,legitimate,protected,service_bot,2,REQUEST_RESOURCE,app_service,orders_db,application,database,True,True,False,False,False,action,none,request_allowed,,,permissions
protected-legit-0047,legitimate,protected,service_bot,3,MOVE,app_service,internal_api,application,internal,True,True,False,False,False,transition,legitimate,transition_allowed,,,segmentation
protected-legit-0047,legitimate,protected,service_bot,4,MOVE,internal_api,orders_db,internal,database,True,True,False,False,False,transition,legitimate,transition_allowed,,,segmentation
protected-legit-0047,legitimate,protected,service_bot,5,LEGITIMATE_TASK,orders_db,orders_db,database,database,True,True,False,False,False,action,none,completed:process_orders,,,permissions
protected-legit-0048,legitimate,protected,employee,1,REQUEST_RESOURCE,public_docs,hr_portal,public,application,True,True,False,False,False,action,none,request_allowed,,,permissions
protected-legit-0048,legitimate,protected,employee,2,MOVE,public_docs,hr_portal,public,application,True,True,False,False,False,transition,legitimate,transition_allowed,,,segmentation
protected-legit-0048,legitimate,protected,employee,3,LEGITIMATE_TASK,hr_portal,hr_portal,application,application,True,True,False,False,False,action,none,completed:complete_hr_task,,,permissions
protected-legit-0049,legitimate,protected,admin,1,REQUEST_RESOURCE,admin_console,ops_runbooks,admin,internal,True,True,False,False,False,action,none,request_allowed,,,permissions
protected-legit-0049,legitimate,protected,admin,2,REQUEST_RESOURCE,admin_console,app_service,admin,application,True,True,False,False,False,action,none,request_allowed,,,permissions
protected-legit-0049,legitimate,protected,admin,3,MOVE,admin_console,app_service,admin,application,True,True,False,False,False,transition,legitimate,transition_allowed,,,segmentation
protected-legit-0049,legitimate,protected,admin,4,LEGITIMATE_TASK,app_service,app_service,application,application,True,True,False,False,False,action,none,completed:administer_services,,,permissions
protected-legit-0050,legitimate,protected,service_bot,1,REQUEST_RESOURCE,app_service,internal_api,application,internal,True,True,False,False,False,action,none,request_allowed,,,permissions
protected-legit-0050,legitimate,protected,service_bot,2,REQUEST_RESOURCE,app_service,orders_db,application,database,True,True,False,False,False,action,none,request_allowed,,,permissions
protected-legit-0050,legitimate,protected,service_bot,3,MOVE,app_service,internal_api,application,internal,True,True,False,False,False,transition,legitimate,transition_allowed,,,segmentation
protected-legit-0050,legitimate,protected,service_bot,4,MOVE,internal_api,orders_db,internal,database,True,True,False,False,False,transition,legitimate,transition_allowed,,,segmentation
protected-legit-0050,legitimate,protected,service_bot,5,LEGITIMATE_TASK,orders_db,orders_db,database,database,True,True,False,False,False,action,none,completed:process_orders,,,permissions
protected-legit-0051,legitimate,protected,employee,1,REQUEST_RESOURCE,public_docs,hr_portal,public,application,True,True,False,False,False,action,none,request_allowed,,,permissions
protected-legit-0051,legitimate,protected,employee,2,MOVE,public_docs,hr_portal,public,application,True,True,False,False,False,transition,legitimate,transition_allowed,,,segmentation
protected-legit-0051,legitimate,protected,employee,3,LEGITIMATE_TASK,hr_portal,hr_portal,application,application,True,True,False,False,False,action,none,completed:complete_hr_task,,,permissions
protected-legit-0052,legitimate,protected,admin,1,REQUEST_RESOURCE,admin_console,ops_runbooks,admin,internal,True,True,False,False,False,action,none,request_allowed,,,permissions
protected-legit-0052,legitimate,protected,admin,2,REQUEST_RESOURCE,admin_console,app_service,admin,application,True,True,False,False,False,action,none,request_allowed,,,permissions
protected-legit-0052,legitimate,protected,admin,3,MOVE,admin_console,app_service,admin,application,True,True,False,False,False,transition,legitimate,transition_allowed,,,segmentation
protected-legit-0052,legitimate,protected,admin,4,LEGITIMATE_TASK,app_service,app_service,application,application,True,True,False,False,False,action,none,completed:administer_services,,,permissions
protected-legit-0053,legitimate,protected,service_bot,1,REQUEST_RESOURCE,app_service,internal_api,application,internal,True,True,False,False,False,action,none,request_allowed,,,permissions
protected-legit-0053,legitimate,protected,service_bot,2,REQUEST_RESOURCE,app_service,orders_db,application,database,True,True,False,False,False,action,none,request_allowed,,,permissions
protected-legit-0053,legitimate,protected,service_bot,3,MOVE,app_service,internal_api,application,internal,True,True,False,False,False,transition,legitimate,transition_allowed,,,segmentation
protected-legit-0053,legitimate,protected,service_bot,4,MOVE,internal_api,orders_db,internal,database,True,True,False,False,False,transition,legitimate,transition_allowed,,,segmentation
protected-legit-0053,legitimate,protected,service_bot,5,LEGITIMATE_TASK,orders_db,orders_db,database,database,True,True,False,False,False,action,none,completed:process_orders,,,permissions
protected-legit-0054,legitimate,protected,employee,1,REQUEST_RESOURCE,public_docs,hr_portal,public,application,True,True,False,False,False,action,none,request_allowed,,,permissions
protected-legit-0054,legitimate,protected,employee,2,MOVE,public_docs,hr_portal,public,application,True,True,False,False,False,transition,legitimate,transition_allowed,,,segmentation
protected-legit-0054,legitimate,protected,employee,3,LEGITIMATE_TASK,hr_portal,hr_portal,application,application,True,True,False,False,False,action,none,completed:complete_hr_task,,,permissions
protected-legit-0055,legitimate,protected,admin,1,REQUEST_RESOURCE,admin_console,ops_runbooks,admin,internal,True,True,False,False,False,action,none,request_allowed,,,permissions
protected-legit-0055,legitimate,protected,admin,2,REQUEST_RESOURCE,admin_console,app_service,admin,application,True,True,False,False,False,action,none,request_allowed,,,permissions
protected-legit-0055,legitimate,protected,admin,3,MOVE,admin_console,app_service,admin,application,True,True,False,False,False,transition,legitimate,transition_allowed,,,segmentation
protected-legit-0055,legitimate,protected,admin,4,LEGITIMATE_TASK,app_service,app_service,application,application,True,True,False,False,False,action,none,completed:administer_services,,,permissions
protected-legit-0056,legitimate,protected,service_bot,1,REQUEST_RESOURCE,app_service,internal_api,application,internal,True,True,False,False,False,action,none,request_allowed,,,permissions
protected-legit-0056,legitimate,protected,service_bot,2,REQUEST_RESOURCE,app_service,orders_db,application,database,True,True,False,False,False,action,none,request_allowed,,,permissions
protected-legit-0056,legitimate,protected,service_bot,3,MOVE,app_service,internal_api,application,internal,True,True,False,False,False,transition,legitimate,transition_allowed,,,segmentation
protected-legit-0056,legitimate,protected,service_bot,4,MOVE,internal_api,orders_db,internal,database,True,True,False,False,False,transition,legitimate,transition_allowed,,,segmentation
protected-legit-0056,legitimate,protected,service_bot,5,LEGITIMATE_TASK,orders_db,orders_db,database,database,True,True,False,False,False,action,none,completed:process_orders,,,permissions
protected-legit-0057,legitimate,protected,employee,1,REQUEST_RESOURCE,public_docs,hr_portal,public,application,True,True,False,False,False,action,none,request_allowed,,,permissions
protected-legit-0057,legitimate,protected,employee,2,MOVE,public_docs,hr_portal,public,application,True,True,False,False,False,transition,legitimate,transition_allowed,,,segmentation
protected-legit-0057,legitimate,protected,employee,3,LEGITIMATE_TASK,hr_portal,hr_portal,application,application,True,True,False,False,False,action,none,completed:complete_hr_task,,,permissions
protected-legit-0058,legitimate,protected,admin,1,REQUEST_RESOURCE,admin_console,ops_runbooks,admin,internal,True,True,False,False,False,action,none,request_allowed,,,permissions
protected-legit-0058,legitimate,protected,admin,2,REQUEST_RESOURCE,admin_console,app_service,admin,application,True,True,False,False,False,action,none,request_allowed,,,permissions
protected-legit-0058,legitimate,protected,admin,3,MOVE,admin_console,app_service,admin,application,True,True,False,False,False,transition,legitimate,transition_allowed,,,segmentation
protected-legit-0058,legitimate,protected,admin,4,LEGITIMATE_TASK,app_service,app_service,application,application,True,True,False,False,False,action,none,completed:administer_services,,,permissions
protected-legit-0059,legitimate,protected,service_bot,1,REQUEST_RESOURCE,app_service,internal_api,application,internal,True,True,False,False,False,action,none,request_allowed,,,permissions
protected-legit-0059,legitimate,protected,service_bot,2,REQUEST_RESOURCE,app_service,orders_db,application,database,True,True,False,False,False,action,none,request_allowed,,,permissions
protected-legit-0059,legitimate,protected,service_bot,3,MOVE,app_service,internal_api,application,internal,True,True,False,False,False,transition,legitimate,transition_allowed,,,segmentation
protected-legit-0059,legitimate,protected,service_bot,4,MOVE,internal_api,orders_db,internal,database,True,True,False,False,False,transition,legitimate,transition_allowed,,,segmentation
protected-legit-0059,legitimate,protected,service_bot,5,LEGITIMATE_TASK,orders_db,orders_db,database,database,True,True,False,False,False,action,none,completed:process_orders,,,permissions
protected-legit-0060,legitimate,protected,employee,1,REQUEST_RESOURCE,public_docs,hr_portal,public,application,True,True,False,False,False,action,none,request_allowed,,,permissions
protected-legit-0060,legitimate,protected,employee,2,MOVE,public_docs,hr_portal,public,application,True,True,False,False,False,transition,legitimate,transition_allowed,,,segmentation
protected-legit-0060,legitimate,protected,employee,3,LEGITIMATE_TASK,hr_portal,hr_portal,application,application,True,True,False,False,False,action,none,completed:complete_hr_task,,,permissions
protected-legit-0061,legitimate,protected,admin,1,REQUEST_RESOURCE,admin_console,ops_runbooks,admin,internal,True,True,False,False,False,action,none,request_allowed,,,permissions
protected-legit-0061,legitimate,protected,admin,2,REQUEST_RESOURCE,admin_console,app_service,admin,application,True,True,False,False,False,action,none,request_allowed,,,permissions
protected-legit-0061,legitimate,protected,admin,3,MOVE,admin_console,app_service,admin,application,True,True,False,False,False,transition,legitimate,transition_allowed,,,segmentation
protected-legit-0061,legitimate,protected,admin,4,LEGITIMATE_TASK,app_service,app_service,application,application,True,True,False,False,False,action,none,completed:administer_services,,,permissions
protected-legit-0062,legitimate,protected,service_bot,1,REQUEST_RESOURCE,app_service,internal_api,application,internal,True,True,False,False,False,action,none,request_allowed,,,permissions
protected-legit-0062,legitimate,protected,service_bot,2,REQUEST_RESOURCE,app_service,orders_db,application,database,True,True,False,False,False,action,none,request_allowed,,,permissions
protected-legit-0062,legitimate,protected,service_bot,3,MOVE,app_service,internal_api,application,internal,True,True,False,False,False,transition,legitimate,transition_allowed,,,segmentation
protected-legit-0062,legitimate,protected,service_bot,4,MOVE,internal_api,orders_db,internal,database,True,True,False,False,False,transition,legitimate,transition_allowed,,,segmentation
protected-legit-0062,legitimate,protected,service_bot,5,LEGITIMATE_TASK,orders_db,orders_db,database,database,True,True,False,False,False,action,none,completed:process_orders,,,permissions
protected-legit-0063,legitimate,protected,employee,1,REQUEST_RESOURCE,public_docs,hr_portal,public,application,True,True,False,False,False,action,none,request_allowed,,,permissions
protected-legit-0063,legitimate,protected,employee,2,MOVE,public_docs,hr_portal,public,application,True,True,False,False,False,transition,legitimate,transition_allowed,,,segmentation
protected-legit-0063,legitimate,protected,employee,3,LEGITIMATE_TASK,hr_portal,hr_portal,application,application,True,True,False,False,False,action,none,completed:complete_hr_task,,,permissions
protected-legit-0064,legitimate,protected,admin,1,REQUEST_RESOURCE,admin_console,ops_runbooks,admin,internal,True,True,False,False,False,action,none,request_allowed,,,permissions
protected-legit-0064,legitimate,protected,admin,2,REQUEST_RESOURCE,admin_console,app_service,admin,application,True,True,False,False,False,action,none,request_allowed,,,permissions
protected-legit-0064,legitimate,protected,admin,3,MOVE,admin_console,app_service,admin,application,True,True,False,False,False,transition,legitimate,transition_allowed,,,segmentation
protected-legit-0064,legitimate,protected,admin,4,LEGITIMATE_TASK,app_service,app_service,application,application,True,True,False,False,False,action,none,completed:administer_services,,,permissions
protected-legit-0065,legitimate,protected,service_bot,1,REQUEST_RESOURCE,app_service,internal_api,application,internal,True,True,False,False,False,action,none,request_allowed,,,permissions
protected-legit-0065,legitimate,protected,service_bot,2,REQUEST_RESOURCE,app_service,orders_db,application,database,True,True,False,False,False,action,none,request_allowed,,,permissions
protected-legit-0065,legitimate,protected,service_bot,3,MOVE,app_service,internal_api,application,internal,True,True,False,False,False,transition,legitimate,transition_allowed,,,segmentation
protected-legit-0065,legitimate,protected,service_bot,4,MOVE,internal_api,orders_db,internal,database,True,True,False,False,False,transition,legitimate,transition_allowed,,,segmentation
protected-legit-0065,legitimate,protected,service_bot,5,LEGITIMATE_TASK,orders_db,orders_db,database,database,True,True,False,False,False,action,none,completed:process_orders,,,permissions
protected-legit-0066,legitimate,protected,employee,1,REQUEST_RESOURCE,public_docs,hr_portal,public,application,True,True,False,False,False,action,none,request_allowed,,,permissions
protected-legit-0066,legitimate,protected,employee,2,MOVE,public_docs,hr_portal,public,application,True,True,False,False,False,transition,legitimate,transition_allowed,,,segmentation
protected-legit-0066,legitimate,protected,employee,3,LEGITIMATE_TASK,hr_portal,hr_portal,application,application,True,True,False,False,False,action,none,completed:complete_hr_task,,,permissions
protected-legit-0067,legitimate,protected,admin,1,REQUEST_RESOURCE,admin_console,ops_runbooks,admin,internal,True,True,False,False,False,action,none,request_allowed,,,permissions
protected-legit-0067,legitimate,protected,admin,2,REQUEST_RESOURCE,admin_console,app_service,admin,application,True,True,False,False,False,action,none,request_allowed,,,permissions
protected-legit-0067,legitimate,protected,admin,3,MOVE,admin_console,app_service,admin,application,True,True,False,False,False,transition,legitimate,transition_allowed,,,segmentation
protected-legit-0067,legitimate,protected,admin,4,LEGITIMATE_TASK,app_service,app_service,application,application,True,True,False,False,False,action,none,completed:administer_services,,,permissions
protected-legit-0068,legitimate,protected,service_bot,1,REQUEST_RESOURCE,app_service,internal_api,application,internal,True,True,False,False,False,action,none,request_allowed,,,permissions
protected-legit-0068,legitimate,protected,service_bot,2,REQUEST_RESOURCE,app_service,orders_db,application,database,True,True,False,False,False,action,none,request_allowed,,,permissions
protected-legit-0068,legitimate,protected,service_bot,3,MOVE,app_service,internal_api,application,internal,True,True,False,False,False,transition,legitimate,transition_allowed,,,segmentation
protected-legit-0068,legitimate,protected,service_bot,4,MOVE,internal_api,orders_db,internal,database,True,True,False,False,False,transition,legitimate,transition_allowed,,,segmentation
protected-legit-0068,legitimate,protected,service_bot,5,LEGITIMATE_TASK,orders_db,orders_db,database,database,True,True,False,False,False,action,none,completed:process_orders,,,permissions
protected-legit-0069,legitimate,protected,employee,1,REQUEST_RESOURCE,public_docs,hr_portal,public,application,True,True,False,False,False,action,none,request_allowed,,,permissions
protected-legit-0069,legitimate,protected,employee,2,MOVE,public_docs,hr_portal,public,application,True,True,False,False,False,transition,legitimate,transition_allowed,,,segmentation
protected-legit-0069,legitimate,protected,employee,3,LEGITIMATE_TASK,hr_portal,hr_portal,application,application,True,True,False,False,False,action,none,completed:complete_hr_task,,,permissions
protected-legit-0070,legitimate,protected,admin,1,REQUEST_RESOURCE,admin_console,ops_runbooks,admin,internal,True,True,False,False,False,action,none,request_allowed,,,permissions
protected-legit-0070,legitimate,protected,admin,2,REQUEST_RESOURCE,admin_console,app_service,admin,application,True,True,False,False,False,action,none,request_allowed,,,permissions
protected-legit-0070,legitimate,protected,admin,3,MOVE,admin_console,app_service,admin,application,True,True,False,False,False,transition,legitimate,transition_allowed,,,segmentation
protected-legit-0070,legitimate,protected,admin,4,LEGITIMATE_TASK,app_service,app_service,application,application,True,True,False,False,False,action,none,completed:administer_services,,,permissions
protected-legit-0071,legitimate,protected,service_bot,1,REQUEST_RESOURCE,app_service,internal_api,application,internal,True,True,False,False,False,action,none,request_allowed,,,permissions
protected-legit-0071,legitimate,protected,service_bot,2,REQUEST_RESOURCE,app_service,orders_db,application,database,True,True,False,False,False,action,none,request_allowed,,,permissions
protected-legit-0071,legitimate,protected,service_bot,3,MOVE,app_service,internal_api,application,internal,True,True,False,False,False,transition,legitimate,transition_allowed,,,segmentation
protected-legit-0071,legitimate,protected,service_bot,4,MOVE,internal_api,orders_db,internal,database,True,True,False,False,False,transition,legitimate,transition_allowed,,,segmentation
protected-legit-0071,legitimate,protected,service_bot,5,LEGITIMATE_TASK,orders_db,orders_db,database,database,True,True,False,False,False,action,none,completed:process_orders,,,permissions
protected-legit-0072,legitimate,protected,employee,1,REQUEST_RESOURCE,public_docs,hr_portal,public,application,True,True,False,False,False,action,none,request_allowed,,,permissions
protected-legit-0072,legitimate,protected,employee,2,MOVE,public_docs,hr_portal,public,application,True,True,False,False,False,transition,legitimate,transition_allowed,,,segmentation
protected-legit-0072,legitimate,protected,employee,3,LEGITIMATE_TASK,hr_portal,hr_portal,application,application,True,True,False,False,False,action,none,completed:complete_hr_task,,,permissions
protected-legit-0073,legitimate,protected,admin,1,REQUEST_RESOURCE,admin_console,ops_runbooks,admin,internal,True,True,False,False,False,action,none,request_allowed,,,permissions
protected-legit-0073,legitimate,protected,admin,2,REQUEST_RESOURCE,admin_console,app_service,admin,application,True,True,False,False,False,action,none,request_allowed,,,permissions
protected-legit-0073,legitimate,protected,admin,3,MOVE,admin_console,app_service,admin,application,True,True,False,False,False,transition,legitimate,transition_allowed,,,segmentation
protected-legit-0073,legitimate,protected,admin,4,LEGITIMATE_TASK,app_service,app_service,application,application,True,True,False,False,False,action,none,completed:administer_services,,,permissions
protected-legit-0074,legitimate,protected,service_bot,1,REQUEST_RESOURCE,app_service,internal_api,application,internal,True,True,False,False,False,action,none,request_allowed,,,permissions
protected-legit-0074,legitimate,protected,service_bot,2,REQUEST_RESOURCE,app_service,orders_db,application,database,True,True,False,False,False,action,none,request_allowed,,,permissions
protected-legit-0074,legitimate,protected,service_bot,3,MOVE,app_service,internal_api,application,internal,True,True,False,False,False,transition,legitimate,transition_allowed,,,segmentation
protected-legit-0074,legitimate,protected,service_bot,4,MOVE,internal_api,orders_db,internal,database,True,True,False,False,False,transition,legitimate,transition_allowed,,,segmentation
protected-legit-0074,legitimate,protected,service_bot,5,LEGITIMATE_TASK,orders_db,orders_db,database,database,True,True,False,False,False,action,none,completed:process_orders,,,permissions
protected-legit-0075,legitimate,protected,employee,1,REQUEST_RESOURCE,public_docs,hr_portal,public,application,True,True,False,False,False,action,none,request_allowed,,,permissions
protected-legit-0075,legitimate,protected,employee,2,MOVE,public_docs,hr_portal,public,application,True,True,False,False,False,transition,legitimate,transition_allowed,,,segmentation
protected-legit-0075,legitimate,protected,employee,3,LEGITIMATE_TASK,hr_portal,hr_portal,application,application,True,True,False,False,False,action,none,completed:complete_hr_task,,,permissions
protected-legit-0076,legitimate,protected,admin,1,REQUEST_RESOURCE,admin_console,ops_runbooks,admin,internal,True,True,False,False,False,action,none,request_allowed,,,permissions
protected-legit-0076,legitimate,protected,admin,2,REQUEST_RESOURCE,admin_console,app_service,admin,application,True,True,False,False,False,action,none,request_allowed,,,permissions
protected-legit-0076,legitimate,protected,admin,3,MOVE,admin_console,app_service,admin,application,True,True,False,False,False,transition,legitimate,transition_allowed,,,segmentation
protected-legit-0076,legitimate,protected,admin,4,LEGITIMATE_TASK,app_service,app_service,application,application,True,True,False,False,False,action,none,completed:administer_services,,,permissions
protected-legit-0077,legitimate,protected,service_bot,1,REQUEST_RESOURCE,app_service,internal_api,application,internal,True,True,False,False,False,action,none,request_allowed,,,permissions
protected-legit-0077,legitimate,protected,service_bot,2,REQUEST_RESOURCE,app_service,orders_db,application,database,True,True,False,False,False,action,none,request_allowed,,,permissions
protected-legit-0077,legitimate,protected,service_bot,3,MOVE,app_service,internal_api,application,internal,True,True,False,False,False,transition,legitimate,transition_allowed,,,segmentation
protected-legit-0077,legitimate,protected,service_bot,4,MOVE,internal_api,orders_db,internal,database,True,True,False,False,False,transition,legitimate,transition_allowed,,,segmentation
protected-legit-0077,legitimate,protected,service_bot,5,LEGITIMATE_TASK,orders_db,orders_db,database,database,True,True,False,False,False,action,none,completed:process_orders,,,permissions
protected-legit-0078,legitimate,protected,employee,1,REQUEST_RESOURCE,public_docs,hr_portal,public,application,True,True,False,False,False,action,none,request_allowed,,,permissions
protected-legit-0078,legitimate,protected,employee,2,MOVE,public_docs,hr_portal,public,application,True,True,False,False,False,transition,legitimate,transition_allowed,,,segmentation
protected-legit-0078,legitimate,protected,employee,3,LEGITIMATE_TASK,hr_portal,hr_portal,application,application,True,True,False,False,False,action,none,completed:complete_hr_task,,,permissions
protected-legit-0079,legitimate,protected,admin,1,REQUEST_RESOURCE,admin_console,ops_runbooks,admin,internal,True,True,False,False,False,action,none,request_allowed,,,permissions
protected-legit-0079,legitimate,protected,admin,2,REQUEST_RESOURCE,admin_console,app_service,admin,application,True,True,False,False,False,action,none,request_allowed,,,permissions
protected-legit-0079,legitimate,protected,admin,3,MOVE,admin_console,app_service,admin,application,True,True,False,False,False,transition,legitimate,transition_allowed,,,segmentation
protected-legit-0079,legitimate,protected,admin,4,LEGITIMATE_TASK,app_service,app_service,application,application,True,True,False,False,False,action,none,completed:administer_services,,,permissions
protected-legit-0080,legitimate,protected,service_bot,1,REQUEST_RESOURCE,app_service,internal_api,application,internal,True,True,False,False,False,action,none,request_allowed,,,permissions
protected-legit-0080,legitimate,protected,service_bot,2,REQUEST_RESOURCE,app_service,orders_db,application,database,True,True,False,False,False,action,none,request_allowed,,,permissions
protected-legit-0080,legitimate,protected,service_bot,3,MOVE,app_service,internal_api,application,internal,True,True,False,False,False,transition,legitimate,transition_allowed,,,segmentation
protected-legit-0080,legitimate,protected,service_bot,4,MOVE,internal_api,orders_db,internal,database,True,True,False,False,False,transition,legitimate,transition_allowed,,,segmentation
protected-legit-0080,legitimate,protected,service_bot,5,LEGITIMATE_TASK,orders_db,orders_db,database,database,True,True,False,False,False,action,none,completed:process_orders,,,permissions
protected-legit-0081,legitimate,protected,employee,1,REQUEST_RESOURCE,public_docs,hr_portal,public,application,True,True,False,False,False,action,none,request_allowed,,,permissions
protected-legit-0081,legitimate,protected,employee,2,MOVE,public_docs,hr_portal,public,application,True,True,False,False,False,transition,legitimate,transition_allowed,,,segmentation
protected-legit-0081,legitimate,protected,employee,3,LEGITIMATE_TASK,hr_portal,hr_portal,application,application,True,True,False,False,False,action,none,completed:complete_hr_task,,,permissions
protected-legit-0082,legitimate,protected,admin,1,REQUEST_RESOURCE,admin_console,ops_runbooks,admin,internal,True,True,False,False,False,action,none,request_allowed,,,permissions
protected-legit-0082,legitimate,protected,admin,2,REQUEST_RESOURCE,admin_console,app_service,admin,application,True,True,False,False,False,action,none,request_allowed,,,permissions
protected-legit-0082,legitimate,protected,admin,3,MOVE,admin_console,app_service,admin,application,True,True,False,False,False,transition,legitimate,transition_allowed,,,segmentation
protected-legit-0082,legitimate,protected,admin,4,LEGITIMATE_TASK,app_service,app_service,application,application,True,True,False,False,False,action,none,completed:administer_services,,,permissions
protected-legit-0083,legitimate,protected,service_bot,1,REQUEST_RESOURCE,app_service,internal_api,application,internal,True,True,False,False,False,action,none,request_allowed,,,permissions
protected-legit-0083,legitimate,protected,service_bot,2,REQUEST_RESOURCE,app_service,orders_db,application,database,True,True,False,False,False,action,none,request_allowed,,,permissions
protected-legit-0083,legitimate,protected,service_bot,3,MOVE,app_service,internal_api,application,internal,True,True,False,False,False,transition,legitimate,transition_allowed,,,segmentation
protected-legit-0083,legitimate,protected,service_bot,4,MOVE,internal_api,orders_db,internal,database,True,True,False,False,False,transition,legitimate,transition_allowed,,,segmentation
protected-legit-0083,legitimate,protected,service_bot,5,LEGITIMATE_TASK,orders_db,orders_db,database,database,True,True,False,False,False,action,none,completed:process_orders,,,permissions
protected-legit-0084,legitimate,protected,employee,1,REQUEST_RESOURCE,public_docs,hr_portal,public,application,True,True,False,False,False,action,none,request_allowed,,,permissions
protected-legit-0084,legitimate,protected,employee,2,MOVE,public_docs,hr_portal,public,application,True,True,False,False,False,transition,legitimate,transition_allowed,,,segmentation
protected-legit-0084,legitimate,protected,employee,3,LEGITIMATE_TASK,hr_portal,hr_portal,application,application,True,True,False,False,False,action,none,completed:complete_hr_task,,,permissions
protected-legit-0085,legitimate,protected,admin,1,REQUEST_RESOURCE,admin_console,ops_runbooks,admin,internal,True,True,False,False,False,action,none,request_allowed,,,permissions
protected-legit-0085,legitimate,protected,admin,2,REQUEST_RESOURCE,admin_console,app_service,admin,application,True,True,False,False,False,action,none,request_allowed,,,permissions
protected-legit-0085,legitimate,protected,admin,3,MOVE,admin_console,app_service,admin,application,True,True,False,False,False,transition,legitimate,transition_allowed,,,segmentation
protected-legit-0085,legitimate,protected,admin,4,LEGITIMATE_TASK,app_service,app_service,application,application,True,True,False,False,False,action,none,completed:administer_services,,,permissions
protected-legit-0086,legitimate,protected,service_bot,1,REQUEST_RESOURCE,app_service,internal_api,application,internal,True,True,False,False,False,action,none,request_allowed,,,permissions
protected-legit-0086,legitimate,protected,service_bot,2,REQUEST_RESOURCE,app_service,orders_db,application,database,True,True,False,False,False,action,none,request_allowed,,,permissions
protected-legit-0086,legitimate,protected,service_bot,3,MOVE,app_service,internal_api,application,internal,True,True,False,False,False,transition,legitimate,transition_allowed,,,segmentation
protected-legit-0086,legitimate,protected,service_bot,4,MOVE,internal_api,orders_db,internal,database,True,True,False,False,False,transition,legitimate,transition_allowed,,,segmentation
protected-legit-0086,legitimate,protected,service_bot,5,LEGITIMATE_TASK,orders_db,orders_db,database,database,True,True,False,False,False,action,none,completed:process_orders,,,permissions
protected-legit-0087,legitimate,protected,employee,1,REQUEST_RESOURCE,public_docs,hr_portal,public,application,True,True,False,False,False,action,none,request_allowed,,,permissions
protected-legit-0087,legitimate,protected,employee,2,MOVE,public_docs,hr_portal,public,application,True,True,False,False,False,transition,legitimate,transition_allowed,,,segmentation
protected-legit-0087,legitimate,protected,employee,3,LEGITIMATE_TASK,hr_portal,hr_portal,application,application,True,True,False,False,False,action,none,completed:complete_hr_task,,,permissions
protected-legit-0088,legitimate,protected,admin,1,REQUEST_RESOURCE,admin_console,ops_runbooks,admin,internal,True,True,False,False,False,action,none,request_allowed,,,permissions
protected-legit-0088,legitimate,protected,admin,2,REQUEST_RESOURCE,admin_console,app_service,admin,application,True,True,False,False,False,action,none,request_allowed,,,permissions
protected-legit-0088,legitimate,protected,admin,3,MOVE,admin_console,app_service,admin,application,True,True,False,False,False,transition,legitimate,transition_allowed,,,segmentation
protected-legit-0088,legitimate,protected,admin,4,LEGITIMATE_TASK,app_service,app_service,application,application,True,True,False,False,False,action,none,completed:administer_services,,,permissions
protected-legit-0089,legitimate,protected,service_bot,1,REQUEST_RESOURCE,app_service,internal_api,application,internal,True,True,False,False,False,action,none,request_allowed,,,permissions
protected-legit-0089,legitimate,protected,service_bot,2,REQUEST_RESOURCE,app_service,orders_db,application,database,True,True,False,False,False,action,none,request_allowed,,,permissions
protected-legit-0089,legitimate,protected,service_bot,3,MOVE,app_service,internal_api,application,internal,True,True,False,False,False,transition,legitimate,transition_allowed,,,segmentation
protected-legit-0089,legitimate,protected,service_bot,4,MOVE,internal_api,orders_db,internal,database,True,True,False,False,False,transition,legitimate,transition_allowed,,,segmentation
protected-legit-0089,legitimate,protected,service_bot,5,LEGITIMATE_TASK,orders_db,orders_db,database,database,True,True,False,False,False,action,none,completed:process_orders,,,permissions
protected-legit-0090,legitimate,protected,employee,1,REQUEST_RESOURCE,public_docs,hr_portal,public,application,True,True,False,False,False,action,none,request_allowed,,,permissions
protected-legit-0090,legitimate,protected,employee,2,MOVE,public_docs,hr_portal,public,application,True,True,False,False,False,transition,legitimate,transition_allowed,,,segmentation
protected-legit-0090,legitimate,protected,employee,3,LEGITIMATE_TASK,hr_portal,hr_portal,application,application,True,True,False,False,False,action,none,completed:complete_hr_task,,,permissions
protected-legit-0091,legitimate,protected,admin,1,REQUEST_RESOURCE,admin_console,ops_runbooks,admin,internal,True,True,False,False,False,action,none,request_allowed,,,permissions
protected-legit-0091,legitimate,protected,admin,2,REQUEST_RESOURCE,admin_console,app_service,admin,application,True,True,False,False,False,action,none,request_allowed,,,permissions
protected-legit-0091,legitimate,protected,admin,3,MOVE,admin_console,app_service,admin,application,True,True,False,False,False,transition,legitimate,transition_allowed,,,segmentation
protected-legit-0091,legitimate,protected,admin,4,LEGITIMATE_TASK,app_service,app_service,application,application,True,True,False,False,False,action,none,completed:administer_services,,,permissions
protected-legit-0092,legitimate,protected,service_bot,1,REQUEST_RESOURCE,app_service,internal_api,application,internal,True,True,False,False,False,action,none,request_allowed,,,permissions
protected-legit-0092,legitimate,protected,service_bot,2,REQUEST_RESOURCE,app_service,orders_db,application,database,True,True,False,False,False,action,none,request_allowed,,,permissions
protected-legit-0092,legitimate,protected,service_bot,3,MOVE,app_service,internal_api,application,internal,True,True,False,False,False,transition,legitimate,transition_allowed,,,segmentation
protected-legit-0092,legitimate,protected,service_bot,4,MOVE,internal_api,orders_db,internal,database,True,True,False,False,False,transition,legitimate,transition_allowed,,,segmentation
protected-legit-0092,legitimate,protected,service_bot,5,LEGITIMATE_TASK,orders_db,orders_db,database,database,True,True,False,False,False,action,none,completed:process_orders,,,permissions
protected-legit-0093,legitimate,protected,employee,1,REQUEST_RESOURCE,public_docs,hr_portal,public,application,True,True,False,False,False,action,none,request_allowed,,,permissions
protected-legit-0093,legitimate,protected,employee,2,MOVE,public_docs,hr_portal,public,application,True,True,False,False,False,transition,legitimate,transition_allowed,,,segmentation
protected-legit-0093,legitimate,protected,employee,3,LEGITIMATE_TASK,hr_portal,hr_portal,application,application,True,True,False,False,False,action,none,completed:complete_hr_task,,,permissions
protected-legit-0094,legitimate,protected,admin,1,REQUEST_RESOURCE,admin_console,ops_runbooks,admin,internal,True,True,False,False,False,action,none,request_allowed,,,permissions
protected-legit-0094,legitimate,protected,admin,2,REQUEST_RESOURCE,admin_console,app_service,admin,application,True,True,False,False,False,action,none,request_allowed,,,permissions
protected-legit-0094,legitimate,protected,admin,3,MOVE,admin_console,app_service,admin,application,True,True,False,False,False,transition,legitimate,transition_allowed,,,segmentation
protected-legit-0094,legitimate,protected,admin,4,LEGITIMATE_TASK,app_service,app_service,application,application,True,True,False,False,False,action,none,completed:administer_services,,,permissions
protected-legit-0095,legitimate,protected,service_bot,1,REQUEST_RESOURCE,app_service,internal_api,application,internal,True,True,False,False,False,action,none,request_allowed,,,permissions
protected-legit-0095,legitimate,protected,service_bot,2,REQUEST_RESOURCE,app_service,orders_db,application,database,True,True,False,False,False,action,none,request_allowed,,,permissions
protected-legit-0095,legitimate,protected,service_bot,3,MOVE,app_service,internal_api,application,internal,True,True,False,False,False,transition,legitimate,transition_allowed,,,segmentation
protected-legit-0095,legitimate,protected,service_bot,4,MOVE,internal_api,orders_db,internal,database,True,True,False,False,False,transition,legitimate,transition_allowed,,,segmentation
protected-legit-0095,legitimate,protected,service_bot,5,LEGITIMATE_TASK,orders_db,orders_db,database,database,True,True,False,False,False,action,none,completed:process_orders,,,permissions
protected-legit-0096,legitimate,protected,employee,1,REQUEST_RESOURCE,public_docs,hr_portal,public,application,True,True,False,False,False,action,none,request_allowed,,,permissions
protected-legit-0096,legitimate,protected,employee,2,MOVE,public_docs,hr_portal,public,application,True,True,False,False,False,transition,legitimate,transition_allowed,,,segmentation
protected-legit-0096,legitimate,protected,employee,3,LEGITIMATE_TASK,hr_portal,hr_portal,application,application,True,True,False,False,False,action,none,completed:complete_hr_task,,,permissions
protected-legit-0097,legitimate,protected,admin,1,REQUEST_RESOURCE,admin_console,ops_runbooks,admin,internal,True,True,False,False,False,action,none,request_allowed,,,permissions
protected-legit-0097,legitimate,protected,admin,2,REQUEST_RESOURCE,admin_console,app_service,admin,application,True,True,False,False,False,action,none,request_allowed,,,permissions
protected-legit-0097,legitimate,protected,admin,3,MOVE,admin_console,app_service,admin,application,True,True,False,False,False,transition,legitimate,transition_allowed,,,segmentation
protected-legit-0097,legitimate,protected,admin,4,LEGITIMATE_TASK,app_service,app_service,application,application,True,True,False,False,False,action,none,completed:administer_services,,,permissions
protected-legit-0098,legitimate,protected,service_bot,1,REQUEST_RESOURCE,app_service,internal_api,application,internal,True,True,False,False,False,action,none,request_allowed,,,permissions
protected-legit-0098,legitimate,protected,service_bot,2,REQUEST_RESOURCE,app_service,orders_db,application,database,True,True,False,False,False,action,none,request_allowed,,,permissions
protected-legit-0098,legitimate,protected,service_bot,3,MOVE,app_service,internal_api,application,internal,True,True,False,False,False,transition,legitimate,transition_allowed,,,segmentation
protected-legit-0098,legitimate,protected,service_bot,4,MOVE,internal_api,orders_db,internal,database,True,True,False,False,False,transition,legitimate,transition_allowed,,,segmentation
protected-legit-0098,legitimate,protected,service_bot,5,LEGITIMATE_TASK,orders_db,orders_db,database,database,True,True,False,False,False,action,none,completed:process_orders,,,permissions
protected-legit-0099,legitimate,protected,employee,1,REQUEST_RESOURCE,public_docs,hr_portal,public,application,True,True,False,False,False,action,none,request_allowed,,,permissions
protected-legit-0099,legitimate,protected,employee,2,MOVE,public_docs,hr_portal,public,application,True,True,False,False,False,transition,legitimate,transition_allowed,,,segmentation
protected-legit-0099,legitimate,protected,employee,3,LEGITIMATE_TASK,hr_portal,hr_portal,application,application,True,True,False,False,False,action,none,completed:complete_hr_task,,,permissions
